{"type":"FeatureCollection","metadata":{"source":"data/Rail_Network_Segment_-1920460442717953162.geojson","sourceCrs":"EPSG:2157","outputCrs":"EPSG:4326","inputFeatures":8430,"inputVertices":217226,"sourceComponents":690,"retainedNodes":104284,"mappedPassengerStations":151,"quantizationMeters":2,"simplificationToleranceMeters":12,"stationSnapMaxMeters":600,"lineStrings":8840,"outputVertices":20575},"features":[{"type":"Feature","properties":{},"geometry":{"type":"MultiLineString","coordinates":[[[-9.698401,52.271005],[-9.691502,52.270709]],[[-9.697578,52.270945],[-9.693645,52.270804]],[[-9.697578,52.270945],[-9.698522,52.271112],[-9.693645,52.270804]],[[-9.697578,52.270945],[-9.698638,52.271074],[-9.691502,52.270709]],[[-9.693645,52.270804],[-9.692706,52.270764]],[[-9.693353,52.270826],[-9.69714,52.271761],[-9.694235,52.270903],[-9.693353,52.270826]],[[-9.693353,52.270826],[-9.692706,52.270764]],[[-9.692706,52.270764],[-9.691502,52.270709]],[[-9.691502,52.270709],[-9.643414,52.269249],[-9.640294,52.268879],[-9.636979,52.267972],[-9.634893,52.267048],[-9.633243,52.26601],[-9.631083,52.263846],[-9.624231,52.251949],[-9.622682,52.248033],[-9.621847,52.246804],[-9.620269,52.245297],[-9.617693,52.243732],[-9.615791,52.242967],[-9.598879,52.23775]],[[-9.598879,52.23775],[-9.590824,52.235234]],[[-9.598879,52.23775],[-9.590824,52.235234]],[[-9.590824,52.235234],[-9.576108,52.230667],[-9.573346,52.229553],[-9.57063,52.228079],[-9.567345,52.225426],[-9.556083,52.213978],[-9.555023,52.211278],[-9.55532,52.20721],[-9.554934,52.204537],[-9.55089,52.192616],[-9.547064,52.184378],[-9.546588,52.18246],[-9.546744,52.180211],[-9.547468,52.178331],[-9.548808,52.17648],[-9.55088,52.174691]],[[-9.582951,52.157958],[-9.582926,52.158066]],[[-9.582951,52.157958],[-9.582926,52.158066]],[[-9.582951,52.157958],[-9.583681,52.156294],[-9.584902,52.154462],[-9.590546,52.148776],[-9.591607,52.147377],[-9.592359,52.145533],[-9.592389,52.143106],[-9.591835,52.141495],[-9.590939,52.140141],[-9.583712,52.133262],[-9.58114,52.129952],[-9.579812,52.127076],[-9.578444,52.121448],[-9.576991,52.119167],[-9.575512,52.117802],[-9.573035,52.116325],[-9.571346,52.115628],[-9.568222,52.114825],[-9.565408,52.114502],[-9.543727,52.113332],[-9.539763,52.112719],[-9.525959,52.107846],[-9.524092,52.107025],[-9.52257,52.106056],[-9.52058,52.104212],[-9.519337,52.102016],[-9.517889,52.088587],[-9.517032,52.085703],[-9.515431,52.082379],[-9.513255,52.079297],[-9.509253,52.074853],[-9.507227,52.071877],[-9.505884,52.069251],[-9.50396,52.063217],[-9.503215,52.061878],[-9.501772,52.060602],[-9.500287,52.059793],[-9.498282,52.059172],[-9.495882,52.058897]],[[-9.582926,52.158066],[-9.582407,52.160752],[-9.581791,52.162324],[-9.580788,52.163722],[-9.579088,52.165255],[-9.576307,52.166821],[-9.568218,52.169589]],[[-9.568218,52.169589],[-9.568016,52.169664]],[[-9.568218,52.169589],[-9.568016,52.169664]],[[-9.568016,52.169664],[-9.563011,52.171205],[-9.557369,52.17207]],[[-9.557369,52.17207],[-9.555077,52.172604],[-9.553116,52.173385]],[[-9.557369,52.17207],[-9.553751,52.173143],[-9.55088,52.174691]],[[-9.557369,52.17207],[-9.553722,52.173143],[-9.55088,52.174691]],[[-9.553116,52.173385],[-9.55088,52.174691]],[[-9.511269,53.796467],[-9.510868,53.796292]],[[-9.511269,53.796467],[-9.515106,53.797641],[-9.510868,53.796292]],[[-9.511269,53.796467],[-9.508408,53.795424]],[[-9.510868,53.796292],[-9.506714,53.794745]],[[-9.508408,53.795424],[-9.506714,53.794745]],[[-9.506714,53.794745],[-9.504298,53.793409],[-9.501088,53.791076],[-9.498712,53.789992],[-9.495281,53.789118],[-9.486629,53.787374],[-9.480914,53.787139],[-9.476549,53.786438],[-9.473207,53.786336],[-9.471331,53.78652],[-9.465541,53.78758],[-9.459607,53.78803],[-9.4571,53.788384],[-9.452037,53.789434],[-9.448197,53.790756],[-9.44602,53.791897],[-9.441095,53.795228],[-9.435306,53.798155],[-9.432846,53.79991],[-9.428412,53.804366],[-9.419882,53.810723],[-9.417003,53.811817],[-9.411297,53.812819]],[[-9.501787,52.059289],[-9.497781,52.059016]],[[-9.497781,52.059016],[-9.497167,52.058952]],[[-9.497781,52.059016],[-9.498045,52.059049],[-9.497167,52.058952]],[[-9.497167,52.058952],[-9.496348,52.058891]],[[-9.497167,52.058952],[-9.494682,52.058786]],[[-9.496348,52.058891],[-9.495765,52.058898]],[[-9.496348,52.058891],[-9.494682,52.058786]],[[-9.495882,52.058897],[-9.495765,52.058898]],[[-9.495882,52.058897],[-9.494682,52.058786]],[[-9.495765,52.058898],[-9.494682,52.058786]],[[-9.494682,52.058786],[-9.479337,52.057811],[-9.476639,52.057377],[-9.473391,52.056159],[-9.467084,52.052373],[-9.465461,52.051782],[-9.461903,52.050909],[-9.460573,52.05035],[-9.458964,52.049291],[-9.457902,52.048046],[-9.455148,52.040439],[-9.454312,52.038957],[-9.452067,52.03715],[-9.44938,52.036087],[-9.446158,52.035623],[-9.443945,52.035704],[-9.43341,52.038098],[-9.429371,52.038507],[-9.427006,52.038392],[-9.410907,52.036356],[-9.404255,52.035249],[-9.399705,52.035159]],[[-9.411297,53.812819],[-9.411207,53.812838]],[[-9.411297,53.812819],[-9.411207,53.812838]],[[-9.411207,53.812838],[-9.406948,53.813553]],[[-9.406948,53.813553],[-9.406888,53.813554]],[[-9.406948,53.813553],[-9.406888,53.813554]],[[-9.406888,53.813554],[-9.402915,53.813744],[-9.386145,53.811765],[-9.381096,53.811517],[-9.378124,53.811659],[-9.362207,53.813441],[-9.356926,53.814507],[-9.353471,53.815679],[-9.350898,53.816894],[-9.297312,53.84716],[-9.295266,53.847811],[-9.292355,53.848058],[-9.290496,53.847881],[-9.28731,53.847088]],[[-9.399705,52.035159],[-9.398919,52.035222]],[[-9.399705,52.035159],[-9.398919,52.035222]],[[-9.398919,52.035222],[-9.39314,52.03592],[-9.386868,52.035796],[-9.384658,52.035948],[-9.373067,52.038241],[-9.369265,52.038807],[-9.365688,52.039082],[-9.355026,52.039367],[-9.348112,52.040184],[-9.34565,52.040715],[-9.34317,52.041643],[-9.341623,52.042541],[-9.334819,52.048084],[-9.333472,52.049843],[-9.332952,52.051],[-9.332151,52.055432],[-9.331388,52.05722],[-9.330346,52.058473],[-9.329263,52.059348],[-9.326332,52.060819],[-9.323088,52.061611],[-9.315088,52.062311],[-9.31187,52.062995],[-9.309105,52.064194],[-9.306108,52.066475],[-9.304098,52.067558],[-9.293148,52.070231],[-9.281231,52.074838],[-9.277093,52.076052],[-9.267313,52.077919],[-9.256895,52.078912],[-9.253672,52.079467],[-9.248955,52.080902],[-9.242035,52.083888],[-9.234939,52.08585],[-9.230978,52.086143],[-9.220981,52.085546]],[[-9.28731,53.847088],[-9.281308,53.845625],[-9.270764,53.844712],[-9.266058,53.843881],[-9.262319,53.84286],[-9.245629,53.837571],[-9.238725,53.836348],[-9.23502,53.835416],[-9.225529,53.831936],[-9.222009,53.831056],[-9.217864,53.830612],[-9.207662,53.830823],[-9.204253,53.830642],[-9.200619,53.829995],[-9.19376,53.828105]],[[-9.220981,52.085546],[-9.218497,52.08541]],[[-9.220981,52.085546],[-9.218497,52.08541]],[[-9.220981,52.085546],[-9.211655,52.084959]],[[-9.218497,52.08541],[-9.218233,52.085394]],[[-9.218497,52.08541],[-9.218233,52.085394]],[[-9.218233,52.085394],[-9.217561,52.085347]],[[-9.218233,52.085394],[-9.211655,52.084959]],[[-9.217561,52.085347],[-9.211655,52.084959]],[[-9.211655,52.084959],[-9.204669,52.084527],[-9.200918,52.083972],[-9.189858,52.080686],[-9.180524,52.078623],[-9.16236,52.076915],[-9.084345,52.073596],[-9.081722,52.07371],[-9.079369,52.074145],[-9.071819,52.076875]],[[-9.195428,53.829077],[-9.194837,53.828579],[-9.19376,53.828105]],[[-9.195428,53.829077],[-9.194531,53.82851],[-9.193335,53.828109]],[[-9.195428,53.829077],[-9.196491,53.830109],[-9.19697,53.830931],[-9.197115,53.831756],[-9.196895,53.832567],[-9.185882,53.845006],[-9.179348,53.855837],[-9.178124,53.86205],[-9.176325,53.878099],[-9.175214,53.880788],[-9.173304,53.883215],[-9.16983,53.886269],[-9.166343,53.889969],[-9.156394,53.904283],[-9.154677,53.90606],[-9.148898,53.910627],[-9.147511,53.91224],[-9.146669,53.91374],[-9.146141,53.915578],[-9.146162,53.917429],[-9.148338,53.924616],[-9.148609,53.926716],[-9.14816,53.929219],[-9.148418,53.931984],[-9.147227,53.946284],[-9.14364,53.958845],[-9.138146,53.971964],[-9.136516,53.982655]],[[-9.19376,53.828105],[-9.175144,53.822968],[-9.172287,53.821828],[-9.168211,53.819423]],[[-9.168211,53.819423],[-9.165522,53.817778]],[[-9.168211,53.819423],[-9.165522,53.817778]],[[-9.167946,54.043336],[-9.167788,54.04314]],[[-9.167946,54.043336],[-9.167788,54.04314]],[[-9.167946,54.043336],[-9.170267,54.047663],[-9.171116,54.050711],[-9.171309,54.053243],[-9.167893,54.098046],[-9.167089,54.101002],[-9.165197,54.104417]],[[-9.167788,54.04314],[-9.165355,54.040234],[-9.160826,54.036576],[-9.136068,54.021068],[-9.133625,54.018773],[-9.131967,54.016182],[-9.131174,54.013943],[-9.131045,54.011428],[-9.136516,53.982655]],[[-9.165522,53.817778],[-9.16478,53.8173]],[[-9.165522,53.817778],[-9.16478,53.8173]],[[-9.165197,54.104417],[-9.164551,54.105358]],[[-9.165197,54.104417],[-9.163991,54.106136],[-9.160714,54.109241]],[[-9.16478,53.8173],[-9.163513,53.816521]],[[-9.16478,53.8173],[-9.163513,53.816521]],[[-9.164551,54.105358],[-9.161488,54.108497]],[[-9.164551,54.105358],[-9.163876,54.106371],[-9.160714,54.109241]],[[-9.163513,53.816521],[-9.161844,53.815459]],[[-9.161844,53.815459],[-9.161255,53.815034]],[[-9.161844,53.815459],[-9.161255,53.815034]],[[-9.161488,54.108497],[-9.160714,54.109241]],[[-9.161255,53.815034],[-9.160011,53.813985]],[[-9.160011,53.813985],[-9.159387,53.81338]],[[-9.160011,53.813985],[-9.159387,53.81338]],[[-9.159387,53.81338],[-9.158823,53.812756]],[[-9.158823,53.812756],[-9.158697,53.812614]],[[-9.158823,53.812756],[-9.158697,53.812614]],[[-9.158697,53.812614],[-9.158604,53.812543]],[[-9.158604,53.812543],[-9.158071,53.811919]],[[-9.158604,53.812543],[-9.158071,53.811919]],[[-9.158071,53.811919],[-9.157507,53.811295]],[[-9.157507,53.811295],[-9.156849,53.810547]],[[-9.157507,53.811295],[-9.156849,53.810547]],[[-9.156849,53.810547],[-9.156691,53.810351]],[[-9.156691,53.810351],[-9.156378,53.809994]],[[-9.156691,53.810351],[-9.156378,53.809994]],[[-9.156378,53.809994],[-9.156316,53.809941]],[[-9.156316,53.809941],[-9.155407,53.808925]],[[-9.156316,53.809941],[-9.155407,53.808925]],[[-9.155407,53.808925],[-9.154341,53.807695]],[[-9.155407,53.808925],[-9.154341,53.807695]],[[-9.154341,53.807695],[-9.151238,53.804166],[-9.149712,53.802779],[-9.147422,53.801201],[-9.144374,53.799649],[-9.121857,53.792079],[-9.113438,53.788239],[-9.105208,53.785781],[-9.101158,53.784111],[-9.065259,53.763891],[-9.062265,53.761869],[-9.06006,53.759804]],[[-9.071819,52.076875],[-9.071184,52.077132]],[[-9.071819,52.076875],[-9.071184,52.077132]],[[-9.071819,52.076875],[-9.068028,52.07815],[-9.064603,52.078936]],[[-9.071184,52.077132],[-9.069679,52.077667]],[[-9.071184,52.077132],[-9.067681,52.078297],[-9.064603,52.078936]],[[-9.069679,52.077667],[-9.064603,52.078936]],[[-9.064603,52.078936],[-9.060004,52.079427],[-9.048663,52.079834],[-9.045751,52.080093],[-9.042238,52.080843],[-9.033696,52.083705],[-9.030504,52.084506],[-9.005082,52.086937],[-9.002639,52.0873],[-8.999562,52.088027],[-8.952514,52.103033],[-8.948457,52.104468],[-8.94456,52.106567],[-8.930201,52.116641],[-8.927519,52.11828],[-8.906034,52.1274],[-8.903975,52.128153],[-8.902027,52.128599]],[[-9.06006,53.759804],[-9.060028,53.75975]],[[-9.06006,53.759804],[-9.060028,53.75975]],[[-9.060028,53.75975],[-9.046537,53.746586],[-9.035851,53.738681],[-9.027457,53.733882]],[[-9.046184,53.273256],[-9.044793,53.272765]],[[-9.046184,53.273256],[-9.04452,53.272641]],[[-9.044793,53.272765],[-9.044641,53.272694]],[[-9.044793,53.272765],[-9.045126,53.272888],[-9.043462,53.272291]],[[-9.044641,53.272694],[-9.04452,53.272641]],[[-9.044641,53.272694],[-9.043734,53.27236]],[[-9.04452,53.272641],[-9.043975,53.27243]],[[-9.043975,53.27243],[-9.043794,53.272378]],[[-9.043975,53.27243],[-9.043794,53.272378]],[[-9.043794,53.272378],[-9.043734,53.27236]],[[-9.043794,53.272378],[-9.040471,53.271346]],[[-9.043734,53.27236],[-9.043673,53.272343]],[[-9.043734,53.27236],[-9.043673,53.272343]],[[-9.043673,53.272343],[-9.043462,53.272291]],[[-9.043673,53.272343],[-9.0402,53.271313]],[[-9.043462,53.272291],[-9.041647,53.271642],[-9.039719,53.271281]],[[-9.040471,53.271346],[-9.0402,53.271313]],[[-9.040471,53.271346],[-9.039959,53.271279]],[[-9.0402,53.271313],[-9.039959,53.271279]],[[-9.0402,53.271313],[-9.039719,53.271281]],[[-9.039959,53.271279],[-9.039599,53.271246]],[[-9.039959,53.271279],[-9.039599,53.271246]],[[-9.039719,53.271281],[-9.037443,53.271373],[-9.034044,53.272193]],[[-9.039599,53.271246],[-9.037233,53.271393],[-9.034044,53.272193]],[[-9.039599,53.271246],[-9.036994,53.271413],[-9.034044,53.272193]],[[-9.034044,53.272193],[-9.031834,53.272554],[-9.029019,53.272686],[-9.023364,53.271962],[-9.015495,53.2714],[-9.009434,53.271236],[-9.00362,53.271357],[-8.956366,53.274136],[-8.951551,53.274731],[-8.948177,53.275387]],[[-9.027457,53.733882],[-9.027396,53.733847]],[[-9.027457,53.733882],[-9.027396,53.733847]],[[-9.027396,53.733847],[-9.023159,53.731654],[-9.011493,53.726739]],[[-9.011493,53.726739],[-9.011462,53.726703]],[[-9.011493,53.726739],[-9.011462,53.726703]],[[-9.011462,53.726703],[-9.008859,53.725593],[-9.00726,53.724653]],[[-9.00726,53.724653],[-9.002006,53.72033]],[[-9.00726,53.724653],[-9.00145,53.719921]],[[-9.00726,53.724653],[-9.001912,53.720205],[-9.000652,53.719478]],[[-9.002006,53.72033],[-9.00145,53.719921]],[[-9.00145,53.719921],[-9.000652,53.719478]],[[-9.00145,53.719921],[-8.999827,53.719198]],[[-9.000652,53.719478],[-9.000071,53.719268]],[[-9.000652,53.719478],[-9.000071,53.719268]],[[-9.000071,53.719268],[-8.999827,53.719198]],[[-9.000071,53.719268],[-8.999827,53.719198]],[[-8.999827,53.719198],[-8.997268,53.718626],[-8.993867,53.718295],[-8.976119,53.718674]],[[-8.976119,53.718674],[-8.976028,53.718675]],[[-8.976119,53.718674],[-8.976028,53.718675]],[[-8.976028,53.718675],[-8.952313,53.719189],[-8.947442,53.719516],[-8.907467,53.726277]],[[-8.975495,52.840808],[-8.975468,52.840916]],[[-8.975495,52.840808],[-8.975468,52.840916]],[[-8.975495,52.840808],[-8.975537,52.840035],[-8.975224,52.839301]],[[-8.975495,52.840808],[-8.97547,52.839676],[-8.974325,52.837582]],[[-8.975468,52.840916],[-8.975383,52.841079]],[[-8.975468,52.840916],[-8.975354,52.841133]],[[-8.975383,52.841079],[-8.975354,52.841133]],[[-8.975383,52.841079],[-8.975326,52.841187]],[[-8.975383,52.841079],[-8.975509,52.840071],[-8.975224,52.839301]],[[-8.975354,52.841133],[-8.975326,52.841187]],[[-8.975354,52.841133],[-8.975297,52.841241]],[[-8.975326,52.841187],[-8.975297,52.841241]],[[-8.975297,52.841241],[-8.974456,52.842111],[-8.972048,52.843299],[-8.970646,52.844335],[-8.969808,52.845349],[-8.969273,52.846684],[-8.969525,52.848641],[-8.972437,52.855376],[-8.972349,52.858091],[-8.971159,52.860654],[-8.965493,52.867674],[-8.959637,52.874211],[-8.956565,52.876393],[-8.945679,52.882664],[-8.943805,52.883973],[-8.931976,52.894942],[-8.927504,52.901269],[-8.926458,52.902409],[-8.922998,52.904683],[-8.916129,52.910255],[-8.915064,52.911917],[-8.911532,52.922172],[-8.909712,52.924703],[-8.903518,52.931527],[-8.901198,52.938717],[-8.899754,52.940813],[-8.896901,52.943854]],[[-8.975224,52.839301],[-8.974853,52.838639]],[[-8.975224,52.839301],[-8.974325,52.837582]],[[-8.974853,52.838639],[-8.974325,52.837582]],[[-8.974325,52.837582],[-8.967086,52.824393],[-8.965296,52.822646],[-8.962504,52.821195],[-8.90457,52.802074],[-8.901984,52.801806],[-8.899525,52.801969],[-8.897784,52.802377],[-8.892689,52.804178],[-8.890769,52.804569],[-8.888489,52.804748],[-8.88662,52.804726],[-8.884121,52.804368],[-8.881794,52.80372],[-8.879488,52.802622],[-8.878043,52.801554],[-8.877041,52.800429],[-8.868918,52.784221],[-8.868673,52.782371],[-8.869156,52.776813],[-8.868299,52.773997],[-8.864297,52.76946],[-8.860994,52.767327]],[[-8.948177,53.275387],[-8.921304,53.280757],[-8.916639,53.281386],[-8.912145,53.281618],[-8.908755,53.28159],[-8.852916,53.278839],[-8.830312,53.276159],[-8.824913,53.27607],[-8.819283,53.276504],[-8.815277,53.277143],[-8.809994,53.278473],[-8.764266,53.29391],[-8.758397,53.296212],[-8.752393,53.299395]],[[-8.907467,53.726277],[-8.906138,53.726521]],[[-8.907467,53.726277],[-8.906138,53.726521]],[[-8.906138,53.726521],[-8.859866,53.734303],[-8.856718,53.734487],[-8.827259,53.734766],[-8.82296,53.73503],[-8.819303,53.735612],[-8.808139,53.73833],[-8.791218,53.744517],[-8.787704,53.746338],[-8.773425,53.75637]],[[-8.902027,52.128599],[-8.898585,52.128841]],[[-8.902027,52.128599],[-8.898585,52.128841]],[[-8.902027,52.128599],[-8.897824,52.128793]],[[-8.898585,52.128841],[-8.895281,52.128687]],[[-8.898585,52.128841],[-8.894492,52.128657]],[[-8.897824,52.128793],[-8.895281,52.128687]],[[-8.896901,52.943854],[-8.896843,52.943909]],[[-8.896901,52.943854],[-8.896843,52.943909]],[[-8.896843,52.943909],[-8.890318,52.950771],[-8.885979,52.953985],[-8.885017,52.954999],[-8.880436,52.962438],[-8.876085,52.968115],[-8.874875,52.970137],[-8.87417,52.972084],[-8.871802,52.981646],[-8.87174,52.984505],[-8.872171,52.988133],[-8.871933,52.991118],[-8.872796,52.994024],[-8.873013,52.995946],[-8.872692,52.997728],[-8.871661,52.999802],[-8.86915,53.002391],[-8.864177,53.005519],[-8.861073,53.008292],[-8.85951,53.010604],[-8.855504,53.019028],[-8.853999,53.021285],[-8.851986,53.023547],[-8.848965,53.026067],[-8.842019,53.030664],[-8.839585,53.032766],[-8.837891,53.03463],[-8.836528,53.036599],[-8.833825,53.041795],[-8.832103,53.043748],[-8.828202,53.047208],[-8.826772,53.048872],[-8.817093,53.063858],[-8.815868,53.065359]],[[-8.895281,52.128687],[-8.894492,52.128657]],[[-8.894492,52.128657],[-8.877005,52.127745]],[[-8.877005,52.127745],[-8.875748,52.127701]],[[-8.877005,52.127745],[-8.875748,52.127701]],[[-8.875748,52.127701],[-8.874083,52.127695]],[[-8.875748,52.127701],[-8.874083,52.127695]],[[-8.874083,52.127695],[-8.873616,52.127699]],[[-8.873616,52.127699],[-8.871748,52.127784]],[[-8.873616,52.127699],[-8.871748,52.127784]],[[-8.871748,52.127784],[-8.864627,52.128088]],[[-8.871748,52.127784],[-8.864627,52.128088]],[[-8.864627,52.128088],[-8.863313,52.128152]],[[-8.864627,52.128088],[-8.863313,52.128152]],[[-8.863313,52.128152],[-8.862204,52.128196]],[[-8.862204,52.128196],[-8.859286,52.128325]],[[-8.862204,52.128196],[-8.859286,52.128325]],[[-8.860994,52.767327],[-8.857727,52.765445]],[[-8.860994,52.767327],[-8.857727,52.765445]],[[-8.859286,52.128325],[-8.856688,52.128434]],[[-8.859286,52.128325],[-8.856688,52.128434]],[[-8.857727,52.765445],[-8.842442,52.756585],[-8.840321,52.755683],[-8.806575,52.744538],[-8.784264,52.737623]],[[-8.856688,52.128434],[-8.855783,52.128477]],[[-8.855783,52.128477],[-8.852602,52.128625]],[[-8.855783,52.128477],[-8.852602,52.128625]],[[-8.852602,52.128625],[-8.850208,52.128715]],[[-8.850208,52.128715],[-8.847086,52.128863]],[[-8.850208,52.128715],[-8.847086,52.128863]],[[-8.847086,52.128863],[-8.846619,52.128884]],[[-8.846619,52.128884],[-8.845218,52.128948]],[[-8.846619,52.128884],[-8.845218,52.128948]],[[-8.845218,52.128948],[-8.844196,52.128992]],[[-8.845218,52.128948],[-8.844196,52.128992]],[[-8.844196,52.128992],[-8.843116,52.129035]],[[-8.844196,52.128992],[-8.843116,52.129035]],[[-8.843116,52.129035],[-8.841073,52.129122]],[[-8.841073,52.129122],[-8.837103,52.129294]],[[-8.841073,52.129122],[-8.837103,52.129294]],[[-8.837103,52.129294],[-8.836666,52.129315]],[[-8.836666,52.129315],[-8.83579,52.129339]],[[-8.836666,52.129315],[-8.83579,52.129339]],[[-8.83579,52.129339],[-8.835381,52.129342]],[[-8.83579,52.129339],[-8.835381,52.129342]],[[-8.835381,52.129342],[-8.834972,52.129345]],[[-8.834972,52.129345],[-8.832253,52.129238]],[[-8.834972,52.129345],[-8.832253,52.129238]],[[-8.832253,52.129238],[-8.832224,52.129238]],[[-8.832224,52.129238],[-8.832166,52.129239]],[[-8.832224,52.129238],[-8.832166,52.129239]],[[-8.832166,52.129239],[-8.83158,52.129189]],[[-8.83158,52.129189],[-8.82789,52.128658]],[[-8.83158,52.129189],[-8.82789,52.128658]],[[-8.82789,52.128658],[-8.827274,52.128536]],[[-8.827274,52.128536],[-8.826159,52.128274]],[[-8.827274,52.128536],[-8.826159,52.128274]],[[-8.826159,52.128274],[-8.825602,52.128134]],[[-8.825602,52.128134],[-8.824515,52.127818]],[[-8.825602,52.128134],[-8.824515,52.127818]],[[-8.824515,52.127818],[-8.822751,52.127219]],[[-8.824515,52.127818],[-8.822751,52.127219]],[[-8.822751,52.127219],[-8.822693,52.127202]],[[-8.822751,52.127219],[-8.822693,52.127202]],[[-8.822693,52.127202],[-8.822398,52.127078]],[[-8.822693,52.127202],[-8.822398,52.127078]],[[-8.822398,52.127078],[-8.82128,52.126618]],[[-8.822398,52.127078],[-8.82128,52.126618]],[[-8.82128,52.126618],[-8.815186,52.124018]],[[-8.82128,52.126618],[-8.815186,52.124018]],[[-8.815868,53.065359],[-8.815341,53.065884]],[[-8.815341,53.065884],[-8.812382,53.068834]],[[-8.815341,53.065884],[-8.812382,53.068834]],[[-8.815341,53.065884],[-8.812382,53.068834]],[[-8.815186,52.124018],[-8.813743,52.123399]],[[-8.815186,52.124018],[-8.813743,52.123399]],[[-8.814473,53.157437],[-8.816714,53.155804],[-8.818854,53.153524],[-8.820014,53.151611],[-8.820668,53.149881],[-8.822568,53.139766],[-8.821853,53.135205],[-8.821951,53.124653],[-8.818519,53.113873],[-8.817424,53.106565],[-8.816729,53.104539],[-8.815098,53.101997],[-8.805663,53.090953],[-8.804575,53.088696],[-8.804239,53.086667],[-8.804527,53.084508],[-8.808098,53.074345],[-8.809457,53.071981],[-8.812382,53.068834]],[[-8.814473,53.157437],[-8.812343,53.158673],[-8.809109,53.160062],[-8.760415,53.176614],[-8.755165,53.179217],[-8.751058,53.182209],[-8.749116,53.184073],[-8.747358,53.186223],[-8.74605,53.18846],[-8.74516,53.190623],[-8.740813,53.204077],[-8.740462,53.206308],[-8.740396,53.211125],[-8.740017,53.213465],[-8.739104,53.216077],[-8.736319,53.22136],[-8.735904,53.223322],[-8.735906,53.225174]],[[-8.813743,52.123399],[-8.806679,52.120373]],[[-8.813743,52.123399],[-8.806679,52.120373]],[[-8.806679,52.120373],[-8.806061,52.120126]],[[-8.806061,52.120126],[-8.8016,52.118897]],[[-8.806061,52.120126],[-8.804004,52.119438],[-8.8016,52.118897]],[[-8.8016,52.118897],[-8.800663,52.11876]],[[-8.800663,52.11876],[-8.800487,52.118725]],[[-8.800663,52.11876],[-8.800487,52.118725]],[[-8.800487,52.118725],[-8.799112,52.118573]],[[-8.800487,52.118725],[-8.799112,52.118573]],[[-8.799112,52.118573],[-8.798001,52.118508]],[[-8.798001,52.118508],[-8.796657,52.118482]],[[-8.798001,52.118508],[-8.796657,52.118482]],[[-8.796657,52.118482],[-8.795664,52.118488]],[[-8.795664,52.118488],[-8.789069,52.118802]],[[-8.795664,52.118488],[-8.789069,52.118802]],[[-8.789069,52.118802],[-8.738731,52.121178],[-8.735106,52.120985],[-8.707613,52.11851],[-8.703144,52.118483],[-8.699094,52.119082],[-8.689092,52.121964],[-8.684668,52.12296],[-8.68009,52.123418],[-8.663745,52.124177],[-8.661734,52.124458],[-8.659873,52.125079],[-8.658397,52.125968],[-8.657361,52.127035],[-8.656937,52.128008]],[[-8.784264,52.737623],[-8.775062,52.734772],[-8.772466,52.733656],[-8.770184,52.731873],[-8.768869,52.729509]],[[-8.773425,53.75637],[-8.773365,53.756406]],[[-8.773425,53.75637],[-8.773365,53.756406]],[[-8.773365,53.756406],[-8.770212,53.758116],[-8.766416,53.759524]],[[-8.770266,52.723064],[-8.769533,52.725154]],[[-8.770266,52.723064],[-8.769533,52.725154]],[[-8.770266,52.723064],[-8.771775,52.718003],[-8.771471,52.707453],[-8.770741,52.704654],[-8.771344,52.701935],[-8.770667,52.700466],[-8.769048,52.699308],[-8.76227,52.6975],[-8.74937,52.692333],[-8.745894,52.69151],[-8.743702,52.691344],[-8.704738,52.691349],[-8.702318,52.691687],[-8.696307,52.693268],[-8.694033,52.693515],[-8.691459,52.693476],[-8.662836,52.68875],[-8.659,52.687459],[-8.654763,52.685038],[-8.651695,52.683617],[-8.649079,52.682714],[-8.646467,52.682081],[-8.642969,52.681543],[-8.640304,52.681342],[-8.631494,52.681641],[-8.629419,52.681382],[-8.625146,52.680398],[-8.622497,52.679262],[-8.606371,52.670195],[-8.604996,52.66916],[-8.603104,52.66703],[-8.600625,52.665191],[-8.599455,52.664011],[-8.598514,52.662164],[-8.598346,52.660727],[-8.599913,52.654265],[-8.6007,52.653416],[-8.602433,52.652653],[-8.604322,52.652445],[-8.605862,52.652671]],[[-8.769533,52.725154],[-8.768941,52.726884]],[[-8.769533,52.725154],[-8.768941,52.726884]],[[-8.768941,52.726884],[-8.768698,52.728216]],[[-8.768941,52.726884],[-8.768698,52.728216]],[[-8.768869,52.729509],[-8.768698,52.728216]],[[-8.768869,52.729509],[-8.768698,52.728216]],[[-8.766416,53.759524],[-8.766326,53.759543]],[[-8.766416,53.759524],[-8.766326,53.759543]],[[-8.766326,53.759543],[-8.762194,53.760845]],[[-8.762194,53.760845],[-8.76156,53.761029]],[[-8.762194,53.760845],[-8.76156,53.761029]],[[-8.762194,53.760845],[-8.758022,53.761609],[-8.754807,53.761611]],[[-8.76156,53.761029],[-8.759747,53.761418]],[[-8.76156,53.761029],[-8.759747,53.761418]],[[-8.759747,53.761418],[-8.758416,53.761588]],[[-8.759747,53.761418],[-8.758416,53.761588]],[[-8.758416,53.761588],[-8.758234,53.761607]],[[-8.758416,53.761588],[-8.758234,53.761607]],[[-8.758234,53.761607],[-8.755445,53.761679]],[[-8.758234,53.761607],[-8.755445,53.761679]],[[-8.755445,53.761679],[-8.754807,53.761611]],[[-8.755445,53.761679],[-8.751857,53.76118]],[[-8.754807,53.761611],[-8.751857,53.76118]],[[-8.754807,53.761611],[-8.751857,53.76118]],[[-8.75396,53.298073],[-8.753901,53.298146]],[[-8.75396,53.298073],[-8.753901,53.298146]],[[-8.75396,53.298073],[-8.755193,53.296538],[-8.755829,53.295204],[-8.756128,53.293458],[-8.755826,53.291627],[-8.745944,53.270227]],[[-8.753901,53.298146],[-8.753487,53.298472]],[[-8.753487,53.298472],[-8.753073,53.298852]],[[-8.753487,53.298472],[-8.753073,53.298852]],[[-8.753073,53.298852],[-8.752393,53.299395]],[[-8.752393,53.299395],[-8.751531,53.299868]],[[-8.751857,53.76118],[-8.749576,53.760835]],[[-8.751857,53.76118],[-8.749576,53.760835]],[[-8.751531,53.299868],[-8.74862,53.301576]],[[-8.751531,53.299868],[-8.747729,53.302103]],[[-8.751531,53.299868],[-8.746453,53.302884]],[[-8.749576,53.760835],[-8.746112,53.760515],[-8.733949,53.7605]],[[-8.74862,53.301576],[-8.747729,53.302103]],[[-8.747729,53.302103],[-8.745829,53.303229]],[[-8.747729,53.302103],[-8.74559,53.303321]],[[-8.746453,53.302884],[-8.745829,53.303229]],[[-8.746453,53.302884],[-8.74559,53.303321]],[[-8.745944,53.270227],[-8.745635,53.269726]],[[-8.745944,53.270227],[-8.745635,53.269726]],[[-8.745829,53.303229],[-8.745026,53.303666]],[[-8.745635,53.269726],[-8.745113,53.26901]],[[-8.74559,53.303321],[-8.745026,53.303666]],[[-8.745113,53.26901],[-8.744712,53.268348]],[[-8.745113,53.26901],[-8.744712,53.268348]],[[-8.745026,53.303666],[-8.737093,53.308244],[-8.731496,53.310867],[-8.724273,53.31323],[-8.719729,53.314282],[-8.715509,53.31499],[-8.66963,53.319696],[-8.661476,53.320371],[-8.606345,53.321311]],[[-8.744712,53.268348],[-8.743626,53.264544],[-8.743607,53.261668],[-8.74417,53.25958],[-8.747906,53.252097],[-8.748256,53.24983],[-8.748039,53.247674],[-8.7449,53.237772],[-8.742753,53.234909],[-8.739226,53.231893],[-8.737637,53.230052],[-8.736739,53.228386],[-8.735906,53.225174]],[[-8.733949,53.7605],[-8.733858,53.760501]],[[-8.733949,53.7605],[-8.733858,53.760501]],[[-8.733858,53.760501],[-8.702404,53.760492],[-8.672743,53.756852],[-8.663828,53.755068],[-8.661032,53.75467],[-8.632441,53.753171],[-8.630199,53.753326],[-8.627325,53.753791],[-8.609822,53.757638],[-8.606373,53.758212],[-8.594006,53.758795],[-8.564699,53.762657],[-8.521191,53.766701],[-8.515426,53.766618],[-8.503151,53.764962],[-8.497382,53.764501],[-8.493825,53.763797],[-8.487556,53.762097]],[[-8.695318,52.214189],[-8.69507,52.213292]],[[-8.695318,52.214189],[-8.69507,52.213292]],[[-8.695318,52.214189],[-8.695464,52.215986],[-8.695196,52.21757],[-8.692323,52.222962]],[[-8.695318,52.214189],[-8.695493,52.215986],[-8.695281,52.217425],[-8.694775,52.218723],[-8.692323,52.222962]],[[-8.69507,52.213292],[-8.694919,52.212969]],[[-8.69507,52.213292],[-8.694888,52.212843]],[[-8.694919,52.212969],[-8.694888,52.212843]],[[-8.694919,52.212969],[-8.694166,52.211607]],[[-8.694919,52.212969],[-8.695432,52.215842],[-8.69525,52.217282],[-8.694603,52.218957],[-8.678971,52.245727]],[[-8.694888,52.212843],[-8.694827,52.2127]],[[-8.694888,52.212843],[-8.694827,52.2127]],[[-8.694827,52.2127],[-8.694166,52.211607]],[[-8.694827,52.2127],[-8.693299,52.210444]],[[-8.694166,52.211607],[-8.693299,52.210444]],[[-8.694166,52.211607],[-8.692883,52.210033]],[[-8.693299,52.210444],[-8.692883,52.210033]],[[-8.693299,52.210444],[-8.690955,52.208372],[-8.687914,52.206628],[-8.685902,52.205165],[-8.684475,52.2037],[-8.683187,52.201783]],[[-8.692883,52.210033],[-8.690867,52.208355]],[[-8.692883,52.210033],[-8.690867,52.208355]],[[-8.692323,52.222962],[-8.688359,52.229745]],[[-8.692323,52.222962],[-8.688359,52.229745]],[[-8.690867,52.208355],[-8.689361,52.207464]],[[-8.690867,52.208355],[-8.689361,52.207464]],[[-8.689361,52.207464],[-8.687175,52.206165]],[[-8.689361,52.207464],[-8.687175,52.206165]],[[-8.688359,52.229745],[-8.688331,52.229799]],[[-8.688331,52.229799],[-8.68719,52.231747]],[[-8.688331,52.229799],[-8.68719,52.231747]],[[-8.68719,52.231747],[-8.685421,52.234777]],[[-8.68719,52.231747],[-8.685421,52.234777]],[[-8.687175,52.206165],[-8.684744,52.204058],[-8.683187,52.201783]],[[-8.687175,52.206165],[-8.685606,52.204951],[-8.683759,52.202823],[-8.682671,52.200582],[-8.682317,52.198463]],[[-8.685421,52.234777],[-8.684366,52.236599]],[[-8.685421,52.234777],[-8.684366,52.236599]],[[-8.684366,52.236599],[-8.683339,52.238349]],[[-8.684366,52.236599],[-8.683339,52.238349]],[[-8.683339,52.238349],[-8.683167,52.238638]],[[-8.683339,52.238349],[-8.683167,52.238638]],[[-8.683187,52.201783],[-8.682823,52.200941]],[[-8.683187,52.201783],[-8.682823,52.200941]],[[-8.683167,52.238638],[-8.682083,52.240478]],[[-8.683167,52.238638],[-8.682083,52.240478]],[[-8.682835,52.194109],[-8.6828,52.193714]],[[-8.682835,52.194109],[-8.68279,52.194936]],[[-8.682835,52.194109],[-8.68279,52.194936]],[[-8.682823,52.200941],[-8.682483,52.199756]],[[-8.682823,52.200941],[-8.682483,52.199756]],[[-8.6828,52.193714],[-8.682765,52.193354]],[[-8.6828,52.193714],[-8.682765,52.193354]],[[-8.68279,52.194936],[-8.682657,52.195818]],[[-8.682765,52.193354],[-8.682736,52.193319]],[[-8.682765,52.193354],[-8.682575,52.192385]],[[-8.682736,52.193319],[-8.68267,52.19287]],[[-8.682736,52.193319],[-8.682549,52.19643]],[[-8.68267,52.19287],[-8.682575,52.192385]],[[-8.68267,52.19287],[-8.682421,52.1919]],[[-8.682657,52.195818],[-8.68255,52.196502]],[[-8.682657,52.195818],[-8.682549,52.19643]],[[-8.682575,52.192385],[-8.682421,52.1919]],[[-8.682575,52.192385],[-8.682117,52.191111]],[[-8.682551,52.196538],[-8.68255,52.196502]],[[-8.682551,52.196538],[-8.682441,52.197024]],[[-8.682551,52.196538],[-8.682341,52.198103]],[[-8.68255,52.196502],[-8.682549,52.19643]],[[-8.682549,52.19643],[-8.682441,52.197024]],[[-8.682483,52.199756],[-8.682385,52.199109]],[[-8.682483,52.199756],[-8.682385,52.199109]],[[-8.682441,52.197024],[-8.682341,52.198103]],[[-8.682441,52.197024],[-8.682317,52.198463]],[[-8.682421,52.1919],[-8.682117,52.191111]],[[-8.682421,52.1919],[-8.681516,52.190108],[-8.677397,52.184684]],[[-8.682385,52.199109],[-8.682351,52.198786]],[[-8.682351,52.198786],[-8.682341,52.198103]],[[-8.682351,52.198786],[-8.682317,52.198463]],[[-8.682341,52.198103],[-8.682317,52.198463]],[[-8.682117,52.191111],[-8.681876,52.190645]],[[-8.682083,52.240478],[-8.681598,52.241307]],[[-8.682083,52.240478],[-8.681598,52.241307]],[[-8.681876,52.190645],[-8.677397,52.184648]],[[-8.681876,52.190645],[-8.677397,52.184684]],[[-8.681598,52.241307],[-8.680542,52.243129]],[[-8.681598,52.241307],[-8.680542,52.243129]],[[-8.680608,52.2857],[-8.680269,52.286582]],[[-8.680608,52.2857],[-8.680904,52.282102],[-8.680127,52.279176],[-8.678564,52.276651],[-8.671958,52.268149]],[[-8.680608,52.2857],[-8.680935,52.284116],[-8.680934,52.282102],[-8.680156,52.279176],[-8.678923,52.277098],[-8.671808,52.267862]],[[-8.680542,52.243129],[-8.679257,52.245258]],[[-8.680542,52.243129],[-8.679257,52.245258]],[[-8.680269,52.286582],[-8.679645,52.287934]],[[-8.680269,52.286582],[-8.679645,52.287934]],[[-8.679645,52.287934],[-8.67953,52.288043]],[[-8.679645,52.287934],[-8.67953,52.288079]],[[-8.67953,52.288043],[-8.67953,52.288079]],[[-8.67953,52.288043],[-8.678871,52.289035]],[[-8.67953,52.288043],[-8.680578,52.2857],[-8.680877,52.284116],[-8.680839,52.281671],[-8.680341,52.279768],[-8.678564,52.276669],[-8.671958,52.268149]],[[-8.67953,52.288079],[-8.679415,52.288241]],[[-8.679415,52.288241],[-8.678871,52.289035]],[[-8.679415,52.288241],[-8.678383,52.289721]],[[-8.679257,52.245258],[-8.678971,52.245727]],[[-8.678971,52.245727],[-8.678286,52.246935]],[[-8.678971,52.245727],[-8.678286,52.246935]],[[-8.678871,52.289035],[-8.678383,52.289721]],[[-8.678871,52.289035],[-8.67732,52.291202]],[[-8.678383,52.289721],[-8.67732,52.291202]],[[-8.678383,52.289721],[-8.675312,52.294107]],[[-8.678286,52.246935],[-8.677402,52.248469]],[[-8.678286,52.246935],[-8.677402,52.248469]],[[-8.678286,52.246935],[-8.677372,52.248469]],[[-8.677402,52.248469],[-8.677373,52.248505]],[[-8.677402,52.248469],[-8.677372,52.248469]],[[-8.677397,52.184648],[-8.677397,52.184684]],[[-8.677397,52.184648],[-8.670532,52.175501],[-8.665721,52.162728]],[[-8.677397,52.184648],[-8.671519,52.176969],[-8.67023,52.174855],[-8.665781,52.162835],[-8.663552,52.154452],[-8.662709,52.152785]],[[-8.677397,52.184684],[-8.670443,52.175393],[-8.665721,52.162728]],[[-8.677373,52.248505],[-8.677372,52.248469]],[[-8.677373,52.248505],[-8.676718,52.249731]],[[-8.677372,52.248469],[-8.676433,52.250254]],[[-8.67732,52.291202],[-8.677292,52.291256]],[[-8.67732,52.291202],[-8.677292,52.291256]],[[-8.677292,52.291256],[-8.675312,52.294107]],[[-8.677292,52.291256],[-8.674451,52.295317]],[[-8.676718,52.249731],[-8.676433,52.250254]],[[-8.676718,52.249731],[-8.676091,52.250903]],[[-8.676433,52.250254],[-8.676091,52.250903]],[[-8.676433,52.250254],[-8.675806,52.251408]],[[-8.676091,52.250903],[-8.675892,52.251282]],[[-8.676091,52.250903],[-8.675892,52.251282]],[[-8.675892,52.251282],[-8.675864,52.251336]],[[-8.675864,52.251336],[-8.675806,52.251408]],[[-8.675864,52.251336],[-8.674924,52.253103]],[[-8.675806,52.251408],[-8.674924,52.253103]],[[-8.675806,52.251408],[-8.67461,52.253662]],[[-8.675312,52.294107],[-8.674451,52.295317]],[[-8.675312,52.294107],[-8.672156,52.298638]],[[-8.674924,52.253103],[-8.67461,52.253662]],[[-8.67461,52.253662],[-8.674325,52.254203]],[[-8.67461,52.253662],[-8.674325,52.254203]],[[-8.67461,52.253662],[-8.671361,52.259631],[-8.670655,52.261415],[-8.670416,52.263016],[-8.670528,52.264652],[-8.670993,52.266339],[-8.671958,52.268149]],[[-8.674451,52.295317],[-8.672156,52.298638]],[[-8.674451,52.295317],[-8.66248,52.312409]],[[-8.674325,52.254203],[-8.673728,52.255357]],[[-8.674325,52.254203],[-8.673728,52.255357]],[[-8.673728,52.255357],[-8.67142,52.259649],[-8.670608,52.262188],[-8.670587,52.264669],[-8.671808,52.267862]],[[-8.673728,52.255357],[-8.67139,52.259631],[-8.67058,52.262224],[-8.670558,52.264669],[-8.671022,52.266321],[-8.671808,52.267862]],[[-8.672156,52.298638],[-8.671209,52.300009]],[[-8.672156,52.298638],[-8.671209,52.300009]],[[-8.671958,52.268149],[-8.671808,52.267862]],[[-8.671209,52.300009],[-8.67118,52.300045]],[[-8.671209,52.300009],[-8.67118,52.300045]],[[-8.67118,52.300045],[-8.666816,52.306272]],[[-8.67118,52.300045],[-8.666816,52.306272]],[[-8.666816,52.306272],[-8.66248,52.312409]],[[-8.666816,52.306272],[-8.65777,52.319195],[-8.656769,52.320962],[-8.656323,52.322511],[-8.656261,52.324273],[-8.657846,52.33025]],[[-8.665721,52.162728],[-8.663616,52.154847]],[[-8.665721,52.162728],[-8.663616,52.154847]],[[-8.663616,52.154847],[-8.663524,52.15456]],[[-8.663616,52.154847],[-8.663524,52.15456]],[[-8.663524,52.15456],[-8.66325,52.153825]],[[-8.663524,52.15456],[-8.66325,52.153825]],[[-8.66325,52.153825],[-8.663069,52.153448]],[[-8.66325,52.153825],[-8.663069,52.153448]],[[-8.663069,52.153448],[-8.662709,52.152785]],[[-8.663069,52.153448],[-8.657779,52.145532]],[[-8.662709,52.152785],[-8.661185,52.150528]],[[-8.662709,52.152785],[-8.661185,52.150528]],[[-8.66248,52.312409],[-8.661963,52.313149]],[[-8.66248,52.312409],[-8.661963,52.313149]],[[-8.661963,52.313149],[-8.660986,52.314557]],[[-8.661963,52.313149],[-8.660986,52.314557]],[[-8.661185,52.150528],[-8.657779,52.145532]],[[-8.661185,52.150528],[-8.657271,52.144726]],[[-8.660986,52.314557],[-8.660958,52.314593]],[[-8.660986,52.314557],[-8.660958,52.314593]],[[-8.660958,52.314593],[-8.658918,52.317499]],[[-8.660958,52.314593],[-8.658918,52.317499]],[[-8.659681,52.337251],[-8.659593,52.339229]],[[-8.659681,52.337251],[-8.659489,52.336174]],[[-8.659681,52.337251],[-8.659489,52.336174]],[[-8.659681,52.337251],[-8.659564,52.339229],[-8.658745,52.341373],[-8.657652,52.342925],[-8.655311,52.345365]],[[-8.6596,52.114456],[-8.659599,52.112424]],[[-8.6596,52.114456],[-8.659594,52.114096]],[[-8.6596,52.114456],[-8.658101,52.121763]],[[-8.6596,52.114456],[-8.658101,52.121763]],[[-8.659599,52.112424],[-8.659594,52.114096]],[[-8.659599,52.112424],[-8.659004,52.109713]],[[-8.659599,52.112424],[-8.658422,52.107847],[-8.656657,52.104944]],[[-8.659594,52.114096],[-8.659471,52.11167],[-8.659004,52.109713]],[[-8.659594,52.114096],[-8.657305,52.125219],[-8.655657,52.136321]],[[-8.659593,52.339229],[-8.659483,52.339697]],[[-8.659593,52.339229],[-8.659483,52.339697]],[[-8.659593,52.339229],[-8.659642,52.336604],[-8.657846,52.33025]],[[-8.659489,52.336174],[-8.659334,52.335581]],[[-8.659489,52.336174],[-8.659334,52.335581]],[[-8.659483,52.339697],[-8.659455,52.339787]],[[-8.659483,52.339697],[-8.659455,52.339787]],[[-8.659455,52.339787],[-8.659088,52.34076]],[[-8.659455,52.339787],[-8.659088,52.34076]],[[-8.659334,52.335581],[-8.658993,52.334397]],[[-8.659334,52.335581],[-8.658993,52.334397]],[[-8.659088,52.34076],[-8.658574,52.341716]],[[-8.659088,52.34076],[-8.658574,52.341716]],[[-8.659004,52.109713],[-8.658667,52.108654]],[[-8.659004,52.109713],[-8.658667,52.108654]],[[-8.658993,52.334397],[-8.657846,52.33025]],[[-8.658993,52.334397],[-8.657507,52.329174]],[[-8.658918,52.317499],[-8.658746,52.317751]],[[-8.658918,52.317499],[-8.658746,52.317751]],[[-8.658746,52.317751],[-8.658573,52.317986]],[[-8.658667,52.108654],[-8.658091,52.107219]],[[-8.658667,52.108654],[-8.658091,52.107219]],[[-8.658574,52.341716],[-8.658401,52.341986]],[[-8.658574,52.341716],[-8.658401,52.341986]],[[-8.658573,52.317986],[-8.657482,52.319556]],[[-8.658573,52.317986],[-8.657482,52.319556]],[[-8.658401,52.341986],[-8.657739,52.342853]],[[-8.658401,52.341986],[-8.657739,52.342853]],[[-8.658101,52.121763],[-8.657719,52.123545]],[[-8.658101,52.121763],[-8.657719,52.123545]],[[-8.658091,52.107219],[-8.657372,52.105947]],[[-8.658091,52.107219],[-8.657372,52.105947]],[[-8.657846,52.33025],[-8.657507,52.329174]],[[-8.657779,52.145532],[-8.657271,52.144726]],[[-8.657779,52.145532],[-8.656644,52.14383]],[[-8.657739,52.342853],[-8.655919,52.344787]],[[-8.657739,52.342853],[-8.655919,52.344787]],[[-8.657719,52.123545],[-8.656855,52.128368]],[[-8.657719,52.123545],[-8.656772,52.128692]],[[-8.657507,52.329174],[-8.657445,52.32894]],[[-8.657507,52.329174],[-8.657445,52.32894]],[[-8.657482,52.319556],[-8.657195,52.320025]],[[-8.657482,52.319556],[-8.657195,52.320025]],[[-8.657445,52.32894],[-8.657352,52.328617]],[[-8.657445,52.32894],[-8.657352,52.328617]],[[-8.657372,52.105947],[-8.656657,52.104944]],[[-8.657372,52.105947],[-8.656509,52.104801]],[[-8.657352,52.328617],[-8.656579,52.325943]],[[-8.657352,52.328617],[-8.656579,52.325943]],[[-8.657271,52.144726],[-8.656372,52.14322]],[[-8.657271,52.144726],[-8.656282,52.143059]],[[-8.657195,52.320025],[-8.657081,52.320241]],[[-8.657195,52.320025],[-8.657081,52.320241]],[[-8.657081,52.320241],[-8.656264,52.322511],[-8.656297,52.32474]],[[-8.657081,52.320241],[-8.656293,52.322511],[-8.656297,52.32474]],[[-8.656937,52.128008],[-8.656855,52.128368]],[[-8.656937,52.128008],[-8.656772,52.128692]],[[-8.656855,52.128368],[-8.656004,52.134054]],[[-8.656772,52.128692],[-8.656004,52.134054]],[[-8.656657,52.104944],[-8.656509,52.104801]],[[-8.656657,52.104944],[-8.654818,52.103031],[-8.650061,52.099084]],[[-8.656644,52.14383],[-8.656372,52.14322]],[[-8.656644,52.14383],[-8.655425,52.140439]],[[-8.656579,52.325943],[-8.656329,52.32492]],[[-8.656579,52.325943],[-8.656329,52.32492]],[[-8.656509,52.104801],[-8.656419,52.104694]],[[-8.656509,52.104801],[-8.656419,52.104694]],[[-8.656419,52.104694],[-8.655618,52.103835]],[[-8.656419,52.104694],[-8.655618,52.103835]],[[-8.656372,52.14322],[-8.656282,52.143059]],[[-8.656329,52.32492],[-8.656297,52.32474]],[[-8.656329,52.32492],[-8.656297,52.32474]],[[-8.656282,52.143059],[-8.656101,52.142647]],[[-8.656282,52.143059],[-8.655674,52.14148],[-8.655355,52.139613]],[[-8.656101,52.142647],[-8.655759,52.1413]],[[-8.656101,52.142647],[-8.655609,52.141013]],[[-8.656004,52.134054],[-8.655793,52.135637]],[[-8.656004,52.134054],[-8.655355,52.139613]],[[-8.655919,52.344787],[-8.655774,52.344931]],[[-8.655919,52.344787],[-8.655774,52.344931]],[[-8.655793,52.135637],[-8.655657,52.136321]],[[-8.655793,52.135637],[-8.655554,52.137238]],[[-8.655774,52.344931],[-8.655225,52.34551]],[[-8.655774,52.344931],[-8.655225,52.34551]],[[-8.655759,52.1413],[-8.655596,52.138155]],[[-8.655759,52.1413],[-8.655596,52.138155]],[[-8.655657,52.136321],[-8.655603,52.136591]],[[-8.655618,52.103835],[-8.655056,52.103299]],[[-8.655618,52.103835],[-8.655056,52.103299]],[[-8.655609,52.141013],[-8.655383,52.139576],[-8.655528,52.137454]],[[-8.655609,52.141013],[-8.655503,52.13776]],[[-8.655603,52.136591],[-8.655554,52.137238]],[[-8.655603,52.136591],[-8.655337,52.138426],[-8.655425,52.140439]],[[-8.655596,52.138155],[-8.655503,52.13776]],[[-8.655556,52.141355],[-8.656256,52.143275],[-8.655556,52.141355]],[[-8.655556,52.141355],[-8.655425,52.140439]],[[-8.655554,52.137238],[-8.655528,52.137454]],[[-8.655528,52.137454],[-8.655503,52.13776]],[[-8.655311,52.345365],[-8.653747,52.346812]],[[-8.655311,52.345365],[-8.653461,52.347299]],[[-8.655225,52.34551],[-8.654242,52.346522]],[[-8.655225,52.34551],[-8.654242,52.346522]],[[-8.655056,52.103299],[-8.654228,52.102584]],[[-8.655056,52.103299],[-8.654228,52.102584]],[[-8.654242,52.346522],[-8.653461,52.347299]],[[-8.654242,52.346522],[-8.651784,52.34907]],[[-8.654228,52.102584],[-8.653194,52.101727]],[[-8.654228,52.102584],[-8.653194,52.101727]],[[-8.653747,52.346812],[-8.652304,52.348474]],[[-8.653461,52.347299],[-8.652304,52.348474]],[[-8.653461,52.347299],[-8.651784,52.34907]],[[-8.653194,52.101727],[-8.652159,52.10087]],[[-8.653194,52.101727],[-8.652159,52.10087]],[[-8.652304,52.348474],[-8.649037,52.35189]],[[-8.652159,52.10087],[-8.651391,52.100227]],[[-8.652159,52.10087],[-8.651391,52.100227]],[[-8.651784,52.34907],[-8.651524,52.349341]],[[-8.651524,52.349341],[-8.649037,52.35189]],[[-8.651524,52.349341],[-8.641488,52.359733]],[[-8.651391,52.100227],[-8.650061,52.09912]],[[-8.651391,52.100227],[-8.650061,52.09912]],[[-8.650061,52.099084],[-8.650061,52.09912]],[[-8.650061,52.099084],[-8.645895,52.095619]],[[-8.650061,52.099084],[-8.644979,52.094833]],[[-8.650061,52.09912],[-8.645895,52.095619]],[[-8.649037,52.35189],[-8.649008,52.351926]],[[-8.649037,52.35189],[-8.649008,52.351926]],[[-8.649008,52.351926],[-8.644322,52.356769]],[[-8.649008,52.351926],[-8.644322,52.356769]],[[-8.645895,52.095619],[-8.644979,52.094833]],[[-8.645895,52.095619],[-8.644122,52.094136]],[[-8.644979,52.094833],[-8.644122,52.094136]],[[-8.644979,52.094833],[-8.643383,52.093511]],[[-8.644322,52.356769],[-8.642153,52.359028]],[[-8.644322,52.356769],[-8.642153,52.359028]],[[-8.644122,52.094136],[-8.643797,52.093869]],[[-8.643797,52.093869],[-8.643383,52.093511]],[[-8.643797,52.093869],[-8.633609,52.085528],[-8.628666,52.082624]],[[-8.643383,52.093511],[-8.643295,52.09344]],[[-8.643295,52.09344],[-8.641522,52.091957]],[[-8.643295,52.09344],[-8.641522,52.091957]],[[-8.642153,52.359028],[-8.641488,52.359733]],[[-8.642153,52.359028],[-8.640995,52.360203]],[[-8.641522,52.091957],[-8.640636,52.091225]],[[-8.641488,52.359733],[-8.640995,52.360203]],[[-8.641488,52.359733],[-8.639345,52.36183],[-8.635854,52.364114]],[[-8.640995,52.360203],[-8.64088,52.36033]],[[-8.64088,52.36033],[-8.639316,52.361812],[-8.635854,52.364114]],[[-8.64088,52.36033],[-8.639286,52.361794],[-8.63699,52.363425],[-8.624543,52.369963]],[[-8.640636,52.091225],[-8.639366,52.090171]],[[-8.640636,52.091225],[-8.639366,52.090171]],[[-8.639366,52.090171],[-8.637003,52.088206]],[[-8.639366,52.090171],[-8.637003,52.088206]],[[-8.637003,52.088206],[-8.633343,52.085296]],[[-8.637003,52.088206],[-8.633343,52.085296]],[[-8.635854,52.364114],[-8.630082,52.367111]],[[-8.635854,52.364114],[-8.630082,52.367111]],[[-8.633343,52.085296],[-8.628959,52.082748]],[[-8.633343,52.085296],[-8.628959,52.082748]],[[-8.630082,52.367111],[-8.624543,52.369963]],[[-8.630082,52.367111],[-8.622152,52.371216]],[[-8.628959,52.082748],[-8.628666,52.082624]],[[-8.628959,52.082748],[-8.628019,52.082304]],[[-8.628666,52.082624],[-8.628343,52.082482]],[[-8.628343,52.082482],[-8.628019,52.082304]],[[-8.628343,52.082482],[-8.627637,52.082144]],[[-8.628019,52.082304],[-8.627637,52.082144]],[[-8.628019,52.082304],[-8.626375,52.081594]],[[-8.627637,52.082144],[-8.627226,52.081967]],[[-8.627226,52.081967],[-8.626375,52.081594]],[[-8.627226,52.081967],[-8.626346,52.081594]],[[-8.626375,52.081594],[-8.626346,52.081594]],[[-8.626375,52.081594],[-8.620302,52.079235],[-8.616863,52.077437]],[[-8.626346,52.081594],[-8.619304,52.078808]],[[-8.626346,52.081594],[-8.619304,52.078808]],[[-8.624543,52.369963],[-8.622152,52.371216]],[[-8.624543,52.369963],[-8.619496,52.372416]],[[-8.624011,52.658833],[-8.620891,52.657753]],[[-8.622152,52.371216],[-8.619496,52.372416]],[[-8.622152,52.371216],[-8.619175,52.372562]],[[-8.621039,52.657752],[-8.621634,52.658],[-8.620891,52.657753]],[[-8.621039,52.657752],[-8.621663,52.657964],[-8.620682,52.657574]],[[-8.621039,52.657752],[-8.619701,52.657237]],[[-8.620891,52.657753],[-8.619702,52.657309]],[[-8.620682,52.657574],[-8.61982,52.657237]],[[-8.620682,52.657574],[-8.619701,52.657237]],[[-8.61982,52.657237],[-8.619641,52.657184]],[[-8.61982,52.657237],[-8.622728,52.658066],[-8.618631,52.656794]],[[-8.619702,52.657309],[-8.617059,52.656424]],[[-8.619702,52.657309],[-8.616435,52.656176]],[[-8.619701,52.657237],[-8.61881,52.656937]],[[-8.619641,52.657184],[-8.619137,52.657025]],[[-8.619641,52.657184],[-8.61881,52.656937]],[[-8.619496,52.372416],[-8.619175,52.372562]],[[-8.619496,52.372416],[-8.618415,52.372854]],[[-8.619304,52.078808],[-8.616863,52.077437]],[[-8.619304,52.078808],[-8.616746,52.077402],[-8.615096,52.076188]],[[-8.619175,52.372562],[-8.618766,52.372726]],[[-8.619137,52.657025],[-8.618631,52.656794]],[[-8.619137,52.657025],[-8.615127,52.655679]],[[-8.61881,52.656937],[-8.615811,52.655945]],[[-8.618766,52.372726],[-8.618415,52.372854]],[[-8.618766,52.372726],[-8.617569,52.373217]],[[-8.618631,52.656794],[-8.617829,52.656528]],[[-8.618415,52.372854],[-8.617569,52.373217]],[[-8.618415,52.372854],[-8.617539,52.373218]],[[-8.617829,52.656528],[-8.617085,52.656208]],[[-8.617829,52.656528],[-8.613493,52.655131]],[[-8.617569,52.373217],[-8.617539,52.373218]],[[-8.617569,52.373217],[-8.61085,52.375895]],[[-8.617539,52.373218],[-8.61085,52.375895]],[[-8.617539,52.373218],[-8.605036,52.37819]],[[-8.617382,52.656279],[-8.61756,52.65635],[-8.617382,52.656279]],[[-8.617382,52.656279],[-8.616699,52.656049]],[[-8.617382,52.656279],[-8.615956,52.655801]],[[-8.617085,52.656208],[-8.616699,52.656049]],[[-8.617085,52.656208],[-8.614918,52.655519]],[[-8.617059,52.656424],[-8.616999,52.656407]],[[-8.617059,52.656424],[-8.617624,52.656655],[-8.611683,52.654637]],[[-8.616999,52.656407],[-8.616435,52.656176]],[[-8.616999,52.656407],[-8.612693,52.654973]],[[-8.616863,52.077437],[-8.615096,52.076188]],[[-8.616863,52.077437],[-8.614091,52.075294]],[[-8.616699,52.656049],[-8.616491,52.655978]],[[-8.616699,52.656049],[-8.616491,52.655978]],[[-8.616491,52.655978],[-8.615956,52.655801]],[[-8.616435,52.656176],[-8.615811,52.655945]],[[-8.616435,52.656176],[-8.612128,52.654742]],[[-8.615956,52.655801],[-8.614918,52.655519]],[[-8.615811,52.655945],[-8.614563,52.655521]],[[-8.615672,52.041721],[-8.615578,52.043393]],[[-8.615672,52.041721],[-8.615578,52.043393]],[[-8.615672,52.041721],[-8.615035,52.039962]],[[-8.615672,52.041721],[-8.615035,52.039962]],[[-8.615578,52.043393],[-8.615496,52.043753]],[[-8.615578,52.043393],[-8.614557,52.045466]],[[-8.615496,52.043753],[-8.614557,52.045466]],[[-8.615496,52.043753],[-8.615764,52.042062],[-8.615334,52.040464],[-8.612393,52.036434],[-8.611126,52.033331]],[[-8.615496,52.043753],[-8.615072,52.044762],[-8.61384,52.046297],[-8.608525,52.049992]],[[-8.615127,52.655679],[-8.614563,52.655521]],[[-8.615127,52.655679],[-8.613493,52.655131]],[[-8.615096,52.076188],[-8.614091,52.075294]],[[-8.615096,52.076188],[-8.613264,52.074507],[-8.611628,52.072251]],[[-8.615035,52.039962],[-8.612125,52.036022]],[[-8.615035,52.039962],[-8.612125,52.036022]],[[-8.614918,52.655519],[-8.614502,52.655377]],[[-8.614858,52.655447],[-8.615035,52.655482],[-8.614858,52.655447]],[[-8.614858,52.655447],[-8.614502,52.655377]],[[-8.614563,52.655521],[-8.61186,52.654618]],[[-8.614557,52.045466],[-8.614299,52.045773]],[[-8.614502,52.655377],[-8.612483,52.654758]],[[-8.614299,52.045773],[-8.61381,52.046279]],[[-8.614299,52.045773],[-8.61381,52.046279]],[[-8.614091,52.075294],[-8.61267,52.073791],[-8.611628,52.072251]],[[-8.614091,52.075294],[-8.612521,52.073558],[-8.611388,52.071748],[-8.607253,52.061576]],[[-8.61381,52.046279],[-8.613061,52.046912]],[[-8.613493,52.655131],[-8.613285,52.65506]],[[-8.613285,52.65506],[-8.612483,52.654758]],[[-8.613285,52.65506],[-8.611979,52.654617]],[[-8.613061,52.046912],[-8.610285,52.048598],[-8.608525,52.049992]],[[-8.613061,52.046912],[-8.608956,52.049558],[-8.607633,52.050859],[-8.606489,52.052519]],[[-8.612693,52.654973],[-8.612128,52.654742]],[[-8.612693,52.654973],[-8.611683,52.654637]],[[-8.612483,52.654758],[-8.611979,52.654617]],[[-8.612128,52.654742],[-8.611831,52.654636]],[[-8.612125,52.036022],[-8.611126,52.033331]],[[-8.612125,52.036022],[-8.610704,52.032326],[-8.60984,52.030928]],[[-8.611979,52.654617],[-8.611533,52.654476]],[[-8.61186,52.654618],[-8.610881,52.654335]],[[-8.61186,52.654618],[-8.610613,52.654211]],[[-8.611831,52.654636],[-8.611149,52.65446]],[[-8.611831,52.654636],[-8.610881,52.654335]],[[-8.611683,52.654637],[-8.611149,52.65446]],[[-8.611628,52.072251],[-8.607253,52.061576]],[[-8.611628,52.072251],[-8.605926,52.058365],[-8.60555,52.056425]],[[-8.611533,52.654476],[-8.610613,52.654211]],[[-8.611533,52.654476],[-8.594014,52.648651],[-8.587517,52.646831]],[[-8.611149,52.65446],[-8.606902,52.653007]],[[-8.611126,52.033331],[-8.60984,52.030928]],[[-8.611126,52.033331],[-8.610344,52.031573],[-8.609039,52.029926]],[[-8.610881,52.654335],[-8.609871,52.653999]],[[-8.61085,52.375895],[-8.605036,52.37819]],[[-8.61085,52.375895],[-8.581337,52.387639]],[[-8.610613,52.654211],[-8.609871,52.653999]],[[-8.610613,52.654211],[-8.608415,52.653467]],[[-8.609871,52.653999],[-8.606902,52.653007]],[[-8.60984,52.030928],[-8.609039,52.029926]],[[-8.60984,52.030928],[-8.608449,52.029389],[-8.603239,52.025605]],[[-8.609039,52.029926],[-8.607211,52.028353]],[[-8.609039,52.029926],[-8.607211,52.028353]],[[-8.608525,52.049992],[-8.606946,52.051834]],[[-8.608525,52.049992],[-8.606946,52.051834]],[[-8.608415,52.653467],[-8.607376,52.653113]],[[-8.608415,52.653467],[-8.603605,52.651892]],[[-8.607376,52.653113],[-8.605862,52.652671]],[[-8.607376,52.653113],[-8.603605,52.651892]],[[-8.607253,52.061576],[-8.605985,52.058365]],[[-8.607253,52.061576],[-8.605985,52.058365]],[[-8.607211,52.028353],[-8.603239,52.025605]],[[-8.607211,52.028353],[-8.602591,52.025051]],[[-8.606946,52.051834],[-8.606489,52.052519]],[[-8.606946,52.051834],[-8.606064,52.053492]],[[-8.606902,52.653007],[-8.605862,52.652671]],[[-8.606489,52.052519],[-8.606064,52.053492]],[[-8.606489,52.052519],[-8.605699,52.054519],[-8.60555,52.056425]],[[-8.606345,53.321311],[-8.602054,53.321423],[-8.595696,53.321868],[-8.590272,53.322506],[-8.583862,53.32358],[-8.576082,53.325433],[-8.563587,53.329555],[-8.558231,53.330928],[-8.513622,53.339199],[-8.508614,53.339796],[-8.472521,53.342964]],[[-8.606064,52.053492],[-8.605602,52.055922],[-8.605832,52.057898]],[[-8.606064,52.053492],[-8.60555,52.056425]],[[-8.605985,52.058365],[-8.605954,52.058275]],[[-8.605954,52.058275],[-8.605832,52.057898]],[[-8.605954,52.058275],[-8.605832,52.057898]],[[-8.605832,52.057898],[-8.60555,52.056425]],[[-8.605036,52.37819],[-8.595219,52.382105]],[[-8.605036,52.37819],[-8.595219,52.382105]],[[-8.603605,52.651892],[-8.603338,52.651803]],[[-8.603605,52.651892],[-8.603338,52.651803]],[[-8.603338,52.651803],[-8.599596,52.650546]],[[-8.603338,52.651803],[-8.599596,52.650546]],[[-8.603239,52.025605],[-8.602591,52.025051]],[[-8.603239,52.025605],[-8.601913,52.024497]],[[-8.602591,52.025051],[-8.601913,52.024497]],[[-8.602591,52.025051],[-8.599935,52.022601]],[[-8.601913,52.024497],[-8.599935,52.022601]],[[-8.601913,52.024497],[-8.599049,52.021689]],[[-8.599935,52.022601],[-8.599049,52.021689]],[[-8.599935,52.022601],[-8.593417,52.014508]],[[-8.599596,52.650546],[-8.597696,52.649908]],[[-8.599596,52.650546],[-8.597696,52.649908]],[[-8.599049,52.021689],[-8.598279,52.020776]],[[-8.599049,52.021689],[-8.598279,52.020776]],[[-8.598279,52.020776],[-8.593417,52.014508]],[[-8.598279,52.020776],[-8.591017,52.011464]],[[-8.597696,52.649908],[-8.59636,52.649466]],[[-8.597696,52.649908],[-8.59636,52.649466]],[[-8.59636,52.649466],[-8.595885,52.649306]],[[-8.595885,52.649306],[-8.588792,52.647167]],[[-8.595885,52.649306],[-8.588792,52.647167]],[[-8.595219,52.382105],[-8.581337,52.387639]],[[-8.595219,52.382105],[-8.546075,52.401578]],[[-8.593417,52.014508],[-8.591017,52.011464]],[[-8.593417,52.014508],[-8.590394,52.010622]],[[-8.591017,52.011464],[-8.590394,52.010622]],[[-8.591017,52.011464],[-8.585801,52.004748],[-8.584577,52.002417],[-8.580594,51.980503],[-8.578781,51.975389]],[[-8.590394,52.010622],[-8.585801,52.004712],[-8.584455,52.002022],[-8.581282,51.984204]],[[-8.590394,52.010622],[-8.586008,52.004963],[-8.584756,52.002758],[-8.584114,52.00046],[-8.581282,51.984204]],[[-8.588792,52.647167],[-8.58811,52.64699]],[[-8.588792,52.647167],[-8.58811,52.64699]],[[-8.58811,52.64699],[-8.587517,52.646831]],[[-8.58811,52.64699],[-8.585768,52.646445]],[[-8.587517,52.646831],[-8.585768,52.646445]],[[-8.587517,52.646831],[-8.580286,52.645411]],[[-8.585768,52.646445],[-8.580286,52.645411]],[[-8.585768,52.646445],[-8.577444,52.645029],[-8.570077,52.6444]],[[-8.581337,52.387639],[-8.577917,52.389004]],[[-8.581337,52.387639],[-8.577917,52.389004]],[[-8.581282,51.984204],[-8.581062,51.98291]],[[-8.581282,51.984204],[-8.581062,51.98291]],[[-8.581062,51.98291],[-8.580466,51.979659],[-8.579713,51.977649]],[[-8.581062,51.98291],[-8.580437,51.979659],[-8.579713,51.977649]],[[-8.580286,52.645411],[-8.577444,52.645011]],[[-8.580286,52.645411],[-8.577444,52.645011]],[[-8.579713,51.977649],[-8.578781,51.975389]],[[-8.579713,51.977649],[-8.57511,51.966076]],[[-8.578781,51.975389],[-8.57511,51.966076]],[[-8.578781,51.975389],[-8.56985,51.952959],[-8.568368,51.950737],[-8.566161,51.94877]],[[-8.577917,52.389004],[-8.570697,52.39188]],[[-8.577917,52.389004],[-8.570697,52.39188]],[[-8.577444,52.645011],[-8.570077,52.6444]],[[-8.577444,52.645011],[-8.569633,52.644366]],[[-8.57511,51.966076],[-8.573907,51.963061]],[[-8.57511,51.966076],[-8.573907,51.963061]],[[-8.573907,51.963061],[-8.57045,51.954323]],[[-8.573907,51.963061],[-8.57045,51.954323]],[[-8.570697,52.39188],[-8.56903,52.392535]],[[-8.570697,52.39188],[-8.56903,52.392535]],[[-8.57045,51.954323],[-8.570089,51.953408]],[[-8.570089,51.953408],[-8.568869,51.951256],[-8.567159,51.94952]],[[-8.570089,51.953408],[-8.56884,51.951256],[-8.567159,51.94952]],[[-8.570077,52.6444],[-8.569633,52.644366]],[[-8.570077,52.6444],[-8.567091,52.644306]],[[-8.569633,52.644366],[-8.567091,52.644306]],[[-8.569633,52.644366],[-8.563544,52.644287],[-8.555043,52.645046],[-8.551287,52.644884],[-8.54809,52.644414],[-8.529987,52.640613]],[[-8.56903,52.392535],[-8.567218,52.393263]],[[-8.56903,52.392535],[-8.567218,52.393263]],[[-8.567218,52.393263],[-8.564645,52.394282]],[[-8.567218,52.393263],[-8.564645,52.394282]],[[-8.567159,51.94952],[-8.566161,51.94877]],[[-8.567159,51.94952],[-8.565603,51.948377],[-8.563465,51.947219],[-8.556185,51.944377]],[[-8.567091,52.644306],[-8.563072,52.644343]],[[-8.567091,52.644306],[-8.563072,52.644343]],[[-8.566161,51.94877],[-8.566102,51.948734]],[[-8.566161,51.94877],[-8.566102,51.948734]],[[-8.566102,51.948734],[-8.565017,51.948057]],[[-8.566102,51.948734],[-8.565017,51.948057]],[[-8.565017,51.948057],[-8.564372,51.9477]],[[-8.564645,52.394282],[-8.561458,52.395555]],[[-8.564645,52.394282],[-8.561458,52.395555]],[[-8.564372,51.9477],[-8.563436,51.947237]],[[-8.564372,51.9477],[-8.563436,51.947237]],[[-8.563436,51.947237],[-8.562529,51.946846]],[[-8.563072,52.644343],[-8.562482,52.644382]],[[-8.563072,52.644343],[-8.562482,52.644382]],[[-8.562529,51.946846],[-8.558203,51.945177]],[[-8.562529,51.946846],[-8.558203,51.945177]],[[-8.562482,52.644382],[-8.560239,52.644609]],[[-8.562482,52.644382],[-8.560239,52.644609]],[[-8.561458,52.395555],[-8.558973,52.396538]],[[-8.561458,52.395555],[-8.558973,52.396538]],[[-8.560239,52.644609],[-8.558144,52.644888]],[[-8.560239,52.644609],[-8.558144,52.644888]],[[-8.558973,52.396538],[-8.553563,52.398684]],[[-8.558973,52.396538],[-8.553563,52.398684]],[[-8.558203,51.945177],[-8.556858,51.944662]],[[-8.558203,51.945177],[-8.556858,51.944662]],[[-8.558144,52.644888],[-8.557524,52.644945]],[[-8.558144,52.644888],[-8.557524,52.644945]],[[-8.557524,52.644945],[-8.553802,52.64507],[-8.549986,52.644764],[-8.537216,52.642163]],[[-8.557524,52.644945],[-8.553802,52.645052],[-8.549985,52.644747],[-8.537216,52.642163]],[[-8.556858,51.944662],[-8.556185,51.944377]],[[-8.556858,51.944662],[-8.553175,51.943241]],[[-8.556185,51.944377],[-8.553175,51.943241]],[[-8.556185,51.944377],[-8.546073,51.940523]],[[-8.553563,52.398684],[-8.551925,52.399339]],[[-8.553563,52.398684],[-8.551925,52.399339]],[[-8.553175,51.943241],[-8.550048,51.942033]],[[-8.553175,51.943241],[-8.550048,51.942033]],[[-8.551925,52.399339],[-8.550697,52.39983]],[[-8.551925,52.399339],[-8.550697,52.39983]],[[-8.550697,52.39983],[-8.54979,52.400194]],[[-8.550697,52.39983],[-8.54979,52.400194]],[[-8.550048,51.942033],[-8.546073,51.940523]],[[-8.550048,51.942033],[-8.546044,51.940541],[-8.543767,51.939887],[-8.538608,51.939011],[-8.535989,51.938861],[-8.533081,51.938929],[-8.524716,51.939973],[-8.520006,51.940174],[-8.499099,51.938251],[-8.496388,51.937723]],[[-8.54979,52.400194],[-8.547655,52.401031]],[[-8.54979,52.400194],[-8.547655,52.401031]],[[-8.547655,52.401031],[-8.546075,52.401578]],[[-8.547655,52.401031],[-8.544055,52.402252]],[[-8.546075,52.401578],[-8.544055,52.402252]],[[-8.546075,52.401578],[-8.54013,52.403313],[-8.52817,52.405955]],[[-8.546073,51.940523],[-8.540734,51.939235],[-8.535726,51.938827],[-8.531191,51.939045],[-8.522419,51.940109]],[[-8.546073,51.940523],[-8.541055,51.939306],[-8.536018,51.938843],[-8.531802,51.939006],[-8.524716,51.939955],[-8.522419,51.940109]],[[-8.544055,52.402252],[-8.543323,52.402471]],[[-8.544055,52.402252],[-8.543323,52.402471]],[[-8.543323,52.402471],[-8.537169,52.403991]],[[-8.543323,52.402471],[-8.537169,52.403991]],[[-8.537216,52.642163],[-8.536712,52.642057]],[[-8.537169,52.403991],[-8.536349,52.404175]],[[-8.537169,52.403991],[-8.536349,52.404175]],[[-8.536712,52.642057],[-8.529987,52.640613]],[[-8.536712,52.642057],[-8.529987,52.640613]],[[-8.536349,52.404175],[-8.535499,52.404358]],[[-8.536349,52.404175],[-8.535499,52.404358]],[[-8.535499,52.404358],[-8.535264,52.404413]],[[-8.535499,52.404358],[-8.535264,52.404413]],[[-8.535264,52.404413],[-8.533974,52.404689]],[[-8.535264,52.404413],[-8.533974,52.404689]],[[-8.533974,52.404689],[-8.530896,52.405368]],[[-8.533974,52.404689],[-8.530896,52.405368]],[[-8.530896,52.405368],[-8.529166,52.405735]],[[-8.530896,52.405368],[-8.529166,52.405735]],[[-8.529987,52.640613],[-8.529187,52.640455]],[[-8.529187,52.640455],[-8.525987,52.639768]],[[-8.529187,52.640455],[-8.526375,52.64009],[-8.524514,52.640134],[-8.522479,52.640467],[-8.520067,52.641358],[-8.518074,52.642787],[-8.516915,52.644752],[-8.512349,52.658667]],[[-8.529166,52.405735],[-8.52817,52.405955]],[[-8.529166,52.405735],[-8.525766,52.406505]],[[-8.52817,52.405955],[-8.525766,52.406505]],[[-8.52817,52.405955],[-8.525238,52.406616]],[[-8.525987,52.639768],[-8.525928,52.639768]],[[-8.525987,52.639768],[-8.525928,52.639768]],[[-8.525928,52.639768],[-8.500899,52.634538]],[[-8.525766,52.406505],[-8.525238,52.406616]],[[-8.525766,52.406505],[-8.524945,52.406689]],[[-8.525238,52.406616],[-8.525209,52.406616]],[[-8.525209,52.406616],[-8.524945,52.406689]],[[-8.525209,52.406616],[-8.522834,52.40713]],[[-8.524945,52.406689],[-8.522834,52.40713]],[[-8.524945,52.406689],[-8.513217,52.409257]],[[-8.522834,52.40713],[-8.519403,52.407882]],[[-8.522834,52.40713],[-8.519403,52.407882]],[[-8.522419,51.940109],[-8.518405,51.940073],[-8.509261,51.939214]],[[-8.522419,51.940109],[-8.517735,51.94004],[-8.509261,51.939214]],[[-8.521122,54.088747],[-8.525832,54.098593],[-8.527166,54.100061],[-8.531278,54.103619],[-8.544469,54.118405],[-8.545378,54.120036],[-8.546113,54.122423],[-8.546166,54.124166],[-8.545709,54.126612],[-8.543131,54.135376],[-8.541391,54.138098],[-8.539214,54.14012],[-8.534848,54.143339],[-8.532913,54.145234],[-8.531441,54.147398],[-8.530107,54.150854],[-8.528998,54.15271],[-8.518546,54.16406],[-8.515756,54.166228],[-8.506691,54.171263],[-8.504537,54.172979],[-8.496674,54.181476],[-8.495416,54.183872],[-8.494629,54.187254]],[[-8.521122,54.088747],[-8.51999,54.083774],[-8.518891,54.081388],[-8.517368,54.079382],[-8.512447,54.074371],[-8.510611,54.071665],[-8.510045,54.070355],[-8.509268,54.0668],[-8.496162,54.036159],[-8.494722,54.033181],[-8.492393,54.029884],[-8.489736,54.027181],[-8.48601,54.024375],[-8.456954,54.005007],[-8.452993,54.002686],[-8.448242,54.000655],[-8.446339,53.999529],[-8.444459,53.997721],[-8.443054,53.994707],[-8.441537,53.992538],[-8.439413,53.990659],[-8.43754,53.989461],[-8.424292,53.982266],[-8.41082,53.97667],[-8.401493,53.9737],[-8.392786,53.971716],[-8.38775,53.971013],[-8.370879,53.969503],[-8.366124,53.969607],[-8.360124,53.970129],[-8.355123,53.969982],[-8.350912,53.969401],[-8.340285,53.967024],[-8.336838,53.966728],[-8.332541,53.966812],[-8.325376,53.966526],[-8.322816,53.966658],[-8.315112,53.96756],[-8.309808,53.967573]],[[-8.519403,52.407882],[-8.513217,52.409257]],[[-8.519403,52.407882],[-8.508848,52.410211]],[[-8.513217,52.409257],[-8.509933,52.409972]],[[-8.513217,52.409257],[-8.509933,52.409972]],[[-8.512349,52.658667],[-8.512291,52.658775]],[[-8.512349,52.658667],[-8.512291,52.658775]],[[-8.512291,52.658775],[-8.51055,52.664121],[-8.509186,52.671408]],[[-8.509933,52.409972],[-8.508848,52.410211]],[[-8.509933,52.409972],[-8.505183,52.411017]],[[-8.509261,51.939214],[-8.504457,51.938749]],[[-8.509261,51.939214],[-8.504457,51.938749]],[[-8.509186,52.671408],[-8.509157,52.671462]],[[-8.509186,52.671408],[-8.509157,52.671462]],[[-8.509157,52.671462],[-8.508613,52.67301],[-8.505177,52.677609],[-8.504515,52.679175],[-8.504347,52.682556],[-8.502924,52.690022],[-8.502997,52.691208],[-8.503945,52.693918],[-8.503901,52.695231],[-8.498215,52.710372],[-8.497917,52.712764]],[[-8.508848,52.410211],[-8.50618,52.410797]],[[-8.508848,52.410211],[-8.50618,52.410797]],[[-8.50618,52.410797],[-8.505183,52.411017]],[[-8.50618,52.410797],[-8.503541,52.411366]],[[-8.505183,52.411017],[-8.503541,52.411366]],[[-8.505183,52.411017],[-8.502456,52.411604]],[[-8.504457,51.938749],[-8.499099,51.938233],[-8.496388,51.937723]],[[-8.504457,51.938749],[-8.498196,51.938093],[-8.495775,51.937528]],[[-8.503541,52.411366],[-8.503511,52.411366]],[[-8.503511,52.411366],[-8.502456,52.411604]],[[-8.503511,52.411366],[-8.498027,52.412576]],[[-8.502456,52.411604],[-8.500608,52.412008]],[[-8.500899,52.634538],[-8.500247,52.634415]],[[-8.500899,52.634538],[-8.500247,52.634415]],[[-8.500608,52.412008],[-8.498027,52.412576]],[[-8.500608,52.412008],[-8.498027,52.412576]],[[-8.500247,52.634415],[-8.493079,52.632827],[-8.488985,52.631298],[-8.461375,52.615752],[-8.45615,52.613219],[-8.43024,52.603052],[-8.425501,52.601505],[-8.41443,52.59847],[-8.408891,52.596476],[-8.406104,52.595209]],[[-8.498027,52.412576],[-8.497236,52.412741]],[[-8.498027,52.412576],[-8.496532,52.412906]],[[-8.497917,52.712764],[-8.497623,52.715552],[-8.494325,52.727574],[-8.493688,52.728853],[-8.49249,52.730242],[-8.49008,52.731852],[-8.487484,52.732779],[-8.478349,52.734218],[-8.473478,52.735604],[-8.466318,52.738976],[-8.462815,52.741003],[-8.460317,52.742846],[-8.45844,52.744651],[-8.455903,52.748454],[-8.448413,52.757614],[-8.446612,52.761108],[-8.444445,52.763633]],[[-8.497236,52.412741],[-8.496532,52.412906]],[[-8.497236,52.412741],[-8.496532,52.412906]],[[-8.496532,52.412906],[-8.495124,52.413217]],[[-8.496532,52.412906],[-8.49225,52.413858]],[[-8.496388,51.937723],[-8.495775,51.937528]],[[-8.496388,51.937723],[-8.494637,51.937137],[-8.49253,51.936013]],[[-8.495775,51.937528],[-8.494169,51.936905]],[[-8.495775,51.937528],[-8.494169,51.936905]],[[-8.495124,52.413217],[-8.49225,52.413858]],[[-8.495124,52.413217],[-8.49225,52.413858]],[[-8.494629,54.187254],[-8.494288,54.189519],[-8.494349,54.194569],[-8.495054,54.197208],[-8.496959,54.200148],[-8.501359,54.204029],[-8.502696,54.205587],[-8.503731,54.207506],[-8.504099,54.210038],[-8.503663,54.212035],[-8.501911,54.216697],[-8.501813,54.221298],[-8.499545,54.226429],[-8.498036,54.228484],[-8.494876,54.231049],[-8.493635,54.23242],[-8.491452,54.237137],[-8.487601,54.240981],[-8.486311,54.243466],[-8.486244,54.245587],[-8.487758,54.254315],[-8.488886,54.256251],[-8.492216,54.260138],[-8.493382,54.262649],[-8.493291,54.265309],[-8.492123,54.267758]],[[-8.494169,51.936905],[-8.49253,51.936013]],[[-8.494169,51.936905],[-8.492354,51.93587],[-8.490708,51.934331],[-8.489789,51.932734],[-8.487987,51.927456],[-8.486278,51.925414],[-8.483672,51.923663]],[[-8.49253,51.936013],[-8.490886,51.934582],[-8.489761,51.93277]],[[-8.49253,51.936013],[-8.49068,51.934385],[-8.489761,51.93277]],[[-8.49225,52.413858],[-8.492192,52.413859]],[[-8.49225,52.413858],[-8.492192,52.413859]],[[-8.49225,52.413858],[-8.492192,52.413877]],[[-8.492192,52.413859],[-8.492192,52.413877]],[[-8.492192,52.413859],[-8.489201,52.414608]],[[-8.492192,52.413877],[-8.49055,52.414261]],[[-8.492123,54.267758],[-8.492093,54.267848]],[[-8.492123,54.267758],[-8.492093,54.267848]],[[-8.492093,54.267848],[-8.492033,54.26792]],[[-8.492033,54.26792],[-8.491125,54.26902]],[[-8.492033,54.26792],[-8.491125,54.26902]],[[-8.492033,54.26792],[-8.491035,54.269182],[-8.489452,54.270339],[-8.487039,54.271445],[-8.485509,54.271864]],[[-8.491125,54.26902],[-8.491034,54.26911]],[[-8.491034,54.26911],[-8.489634,54.270176]],[[-8.491034,54.26911],[-8.489634,54.270176]],[[-8.49055,52.414261],[-8.489201,52.414608]],[[-8.49055,52.414261],[-8.487912,52.414973]],[[-8.489761,51.93277],[-8.489701,51.932609]],[[-8.489701,51.932609],[-8.488434,51.928443],[-8.487338,51.926596]],[[-8.489701,51.932609],[-8.488405,51.928443],[-8.487338,51.926596]],[[-8.489634,54.270176],[-8.487986,54.271027],[-8.486152,54.271682]],[[-8.489634,54.270176],[-8.487222,54.271354],[-8.485141,54.271937],[-8.483302,54.272196],[-8.481306,54.272186],[-8.483394,54.272196],[-8.485141,54.27192]],[[-8.489201,52.414608],[-8.487912,52.414973]],[[-8.489201,52.414608],[-8.487736,52.41501]],[[-8.487912,52.414973],[-8.487736,52.41501]],[[-8.487912,52.414973],[-8.482401,52.416452]],[[-8.487736,52.41501],[-8.487648,52.415028]],[[-8.487648,52.415028],[-8.483925,52.416032]],[[-8.487648,52.415028],[-8.483925,52.416032]],[[-8.487556,53.762097],[-8.484937,53.761119]],[[-8.487556,53.762097],[-8.481006,53.759572]],[[-8.487556,53.762097],[-8.481006,53.759572]],[[-8.487338,51.926596],[-8.487132,51.926345]],[[-8.487338,51.926596],[-8.487132,51.926345]],[[-8.487132,51.926345],[-8.486221,51.925432]],[[-8.487132,51.926345],[-8.486221,51.925432]],[[-8.486221,51.925432],[-8.483672,51.923663]],[[-8.486221,51.925432],[-8.484784,51.924341],[-8.482941,51.923342],[-8.481073,51.922613],[-8.478886,51.922028]],[[-8.486152,54.271682],[-8.485509,54.271864]],[[-8.486152,54.271682],[-8.485141,54.27192]],[[-8.485509,54.271864],[-8.485325,54.271919]],[[-8.485325,54.271919],[-8.484467,54.272084]],[[-8.485325,54.271919],[-8.484224,54.272301],[-8.483494,54.272861],[-8.482354,54.275201]],[[-8.485141,54.27192],[-8.484467,54.272084]],[[-8.484937,53.761119],[-8.481006,53.759572]],[[-8.484537,54.277996],[-8.484382,54.277907]],[[-8.484537,54.277996],[-8.484382,54.277907]],[[-8.484537,54.277996],[-8.484939,54.278228],[-8.48432,54.277835]],[[-8.484467,54.272084],[-8.482535,54.272253]],[[-8.484382,54.277907],[-8.48432,54.277835]],[[-8.484382,54.277907],[-8.483392,54.277246]],[[-8.48432,54.277835],[-8.484227,54.277782]],[[-8.48432,54.277835],[-8.484227,54.277782]],[[-8.484227,54.277782],[-8.483019,54.27687]],[[-8.483925,52.416032],[-8.483514,52.416142]],[[-8.483672,51.923663],[-8.480139,51.922311]],[[-8.483672,51.923663],[-8.480139,51.922311]],[[-8.483514,52.416142],[-8.482401,52.416452]],[[-8.483514,52.416142],[-8.480114,52.417036]],[[-8.483392,54.277246],[-8.483268,54.277139]],[[-8.483392,54.277246],[-8.483268,54.277139]],[[-8.483268,54.277139],[-8.483205,54.277067]],[[-8.483205,54.277067],[-8.483019,54.27687]],[[-8.483205,54.277067],[-8.482833,54.276727]],[[-8.483019,54.27687],[-8.482832,54.276637]],[[-8.482833,54.276727],[-8.48277,54.276638]],[[-8.482833,54.276727],[-8.48277,54.276638]],[[-8.482832,54.276637],[-8.482769,54.27653]],[[-8.482832,54.276637],[-8.482769,54.27653]],[[-8.48277,54.276638],[-8.482356,54.275309]],[[-8.482769,54.27653],[-8.482356,54.275309]],[[-8.482401,52.416452],[-8.480114,52.417036]],[[-8.482401,52.416452],[-8.480085,52.417054]],[[-8.482356,54.275309],[-8.482354,54.275201]],[[-8.482356,54.275309],[-8.482354,54.275201]],[[-8.481006,53.759572],[-8.47829,53.758127],[-8.476692,53.756228],[-8.466545,53.732795]],[[-8.480139,51.922311],[-8.478886,51.922028]],[[-8.480139,51.922311],[-8.475853,51.921196]],[[-8.480114,52.417036],[-8.480085,52.417054]],[[-8.480114,52.417036],[-8.480055,52.417055]],[[-8.480085,52.417054],[-8.480055,52.417055]],[[-8.480085,52.417054],[-8.478179,52.417565]],[[-8.480055,52.417055],[-8.479909,52.417091]],[[-8.479909,52.417091],[-8.478179,52.417565]],[[-8.479909,52.417091],[-8.476948,52.417876]],[[-8.478886,51.922028],[-8.475853,51.921213]],[[-8.478886,51.922028],[-8.475853,51.921213]],[[-8.478179,52.417565],[-8.476948,52.417876]],[[-8.478179,52.417565],[-8.474016,52.418661]],[[-8.476948,52.417876],[-8.475276,52.418314]],[[-8.476948,52.417876],[-8.475276,52.418314]],[[-8.475853,51.921196],[-8.475853,51.921213]],[[-8.475853,51.921196],[-8.47486,51.920804]],[[-8.475853,51.921196],[-8.47486,51.920804]],[[-8.475853,51.921213],[-8.473223,51.920002],[-8.471289,51.918517],[-8.46825,51.91425]],[[-8.475276,52.418314],[-8.474016,52.418661]],[[-8.475276,52.418314],[-8.472755,52.418971]],[[-8.47486,51.920804],[-8.471905,51.919018]],[[-8.47486,51.920804],[-8.473662,51.920234],[-8.471905,51.919018]],[[-8.474016,52.418661],[-8.472755,52.418971]],[[-8.474016,52.418661],[-8.471054,52.419428]],[[-8.472755,52.418971],[-8.471054,52.419428]],[[-8.472755,52.418971],[-8.470204,52.419647]],[[-8.472521,53.342964],[-8.440803,53.345727],[-8.434256,53.345805],[-8.427614,53.345398],[-8.384211,53.341807],[-8.333023,53.332614],[-8.327793,53.331982],[-8.324068,53.331758],[-8.269965,53.332324],[-8.263723,53.332877],[-8.250163,53.334848]],[[-8.471905,51.919018],[-8.470552,51.917585],[-8.46825,51.914214]],[[-8.471905,51.919018],[-8.470523,51.917603],[-8.46825,51.91425]],[[-8.471054,52.419428],[-8.470321,52.419628]],[[-8.471054,52.419428],[-8.470321,52.419628]],[[-8.470321,52.419628],[-8.470204,52.419647]],[[-8.470321,52.419628],[-8.467653,52.42034]],[[-8.470204,52.419647],[-8.468269,52.420158]],[[-8.468269,52.420158],[-8.467653,52.42034]],[[-8.468269,52.420158],[-8.465571,52.42087]],[[-8.46825,51.914214],[-8.46825,51.91425]],[[-8.46825,51.914214],[-8.46822,51.914161]],[[-8.46825,51.91425],[-8.467276,51.912816]],[[-8.46822,51.914161],[-8.467276,51.912816]],[[-8.46822,51.914161],[-8.466803,51.912063]],[[-8.467653,52.42034],[-8.465571,52.42087]],[[-8.467653,52.42034],[-8.463959,52.421307]],[[-8.467276,51.912816],[-8.466803,51.912063]],[[-8.467276,51.912816],[-8.466744,51.912009]],[[-8.466803,51.912063],[-8.466744,51.912009]],[[-8.466803,51.912063],[-8.466626,51.911794]],[[-8.466744,51.912009],[-8.466715,51.911973]],[[-8.466715,51.911973],[-8.466626,51.911794]],[[-8.466715,51.911973],[-8.466124,51.911077]],[[-8.466626,51.911794],[-8.466448,51.911525]],[[-8.466626,51.911794],[-8.466448,51.911525]],[[-8.466545,53.732795],[-8.466235,53.732131]],[[-8.466545,53.732795],[-8.466235,53.732131]],[[-8.466448,51.911525],[-8.466124,51.911077]],[[-8.466448,51.911525],[-8.465976,51.910808]],[[-8.466235,53.732131],[-8.464968,53.729926],[-8.461904,53.726936],[-8.449298,53.718591],[-8.444972,53.716342],[-8.436123,53.713283],[-8.432501,53.711643],[-8.404498,53.69481],[-8.395321,53.688245],[-8.390687,53.684863],[-8.388426,53.682624],[-8.381823,53.672221],[-8.378613,53.668672],[-8.3607,53.655014],[-8.35766,53.65328],[-8.355444,53.652334],[-8.338725,53.646146],[-8.336572,53.645469],[-8.333208,53.644742],[-8.32903,53.64425],[-8.322133,53.644161],[-8.318379,53.643757],[-8.285167,53.63906],[-8.276627,53.637301],[-8.248931,53.633282],[-8.244756,53.633003],[-8.237168,53.633216],[-8.231391,53.633012],[-8.22779,53.632677],[-8.211173,53.629382],[-8.199579,53.626527]],[[-8.466124,51.911077],[-8.465976,51.910808]],[[-8.466124,51.911077],[-8.465947,51.910808]],[[-8.465976,51.910808],[-8.465947,51.910808]],[[-8.465976,51.910808],[-8.465946,51.910772]],[[-8.465947,51.910808],[-8.465946,51.910772]],[[-8.465947,51.910808],[-8.465386,51.909965]],[[-8.465946,51.910772],[-8.465681,51.910377]],[[-8.465946,51.910772],[-8.465681,51.910377]],[[-8.465681,51.910377],[-8.465386,51.909965]],[[-8.465681,51.910377],[-8.465326,51.909839]],[[-8.465571,52.42087],[-8.463959,52.421289]],[[-8.465571,52.42087],[-8.463959,52.421289]],[[-8.465386,51.909965],[-8.465326,51.909839]],[[-8.465386,51.909965],[-8.463201,51.906683]],[[-8.465326,51.909839],[-8.463201,51.906683]],[[-8.465326,51.909839],[-8.462698,51.905876]],[[-8.463959,52.421289],[-8.463959,52.421307]],[[-8.463959,52.421289],[-8.461759,52.421873]],[[-8.463959,52.421307],[-8.461759,52.421873]],[[-8.463959,52.421307],[-8.453813,52.423989]],[[-8.463201,51.906683],[-8.462817,51.90611]],[[-8.463201,51.906683],[-8.462817,51.90611]],[[-8.462817,51.90611],[-8.462698,51.905876]],[[-8.462817,51.90611],[-8.461311,51.903832]],[[-8.462698,51.905876],[-8.462256,51.905213]],[[-8.462698,51.905876],[-8.462256,51.905213]],[[-8.462256,51.905213],[-8.461961,51.904783]],[[-8.462256,51.905213],[-8.461961,51.904783]],[[-8.461961,51.904783],[-8.461872,51.904639]],[[-8.461961,51.904783],[-8.461872,51.904639]],[[-8.461872,51.904639],[-8.461783,51.904514]],[[-8.461872,51.904639],[-8.461783,51.904514]],[[-8.461783,51.904514],[-8.461665,51.904334]],[[-8.461783,51.904514],[-8.461665,51.904334]],[[-8.461759,52.421873],[-8.460029,52.422329]],[[-8.461665,51.904334],[-8.461311,51.903832]],[[-8.461665,51.904334],[-8.461104,51.903492]],[[-8.461311,51.903832],[-8.461104,51.903492]],[[-8.461311,51.903832],[-8.460633,51.902828]],[[-8.461104,51.903492],[-8.460927,51.903223]],[[-8.461104,51.903492],[-8.460927,51.903223]],[[-8.460927,51.903223],[-8.460868,51.903133]],[[-8.460868,51.903133],[-8.460633,51.902828]],[[-8.460868,51.903133],[-8.460573,51.902721]],[[-8.460633,51.902828],[-8.460573,51.902721]],[[-8.460633,51.902828],[-8.459722,51.901879]],[[-8.460573,51.902721],[-8.460249,51.902254]],[[-8.460573,51.902721],[-8.459722,51.901879]],[[-8.460249,51.902254],[-8.459603,51.901574],[-8.458292,51.901273]],[[-8.460249,51.902254],[-8.459488,51.901718],[-8.458032,51.901418]],[[-8.460029,52.422329],[-8.455308,52.42357]],[[-8.460029,52.422329],[-8.455308,52.42357]],[[-8.459722,51.901879],[-8.459109,51.901594],[-8.458032,51.901418]],[[-8.459722,51.901879],[-8.458294,51.901453],[-8.456725,51.901585]],[[-8.458292,51.901273],[-8.458175,51.901256]],[[-8.458292,51.901273],[-8.458175,51.901256]],[[-8.458175,51.901256],[-8.456377,51.901586]],[[-8.458032,51.901418],[-8.456348,51.901658]],[[-8.458032,51.901418],[-8.456,51.901714]],[[-8.457947,51.90167],[-8.45754,51.90169]],[[-8.45754,51.90169],[-8.454727,51.902222]],[[-8.45754,51.90169],[-8.45554,51.902147],[-8.452694,51.902446]],[[-8.456725,51.901585],[-8.456348,51.901658]],[[-8.456725,51.901585],[-8.455218,51.901968]],[[-8.456377,51.901586],[-8.455739,51.901787]],[[-8.456377,51.901586],[-8.454869,51.90197]],[[-8.456348,51.901658],[-8.456,51.901714]],[[-8.456348,51.901658],[-8.455595,51.901841]],[[-8.456,51.901714],[-8.455739,51.901787]],[[-8.455739,51.901787],[-8.455595,51.901841]],[[-8.455739,51.901787],[-8.455362,51.901878]],[[-8.455595,51.901841],[-8.455508,51.901859]],[[-8.455508,51.901859],[-8.455218,51.901968]],[[-8.455508,51.901859],[-8.453624,51.90237]],[[-8.455362,51.901878],[-8.454869,51.90197]],[[-8.455362,51.901878],[-8.453624,51.90237]],[[-8.455308,52.42357],[-8.453813,52.423989]],[[-8.455308,52.42357],[-8.45129,52.424646]],[[-8.455218,51.901968],[-8.454436,51.902223]],[[-8.454869,51.90197],[-8.45455,51.902043]],[[-8.454869,51.90197],[-8.45455,51.902043]],[[-8.454727,51.902222],[-8.454582,51.902258]],[[-8.454727,51.902222],[-8.454582,51.902258]],[[-8.454727,51.902222],[-8.457336,51.901601],[-8.454436,51.902223]],[[-8.454582,51.902258],[-8.453856,51.902351]],[[-8.45455,51.902043],[-8.45281,51.902409]],[[-8.454436,51.902223],[-8.454233,51.902278]],[[-8.454436,51.902223],[-8.454233,51.902278]],[[-8.454233,51.902278],[-8.453856,51.902351]],[[-8.453856,51.902351],[-8.453391,51.902389]],[[-8.453813,52.423989],[-8.45129,52.424646]],[[-8.453813,52.423989],[-8.448915,52.425266]],[[-8.453624,51.90237],[-8.453391,51.902389]],[[-8.453624,51.90237],[-8.451938,51.902412]],[[-8.453391,51.902389],[-8.453188,51.902408]],[[-8.453391,51.902389],[-8.453188,51.902408]],[[-8.453188,51.902408],[-8.45281,51.902409]],[[-8.453188,51.902408],[-8.452694,51.902446]],[[-8.45281,51.902409],[-8.451938,51.902412]],[[-8.452694,51.902446],[-8.452462,51.902428]],[[-8.452694,51.902446],[-8.452462,51.902428]],[[-8.452462,51.902428],[-8.450634,51.902723]],[[-8.451938,51.902412],[-8.450836,51.902632]],[[-8.451938,51.902412],[-8.450836,51.902632]],[[-8.45129,52.424646],[-8.449443,52.425121]],[[-8.450836,51.902632],[-8.450634,51.902723]],[[-8.450836,51.902632],[-8.448982,51.903251],[-8.447733,51.903345]],[[-8.450634,51.902723],[-8.448605,51.903342]],[[-8.450634,51.902723],[-8.448605,51.903342]],[[-8.449443,52.425121],[-8.448915,52.425266]],[[-8.449443,52.425121],[-8.444193,52.426507]],[[-8.448915,52.425266],[-8.447888,52.42554]],[[-8.448605,51.903342],[-8.447908,51.903363]],[[-8.448605,51.903342],[-8.447908,51.903363]],[[-8.447908,51.903363],[-8.44785,51.903363]],[[-8.447908,51.903363],[-8.44785,51.903363]],[[-8.447888,52.42554],[-8.444193,52.426507]],[[-8.447888,52.42554],[-8.436215,52.42864]],[[-8.44785,51.903363],[-8.447733,51.903345]],[[-8.44785,51.903363],[-8.446832,51.903313]],[[-8.447733,51.903345],[-8.447152,51.90333]],[[-8.447733,51.903345],[-8.447152,51.90333]],[[-8.447152,51.90333],[-8.446832,51.903313]],[[-8.447152,51.90333],[-8.444708,51.903105]],[[-8.446832,51.903313],[-8.446803,51.903313]],[[-8.446803,51.903313],[-8.444708,51.903105]],[[-8.446803,51.903313],[-8.4409,51.903012]],[[-8.444708,51.903105],[-8.4409,51.903012]],[[-8.444708,51.903105],[-8.441452,51.903028],[-8.435868,51.902563]],[[-8.444445,52.763633],[-8.442567,52.765473]],[[-8.444445,52.763633],[-8.440541,52.767386]],[[-8.444445,52.763633],[-8.440541,52.767386]],[[-8.444193,52.426507],[-8.442814,52.426871]],[[-8.442814,52.426871],[-8.436215,52.42864]],[[-8.442814,52.426871],[-8.39244,52.440136]],[[-8.442567,52.765473],[-8.440541,52.767386]],[[-8.4409,51.903012],[-8.439184,51.902856]],[[-8.4409,51.903012],[-8.439184,51.902856]],[[-8.440541,52.767386],[-8.439631,52.768253]],[[-8.440541,52.767386],[-8.439631,52.768253]],[[-8.439631,52.768253],[-8.437779,52.769698],[-8.435568,52.770928],[-8.433915,52.771617],[-8.430871,52.772491],[-8.404746,52.777544],[-8.402525,52.777822],[-8.396628,52.777967],[-8.392781,52.778807],[-8.390213,52.779984],[-8.385941,52.782946],[-8.383725,52.783888],[-8.378343,52.785451],[-8.374629,52.787943],[-8.372028,52.788922],[-8.370251,52.789215],[-8.366784,52.78946],[-8.362553,52.790497],[-8.360272,52.790756],[-8.35775,52.79062],[-8.352346,52.789665],[-8.348669,52.789694],[-8.34633,52.790114],[-8.332806,52.79364],[-8.32949,52.794315],[-8.322676,52.795124],[-8.314519,52.794913]],[[-8.439184,51.902856],[-8.435868,51.902563]],[[-8.439184,51.902856],[-8.434415,51.902586],[-8.42596,51.902905],[-8.40677,51.905256],[-8.399306,51.905875],[-8.394278,51.905946],[-8.386079,51.905649],[-8.383348,51.905784]],[[-8.436215,52.42864],[-8.435453,52.42884]],[[-8.436215,52.42864],[-8.435453,52.42884]],[[-8.435868,51.902563],[-8.430783,51.90269]],[[-8.435868,51.902563],[-8.430783,51.90269]],[[-8.435453,52.42884],[-8.432079,52.429733]],[[-8.435453,52.42884],[-8.432079,52.429733]],[[-8.432079,52.429733],[-8.42589,52.431374]],[[-8.432079,52.429733],[-8.42589,52.431374]],[[-8.430783,51.90269],[-8.426802,51.90283]],[[-8.430783,51.90269],[-8.426802,51.90283]],[[-8.426802,51.90283],[-8.406334,51.905293],[-8.400293,51.9058],[-8.39515,51.905925]],[[-8.426802,51.90283],[-8.406305,51.905276],[-8.400293,51.905782],[-8.39515,51.905925]],[[-8.42589,52.431374],[-8.424364,52.431775]],[[-8.42589,52.431374],[-8.424364,52.431775]],[[-8.424364,52.431775],[-8.418702,52.433269]],[[-8.424364,52.431775],[-8.418702,52.433269]],[[-8.418702,52.433269],[-8.41612,52.433943]],[[-8.418702,52.433269],[-8.41612,52.433943]],[[-8.41612,52.433943],[-8.414242,52.434435]],[[-8.41612,52.433943],[-8.414242,52.434435]],[[-8.414242,52.434435],[-8.408697,52.435893]],[[-8.414242,52.434435],[-8.408697,52.435893]],[[-8.408697,52.435893],[-8.408345,52.435984]],[[-8.408697,52.435893],[-8.408345,52.435984]],[[-8.408345,52.435984],[-8.402242,52.437587]],[[-8.408345,52.435984],[-8.402242,52.437587]],[[-8.406104,52.595209],[-8.406015,52.595174]],[[-8.406104,52.595209],[-8.406015,52.595174]],[[-8.406015,52.595174],[-8.405926,52.595138]],[[-8.406015,52.595174],[-8.405926,52.595138]],[[-8.405926,52.595138],[-8.401535,52.592672],[-8.395091,52.58838]],[[-8.402242,52.437587],[-8.398133,52.438661]],[[-8.402242,52.437587],[-8.398133,52.438661]],[[-8.398133,52.438661],[-8.39244,52.440136]],[[-8.398133,52.438661],[-8.377823,52.443959]],[[-8.39515,51.905925],[-8.386108,51.905631]],[[-8.39515,51.905925],[-8.386108,51.905631]],[[-8.395091,52.58838],[-8.391112,52.58566]],[[-8.395091,52.58838],[-8.391112,52.58566]],[[-8.395091,52.58838],[-8.386807,52.582798]],[[-8.39244,52.440136],[-8.392352,52.440155]],[[-8.39244,52.440136],[-8.392352,52.440155]],[[-8.392352,52.440155],[-8.378821,52.443686]],[[-8.392352,52.440155],[-8.378821,52.443686]],[[-8.391112,52.58566],[-8.386807,52.582798]],[[-8.391112,52.58566],[-8.386807,52.582798]],[[-8.386807,52.582798],[-8.382951,52.580528],[-8.380463,52.579529],[-8.37789,52.578801],[-8.361785,52.576118],[-8.348878,52.574593],[-8.346336,52.573971],[-8.338467,52.57128],[-8.336279,52.570729],[-8.322899,52.568717],[-8.320357,52.567987],[-8.318284,52.566968],[-8.316475,52.565552],[-8.311143,52.558268],[-8.309241,52.556332],[-8.307167,52.554935],[-8.302462,52.55261],[-8.300122,52.55116],[-8.29158,52.543775],[-8.286546,52.540569],[-8.283708,52.539282],[-8.279009,52.537514],[-8.276322,52.536801],[-8.269621,52.535468],[-8.266667,52.534486],[-8.263797,52.532677],[-8.260887,52.529106],[-8.258961,52.527402],[-8.256329,52.525808],[-8.253552,52.5247],[-8.251014,52.524058],[-8.228447,52.520167]],[[-8.386108,51.905631],[-8.385497,51.905633]],[[-8.386108,51.905631],[-8.385497,51.905633]],[[-8.385497,51.905633],[-8.383348,51.905784]],[[-8.385497,51.905633],[-8.382912,51.905803],[-8.379894,51.906335]],[[-8.383348,51.905784],[-8.379894,51.906335]],[[-8.383348,51.905784],[-8.378064,51.906574],[-8.36246,51.907127]],[[-8.379894,51.906335],[-8.372398,51.906772]],[[-8.379894,51.906335],[-8.376989,51.906632],[-8.372398,51.906772]],[[-8.378821,52.443686],[-8.377823,52.443959]],[[-8.378821,52.443686],[-8.37207,52.445451]],[[-8.377823,52.443959],[-8.376796,52.444232]],[[-8.376796,52.444232],[-8.373978,52.44496]],[[-8.376796,52.444232],[-8.373978,52.44496]],[[-8.373978,52.44496],[-8.37207,52.445451]],[[-8.373978,52.44496],[-8.361858,52.448647]],[[-8.372398,51.906772],[-8.371875,51.906792]],[[-8.372398,51.906772],[-8.371875,51.906792]],[[-8.37207,52.445451],[-8.368284,52.446614]],[[-8.37207,52.445451],[-8.368284,52.446614]],[[-8.371875,51.906792],[-8.36246,51.907127]],[[-8.371875,51.906792],[-8.358799,51.907264]],[[-8.368284,52.446614],[-8.362767,52.448339]],[[-8.368284,52.446614],[-8.362767,52.448339]],[[-8.362767,52.448339],[-8.361858,52.448647]],[[-8.362767,52.448339],[-8.344395,52.454128]],[[-8.36246,51.907127],[-8.358799,51.907264]],[[-8.36246,51.907127],[-8.358276,51.907319],[-8.353776,51.907926]],[[-8.361858,52.448647],[-8.360214,52.449173]],[[-8.361858,52.448647],[-8.360214,52.449173]],[[-8.360214,52.449173],[-8.359246,52.449482]],[[-8.359246,52.449482],[-8.356693,52.450281]],[[-8.359246,52.449482],[-8.356693,52.450281]],[[-8.358799,51.907264],[-8.354704,51.907744]],[[-8.358799,51.907264],[-8.353775,51.90789],[-8.344288,51.91022]],[[-8.356693,52.450281],[-8.355372,52.450698]],[[-8.355372,52.450698],[-8.353699,52.451224]],[[-8.355372,52.450698],[-8.353699,52.451224]],[[-8.354704,51.907744],[-8.353776,51.907926]],[[-8.353776,51.907926],[-8.349482,51.908982]],[[-8.353776,51.907926],[-8.349482,51.908982]],[[-8.353699,52.451224],[-8.353376,52.451333]],[[-8.353699,52.451224],[-8.353376,52.451333]],[[-8.353376,52.451333],[-8.351733,52.451859]],[[-8.351733,52.451859],[-8.349561,52.452531]],[[-8.351733,52.451859],[-8.349561,52.452531]],[[-8.349561,52.452531],[-8.348944,52.45273]],[[-8.349482,51.908982],[-8.344288,51.91022]],[[-8.349482,51.908982],[-8.344579,51.910201],[-8.339903,51.910844],[-8.332873,51.911457],[-8.32767,51.911418]],[[-8.348944,52.45273],[-8.344395,52.454128]],[[-8.348944,52.45273],[-8.336527,52.456613]],[[-8.344395,52.454128],[-8.336762,52.456523]],[[-8.344395,52.454128],[-8.336762,52.456523]],[[-8.344288,51.91022],[-8.343475,51.910366]],[[-8.344288,51.91022],[-8.343475,51.910366]],[[-8.343475,51.910366],[-8.336214,51.911196]],[[-8.343475,51.910366],[-8.336214,51.911196]],[[-8.336762,52.456523],[-8.336527,52.456613]],[[-8.336762,52.456523],[-8.334267,52.457303]],[[-8.336527,52.456613],[-8.334267,52.457303]],[[-8.336527,52.456613],[-8.330626,52.458446]],[[-8.336214,51.911196],[-8.332408,51.911458],[-8.32767,51.911418]],[[-8.336214,51.911196],[-8.331827,51.91146],[-8.325983,51.911279]],[[-8.334267,52.457303],[-8.333239,52.457629]],[[-8.334267,52.457303],[-8.333239,52.457629]],[[-8.333239,52.457629],[-8.330626,52.458446]],[[-8.333239,52.457629],[-8.319674,52.461802]],[[-8.330626,52.458446],[-8.329599,52.458772]],[[-8.330626,52.458446],[-8.329599,52.458772]],[[-8.329599,52.458772],[-8.3217,52.461203]],[[-8.329599,52.458772],[-8.3217,52.461203]],[[-8.32767,51.911418],[-8.325983,51.911279]],[[-8.32767,51.911418],[-8.324092,51.911122]],[[-8.326556,51.854016],[-8.326555,51.853962]],[[-8.326556,51.854016],[-8.32653,51.854429]],[[-8.326556,51.854016],[-8.326527,51.854106]],[[-8.326555,51.853962],[-8.326494,51.853441]],[[-8.326555,51.853962],[-8.326494,51.853441]],[[-8.32653,51.854429],[-8.326527,51.854106]],[[-8.32653,51.854429],[-8.326474,51.854735]],[[-8.32653,51.854429],[-8.326473,51.854609]],[[-8.326527,51.854106],[-8.326473,51.854609]],[[-8.326527,51.854106],[-8.325874,51.852058]],[[-8.326494,51.853441],[-8.326315,51.852866]],[[-8.326494,51.853441],[-8.326315,51.852866]],[[-8.326474,51.854735],[-8.326473,51.854609]],[[-8.326474,51.854735],[-8.326332,51.855167]],[[-8.326474,51.854735],[-8.326332,51.855167]],[[-8.326473,51.854609],[-8.324901,51.858083],[-8.325525,51.864123]],[[-8.326332,51.855167],[-8.325128,51.857328]],[[-8.326332,51.855167],[-8.325128,51.857328]],[[-8.326315,51.852866],[-8.326109,51.852399]],[[-8.326315,51.852866],[-8.326109,51.852399]],[[-8.326109,51.852399],[-8.325874,51.852058]],[[-8.326109,51.852399],[-8.325171,51.851215]],[[-8.325983,51.911279],[-8.325401,51.911226]],[[-8.325983,51.911279],[-8.32287,51.910981]],[[-8.325874,51.852058],[-8.325171,51.851215]],[[-8.325874,51.852058],[-8.324383,51.850624],[-8.322489,51.849604]],[[-8.325525,51.864123],[-8.325501,51.864698]],[[-8.325525,51.864123],[-8.32549,51.863224]],[[-8.325525,51.864123],[-8.325107,51.866497]],[[-8.325501,51.864698],[-8.32549,51.863224]],[[-8.325501,51.864698],[-8.325361,51.865417]],[[-8.325501,51.864698],[-8.325361,51.865417]],[[-8.32549,51.863224],[-8.325028,51.859611]],[[-8.32549,51.863224],[-8.325028,51.859611]],[[-8.325401,51.911226],[-8.324092,51.911122]],[[-8.325361,51.865417],[-8.325107,51.866497]],[[-8.325361,51.865417],[-8.324882,51.86754],[-8.323453,51.870672],[-8.323462,51.871985],[-8.323996,51.873529]],[[-8.325171,51.851215],[-8.32243,51.849568]],[[-8.325171,51.851215],[-8.324033,51.850355],[-8.321644,51.849139]],[[-8.325128,51.857328],[-8.324959,51.858029]],[[-8.325128,51.857328],[-8.324959,51.858029]],[[-8.325107,51.866497],[-8.324252,51.868818]],[[-8.325107,51.866497],[-8.324252,51.868818]],[[-8.325028,51.859611],[-8.324934,51.858641]],[[-8.325028,51.859611],[-8.324934,51.858641]],[[-8.324959,51.858029],[-8.324934,51.858641]],[[-8.324959,51.858029],[-8.324934,51.858641]],[[-8.324443,51.875056],[-8.324418,51.875686]],[[-8.324443,51.875056],[-8.324262,51.874176]],[[-8.324443,51.875056],[-8.324262,51.874176]],[[-8.324443,51.875056],[-8.32425,51.876531],[-8.323474,51.877738]],[[-8.324418,51.875686],[-8.324144,51.873943]],[[-8.324418,51.875686],[-8.324107,51.876801],[-8.323474,51.877738]],[[-8.324418,51.875686],[-8.323474,51.877702],[-8.320877,51.8801],[-8.319812,51.881541],[-8.318984,51.883521],[-8.318849,51.885014]],[[-8.324262,51.874176],[-8.324144,51.873871]],[[-8.324262,51.874176],[-8.324144,51.873943]],[[-8.324252,51.868818],[-8.324166,51.868962]],[[-8.324166,51.868962],[-8.323339,51.871104],[-8.323464,51.872272],[-8.324144,51.873943]],[[-8.324166,51.868962],[-8.323369,51.871158],[-8.323996,51.873529]],[[-8.324144,51.873871],[-8.324144,51.873943]],[[-8.324144,51.873871],[-8.323996,51.873529]],[[-8.324092,51.911122],[-8.32287,51.910999]],[[-8.324092,51.911122],[-8.32287,51.911017]],[[-8.323474,51.877738],[-8.323071,51.87817]],[[-8.323474,51.877738],[-8.323071,51.87817]],[[-8.323071,51.87817],[-8.322753,51.878441]],[[-8.32287,51.910981],[-8.320194,51.910719]],[[-8.32287,51.910981],[-8.319871,51.91036],[-8.317655,51.909342],[-8.316105,51.908051],[-8.315046,51.906131],[-8.315006,51.904638],[-8.315995,51.900663],[-8.318288,51.896144]],[[-8.32287,51.910999],[-8.320194,51.910719]],[[-8.32287,51.910999],[-8.319639,51.910307]],[[-8.32287,51.911017],[-8.321212,51.91077],[-8.319639,51.910307]],[[-8.32287,51.911017],[-8.315367,51.910462]],[[-8.322753,51.878441],[-8.320848,51.88019]],[[-8.322753,51.878441],[-8.320848,51.88019]],[[-8.322489,51.849604],[-8.32243,51.849568]],[[-8.32243,51.849568],[-8.321644,51.849139]],[[-8.32243,51.849568],[-8.320973,51.848781],[-8.319747,51.84776]],[[-8.3217,52.461203],[-8.319674,52.461802]],[[-8.3217,52.461203],[-8.311422,52.464358]],[[-8.321644,51.849139],[-8.321265,51.848924]],[[-8.321644,51.849139],[-8.321265,51.848924]],[[-8.321265,51.848924],[-8.319747,51.84776]],[[-8.321265,51.848924],[-8.319018,51.847277]],[[-8.320848,51.88019],[-8.319469,51.882297]],[[-8.320848,51.88019],[-8.319469,51.882297]],[[-8.320194,51.910719],[-8.315367,51.910462]],[[-8.320194,51.910719],[-8.315367,51.910462]],[[-8.319747,51.84776],[-8.319018,51.847277]],[[-8.319747,51.84776],[-8.318523,51.847062],[-8.316603,51.846492]],[[-8.319674,52.461802],[-8.311422,52.464358]],[[-8.319674,52.461802],[-8.303991,52.466625]],[[-8.319639,51.910307],[-8.318064,51.909628],[-8.316369,51.908374],[-8.315548,51.907334],[-8.314956,51.905843]],[[-8.319639,51.910307],[-8.318035,51.909628],[-8.316574,51.908589],[-8.315548,51.907352],[-8.314956,51.905843]],[[-8.319469,51.882297],[-8.318875,51.884618]],[[-8.319469,51.882297],[-8.318875,51.884618]],[[-8.319199,51.893355],[-8.318875,51.884618]],[[-8.319199,51.893355],[-8.31886,51.894758]],[[-8.319199,51.893355],[-8.31886,51.894758]],[[-8.319199,51.893355],[-8.318849,51.885014]],[[-8.319018,51.847277],[-8.318989,51.847259]],[[-8.318989,51.847259],[-8.318581,51.847062]],[[-8.318989,51.847259],[-8.318581,51.847062]],[[-8.318875,51.884618],[-8.318849,51.885014]],[[-8.31886,51.894758],[-8.318688,51.895154]],[[-8.31886,51.894758],[-8.31866,51.895298]],[[-8.318849,51.885014],[-8.319196,51.892977],[-8.318688,51.895154]],[[-8.318688,51.895154],[-8.31866,51.895298]],[[-8.318688,51.895154],[-8.318317,51.896018]],[[-8.31866,51.895298],[-8.318575,51.895514]],[[-8.318581,51.847062],[-8.317184,51.846616]],[[-8.318581,51.847062],[-8.317184,51.846616]],[[-8.318575,51.895514],[-8.318288,51.896144]],[[-8.318575,51.895514],[-8.318288,51.896144]],[[-8.318317,51.896018],[-8.31588,51.900789],[-8.314948,51.904639],[-8.314956,51.905843]],[[-8.318288,51.896144],[-8.315938,51.900789],[-8.314977,51.904639],[-8.314956,51.905843]],[[-8.317184,51.846616],[-8.316981,51.846563]],[[-8.317184,51.846616],[-8.316981,51.846563]],[[-8.316981,51.846563],[-8.316603,51.846492]],[[-8.316981,51.846563],[-8.31608,51.846386]],[[-8.316603,51.846492],[-8.31608,51.846386]],[[-8.316603,51.846492],[-8.313757,51.846338],[-8.311523,51.846542]],[[-8.31608,51.846386],[-8.313757,51.84632],[-8.311523,51.846542]],[[-8.31608,51.846386],[-8.31396,51.846301],[-8.311552,51.846505],[-8.304654,51.84798]],[[-8.315367,51.910462],[-8.312257,51.910597],[-8.304618,51.911426],[-8.294589,51.911451],[-8.288777,51.911825],[-8.283027,51.912648],[-8.270107,51.915375]],[[-8.314519,52.794913],[-8.313926,52.794914]],[[-8.314519,52.794913],[-8.313926,52.794914]],[[-8.313926,52.794914],[-8.310042,52.79505],[-8.30536,52.79562]],[[-8.311523,51.846542],[-8.311291,51.846578]],[[-8.311422,52.464358],[-8.307604,52.465537]],[[-8.311422,52.464358],[-8.307604,52.465537]],[[-8.311291,51.846578],[-8.305523,51.847798]],[[-8.311291,51.846578],[-8.305523,51.847798]],[[-8.309808,53.967573],[-8.304778,53.967478]],[[-8.309808,53.967573],[-8.305814,53.967458],[-8.302432,53.967664]],[[-8.309808,53.967573],[-8.305449,53.967495],[-8.302432,53.967664]],[[-8.307604,52.465537],[-8.303991,52.466625]],[[-8.307604,52.465537],[-8.290244,52.470866]],[[-8.305523,51.847798],[-8.304161,51.848071]],[[-8.305523,51.847798],[-8.303755,51.848162]],[[-8.30536,52.79562],[-8.297716,52.79661]],[[-8.30536,52.79562],[-8.297716,52.79661]],[[-8.304778,53.967478],[-8.302432,53.967664]],[[-8.304654,51.84798],[-8.304335,51.848035]],[[-8.304654,51.84798],[-8.304335,51.848035]],[[-8.304335,51.848035],[-8.304161,51.848071]],[[-8.304161,51.848071],[-8.303755,51.848162]],[[-8.303991,52.466625],[-8.302552,52.467078]],[[-8.303991,52.466625],[-8.302552,52.467078]],[[-8.303755,51.848162],[-8.300246,51.848746]],[[-8.302552,52.467078],[-8.2975,52.468619]],[[-8.302552,52.467078],[-8.2975,52.468619]],[[-8.302432,53.967664],[-8.295218,53.969066],[-8.289947,53.969402],[-8.279369,53.969283],[-8.27699,53.969109],[-8.270492,53.968243],[-8.264632,53.967034],[-8.261429,53.96661],[-8.257405,53.966583],[-8.249851,53.967389],[-8.24662,53.967378],[-8.244546,53.967185],[-8.233653,53.965211],[-8.229624,53.964177],[-8.194939,53.950849],[-8.191552,53.949794],[-8.17621,53.945792],[-8.143777,53.940749],[-8.112461,53.939884]],[[-8.297716,52.79661],[-8.295791,52.796902]],[[-8.2975,52.468619],[-8.290244,52.470866]],[[-8.2975,52.468619],[-8.272674,52.476247]],[[-8.295791,52.796902],[-8.29502,52.797048]],[[-8.295791,52.796902],[-8.29502,52.797048]],[[-8.29502,52.797048],[-8.289751,52.798409],[-8.284752,52.800488]],[[-8.290244,52.470866],[-8.273497,52.476011]],[[-8.290244,52.470866],[-8.273497,52.476011]],[[-8.284752,52.800488],[-8.284516,52.800615]],[[-8.284752,52.800488],[-8.284516,52.800615]],[[-8.284516,52.800615],[-8.28425,52.800759]],[[-8.284516,52.800615],[-8.28425,52.800759]],[[-8.28425,52.800759],[-8.280056,52.803501],[-8.265364,52.816531],[-8.249071,52.836466],[-8.247359,52.838141],[-8.24529,52.839691],[-8.242833,52.841044],[-8.233772,52.845269],[-8.205348,52.855423],[-8.194829,52.860582]],[[-8.273497,52.476011],[-8.272674,52.476247]],[[-8.273497,52.476011],[-8.268001,52.477534]],[[-8.272674,52.476247],[-8.268001,52.477534]],[[-8.272674,52.476247],[-8.267913,52.477534],[-8.260797,52.47906]],[[-8.270107,51.915375],[-8.269439,51.915485]],[[-8.270107,51.915375],[-8.269439,51.915485]],[[-8.269439,51.915485],[-8.262293,51.916472]],[[-8.269439,51.915485],[-8.264326,51.916215],[-8.257382,51.916878],[-8.248722,51.91758],[-8.242298,51.917791]],[[-8.269439,51.915485],[-8.262264,51.916436],[-8.248954,51.917543],[-8.239274,51.917743]],[[-8.268001,52.477534],[-8.26165,52.478842]],[[-8.268001,52.477534],[-8.26165,52.478842]],[[-8.262293,51.916472],[-8.247792,51.917654],[-8.242298,51.917791]],[[-8.26165,52.478842],[-8.260797,52.47906]],[[-8.26165,52.478842],[-8.259739,52.47935]],[[-8.260797,52.47906],[-8.259739,52.47935]],[[-8.260797,52.47906],[-8.258886,52.479585]],[[-8.259739,52.47935],[-8.259621,52.479386]],[[-8.259621,52.479386],[-8.258886,52.479585]],[[-8.259621,52.479386],[-8.255948,52.480544]],[[-8.258886,52.479585],[-8.257446,52.480038]],[[-8.257446,52.480038],[-8.255948,52.480544]],[[-8.257446,52.480038],[-8.255066,52.480816]],[[-8.255948,52.480544],[-8.255066,52.480816]],[[-8.255948,52.480544],[-8.247572,52.483367]],[[-8.255066,52.480816],[-8.254126,52.481142]],[[-8.254126,52.481142],[-8.251687,52.481974]],[[-8.254126,52.481142],[-8.251687,52.481974]],[[-8.251687,52.481974],[-8.248572,52.483023]],[[-8.251687,52.481974],[-8.248572,52.483023]],[[-8.250163,53.334848],[-8.246142,53.335431]],[[-8.250163,53.334848],[-8.245302,53.335559]],[[-8.248572,52.483023],[-8.24766,52.48333]],[[-8.24766,52.48333],[-8.247631,52.483348]],[[-8.24766,52.48333],[-8.247631,52.483348]],[[-8.247631,52.483348],[-8.247572,52.483367]],[[-8.247631,52.483348],[-8.245045,52.484217]],[[-8.247572,52.483367],[-8.245339,52.484126]],[[-8.246142,53.335431],[-8.245302,53.335559]],[[-8.246142,53.335431],[-8.242482,53.335924]],[[-8.246142,53.335431],[-8.239302,53.336434],[-8.236063,53.337195]],[[-8.245339,52.484126],[-8.245045,52.484217]],[[-8.245339,52.484126],[-8.23946,52.486116]],[[-8.245302,53.335559],[-8.243472,53.335814]],[[-8.245045,52.484217],[-8.240842,52.485627]],[[-8.245045,52.484217],[-8.240842,52.485627]],[[-8.243472,53.335814],[-8.242482,53.335924]],[[-8.243472,53.335814],[-8.240292,53.33627]],[[-8.242482,53.335924],[-8.239182,53.336434],[-8.236063,53.337195]],[[-8.242298,51.917791],[-8.24192,51.917792]],[[-8.24192,51.917792],[-8.239274,51.917743]],[[-8.24192,51.917792],[-8.239274,51.917743]],[[-8.240842,52.485627],[-8.23946,52.486116]],[[-8.240842,52.485627],[-8.235845,52.487309],[-8.231262,52.489296]],[[-8.240292,53.33627],[-8.236063,53.337195]],[[-8.23946,52.486116],[-8.237579,52.486749]],[[-8.23946,52.486116],[-8.237579,52.486749]],[[-8.239274,51.917743],[-8.224681,51.918185],[-8.193957,51.91975],[-8.180791,51.92094]],[[-8.237579,52.486749],[-8.232555,52.48879]],[[-8.237579,52.486749],[-8.235463,52.487472],[-8.232555,52.48879]],[[-8.236063,53.337195],[-8.142059,53.369966],[-7.956668,53.424989],[-7.952755,53.425904]],[[-8.232555,52.48879],[-8.231262,52.489296]],[[-8.232555,52.48879],[-8.229645,52.489874]],[[-8.231262,52.489296],[-8.229645,52.489874]],[[-8.231262,52.489296],[-8.228351,52.490218],[-8.225144,52.490925],[-8.216873,52.491768],[-8.213342,52.492457],[-8.209079,52.493831],[-8.206316,52.495166]],[[-8.229645,52.489874],[-8.22438,52.491071],[-8.215637,52.491986],[-8.21049,52.493343]],[[-8.229645,52.489874],[-8.22438,52.491089],[-8.218522,52.491603],[-8.215343,52.492058],[-8.21049,52.493343]],[[-8.228447,52.520167],[-8.228359,52.520167]],[[-8.228447,52.520167],[-8.228359,52.520167]],[[-8.228359,52.520167],[-8.220572,52.518726],[-8.214315,52.516742],[-8.203483,52.51304],[-8.201327,52.511911],[-8.199759,52.510529]],[[-8.21049,52.493343],[-8.210137,52.49347]],[[-8.210137,52.49347],[-8.207727,52.494463]],[[-8.210137,52.49347],[-8.207727,52.494463]],[[-8.207727,52.494463],[-8.20661,52.495022]],[[-8.207727,52.494463],[-8.20661,52.495022]],[[-8.20661,52.495022],[-8.206316,52.495166]],[[-8.20661,52.495022],[-8.203527,52.497023],[-8.201415,52.498968]],[[-8.206316,52.495166],[-8.203938,52.496662],[-8.201913,52.49841]],[[-8.206316,52.495166],[-8.204084,52.496572],[-8.201913,52.49841]],[[-8.201913,52.49841],[-8.201415,52.498968]],[[-8.201913,52.49841],[-8.200536,52.499922]],[[-8.201415,52.498968],[-8.200214,52.50039]],[[-8.201415,52.498968],[-8.199511,52.501182]],[[-8.200536,52.499922],[-8.200419,52.500066]],[[-8.200536,52.499922],[-8.199276,52.501326],[-8.199598,52.50102]],[[-8.200419,52.500066],[-8.200214,52.50039]],[[-8.200419,52.500066],[-8.199598,52.50102]],[[-8.200214,52.50039],[-8.19998,52.50066]],[[-8.19998,52.50066],[-8.199833,52.500858]],[[-8.19998,52.50066],[-8.199686,52.501002]],[[-8.199833,52.500858],[-8.199745,52.501002]],[[-8.199833,52.500858],[-8.200068,52.500642],[-8.199745,52.501002]],[[-8.199833,52.500858],[-8.199686,52.501002]],[[-8.199759,52.510529],[-8.1997,52.510476]],[[-8.199759,52.510529],[-8.198929,52.509488]],[[-8.199745,52.501002],[-8.197577,52.503504]],[[-8.1997,52.510476],[-8.198841,52.509398]],[[-8.1997,52.510476],[-8.19887,52.509362],[-8.197619,52.506398]],[[-8.199686,52.501002],[-8.199511,52.501182]],[[-8.199598,52.50102],[-8.196756,52.504315]],[[-8.199579,53.626527],[-8.199518,53.626509]],[[-8.199579,53.626527],[-8.199155,53.62642]],[[-8.199518,53.626509],[-8.199155,53.62642]],[[-8.199518,53.626509],[-8.198125,53.626044]],[[-8.199511,52.501182],[-8.198807,52.50201]],[[-8.199511,52.501182],[-8.198807,52.50201]],[[-8.199155,53.62642],[-8.198943,53.626366]],[[-8.198943,53.626366],[-8.198852,53.62633]],[[-8.198943,53.626366],[-8.198852,53.62633]],[[-8.198929,52.509488],[-8.198752,52.509291]],[[-8.198929,52.509488],[-8.197619,52.506398]],[[-8.198852,53.62633],[-8.19864,53.626277]],[[-8.198852,53.62633],[-8.19864,53.626277]],[[-8.198841,52.509398],[-8.198752,52.509291]],[[-8.198841,52.509398],[-8.197619,52.506398]],[[-8.198807,52.50201],[-8.197518,52.503486]],[[-8.198807,52.50201],[-8.196932,52.504189]],[[-8.198752,52.509291],[-8.197657,52.508322],[-8.196418,52.50791],[-8.194562,52.507824],[-8.193297,52.508239]],[[-8.19864,53.626277],[-8.198125,53.626044]],[[-8.19864,53.626277],[-8.197974,53.62599]],[[-8.198125,53.626044],[-8.197974,53.62599]],[[-8.198125,53.626044],[-8.197428,53.625632]],[[-8.197974,53.62599],[-8.197428,53.625632]],[[-8.197974,53.62599],[-8.197276,53.625542]],[[-8.197619,52.506398],[-8.197411,52.505895]],[[-8.197577,52.503504],[-8.197372,52.503792]],[[-8.197577,52.503504],[-8.196932,52.504189]],[[-8.197518,52.503486],[-8.197372,52.503792]],[[-8.197518,52.503486],[-8.196785,52.504351]],[[-8.197428,53.625632],[-8.197276,53.625542]],[[-8.197428,53.625632],[-8.196546,53.624573]],[[-8.197411,52.505895],[-8.197321,52.50559]],[[-8.197411,52.505895],[-8.197232,52.505464]],[[-8.197411,52.505895],[-8.197232,52.505464]],[[-8.197372,52.503792],[-8.197109,52.504386],[-8.197201,52.505033]],[[-8.197321,52.50559],[-8.197231,52.505231]],[[-8.197321,52.50559],[-8.197231,52.505231]],[[-8.197276,53.625542],[-8.197155,53.625452]],[[-8.197276,53.625542],[-8.197155,53.625452]],[[-8.197232,52.505464],[-8.196785,52.504369]],[[-8.197231,52.505231],[-8.197201,52.505033]],[[-8.197231,52.505231],[-8.197201,52.505033]],[[-8.197155,53.625452],[-8.196821,53.625111]],[[-8.197155,53.625452],[-8.196821,53.625111]],[[-8.196932,52.504189],[-8.196785,52.504369]],[[-8.196821,53.625111],[-8.196546,53.624573]],[[-8.196821,53.625111],[-8.196424,53.624357]],[[-8.196785,52.504351],[-8.196785,52.504369]],[[-8.196785,52.504351],[-8.196756,52.504315]],[[-8.196785,52.504351],[-8.194733,52.506673]],[[-8.196785,52.504369],[-8.196492,52.504693]],[[-8.196756,52.504315],[-8.196082,52.505107]],[[-8.196756,52.504315],[-8.194195,52.498081],[-8.192208,52.49501],[-8.189812,52.492641],[-8.181861,52.485769],[-8.180027,52.483578],[-8.178988,52.481549],[-8.177524,52.476374],[-8.176517,52.474829],[-8.175217,52.473663],[-8.172444,52.472085],[-8.169761,52.4711],[-8.166491,52.470439]],[[-8.196546,53.624573],[-8.195628,53.62222]],[[-8.196546,53.624573],[-8.195231,53.62134]],[[-8.196492,52.504693],[-8.196082,52.505107]],[[-8.196492,52.504693],[-8.19444,52.507051],[-8.19268,52.508618]],[[-8.196424,53.624357],[-8.195628,53.62222]],[[-8.196082,52.505107],[-8.194733,52.506673]],[[-8.195628,53.62222],[-8.195536,53.622004]],[[-8.195628,53.62222],[-8.195414,53.621735]],[[-8.195536,53.622004],[-8.195414,53.621735]],[[-8.195536,53.622004],[-8.195231,53.62134]],[[-8.195414,53.621735],[-8.195262,53.621465]],[[-8.195414,53.621735],[-8.195262,53.621465]],[[-8.195262,53.621465],[-8.194198,53.620263]],[[-8.195262,53.621465],[-8.194198,53.620263]],[[-8.195231,53.62134],[-8.194441,53.620424],[-8.19344,53.619725]],[[-8.194829,52.860582],[-8.194681,52.860672]],[[-8.194733,52.506673],[-8.192885,52.50842]],[[-8.194733,52.506673],[-8.192885,52.50842]],[[-8.194681,52.860672],[-8.194562,52.860726]],[[-8.194681,52.860672],[-8.194562,52.860726]],[[-8.194562,52.860726],[-8.191302,52.862314],[-8.18721,52.863758]],[[-8.194562,52.860726],[-8.191065,52.862386],[-8.18721,52.863758]],[[-8.194198,53.620263],[-8.193683,53.619886]],[[-8.194198,53.620263],[-8.193683,53.619886]],[[-8.193683,53.619886],[-8.19344,53.619725]],[[-8.193683,53.619886],[-8.19344,53.619725]],[[-8.19344,53.619725],[-8.18529,53.615496],[-8.181565,53.613902],[-8.161925,53.607622],[-8.154242,53.605763],[-8.150613,53.605103],[-8.146986,53.604784],[-8.138162,53.604956],[-8.133296,53.60471],[-8.128852,53.60405],[-8.123802,53.602743],[-8.120232,53.601416],[-8.115723,53.598977],[-8.106853,53.592335]],[[-8.193297,52.508239],[-8.192944,52.508455]],[[-8.193297,52.508239],[-8.192944,52.508455]],[[-8.192944,52.508455],[-8.19268,52.508618]],[[-8.192944,52.508455],[-8.192503,52.508726]],[[-8.192885,52.50842],[-8.192503,52.508726]],[[-8.192885,52.50842],[-8.191593,52.509374]],[[-8.19268,52.508618],[-8.189155,52.51105]],[[-8.192503,52.508726],[-8.191593,52.509374]],[[-8.191593,52.509374],[-8.189155,52.51105]],[[-8.191593,52.509374],[-8.184952,52.513681]],[[-8.189155,52.51105],[-8.187891,52.511897]],[[-8.189155,52.51105],[-8.187891,52.511897]],[[-8.187891,52.511897],[-8.184952,52.513681]],[[-8.187891,52.511897],[-8.182659,52.514925],[-8.178483,52.516765],[-8.175246,52.517921]],[[-8.18721,52.863758],[-8.181395,52.865295],[-8.178311,52.866612],[-8.176178,52.867945],[-8.170078,52.872951]],[[-8.184952,52.513681],[-8.178983,52.516531]],[[-8.184952,52.513681],[-8.178983,52.516531]],[[-8.180791,51.92094],[-8.178524,51.921141]],[[-8.180791,51.92094],[-8.178524,51.921141]],[[-8.180791,51.92094],[-8.177681,51.92116],[-8.178524,51.921141]],[[-8.178983,52.516531],[-8.17607,52.517632]],[[-8.178983,52.516531],[-8.17607,52.517632]],[[-8.178524,51.921141],[-8.175471,51.921217]],[[-8.17607,52.517632],[-8.175246,52.517921]],[[-8.17607,52.517632],[-8.16259,52.522145]],[[-8.175246,52.517921],[-8.174245,52.518264]],[[-8.175246,52.517921],[-8.174245,52.518264]],[[-8.174245,52.518264],[-8.173274,52.518589]],[[-8.174245,52.518264],[-8.173274,52.518589]],[[-8.173274,52.518589],[-8.172509,52.518841]],[[-8.173274,52.518589],[-8.172509,52.518841]],[[-8.172509,52.518841],[-8.17192,52.51904]],[[-8.172509,52.518841],[-8.17192,52.51904]],[[-8.17192,52.51904],[-8.17089,52.519383]],[[-8.17192,52.51904],[-8.17089,52.519383]],[[-8.17089,52.519383],[-8.16259,52.522145]],[[-8.17089,52.519383],[-8.158204,52.523625]],[[-8.170078,52.872951],[-8.170049,52.872987]],[[-8.170078,52.872951],[-8.170049,52.872987]],[[-8.170049,52.872987],[-8.144095,52.894448],[-8.142138,52.895817],[-8.14012,52.896844],[-8.137478,52.897817],[-8.134478,52.898504],[-8.118698,52.900264],[-8.115429,52.900357],[-8.110345,52.900146],[-8.085407,52.901281],[-8.082078,52.901643],[-8.079077,52.9024],[-8.07676,52.903355],[-8.075423,52.904128],[-8.0609,52.914724],[-8.04346,52.929363],[-8.041528,52.930766],[-8.039298,52.931935],[-8.037037,52.932799],[-8.024664,52.936343]],[[-8.166491,52.470439],[-8.165402,52.470315]],[[-8.166491,52.470439],[-8.163046,52.470157]],[[-8.165402,52.470315],[-8.158836,52.470054]],[[-8.165402,52.470315],[-8.158836,52.470054]],[[-8.163046,52.470157],[-8.158836,52.470054]],[[-8.16259,52.522145],[-8.158204,52.523625]],[[-8.16259,52.522145],[-8.142071,52.529003]],[[-8.158836,52.470054],[-8.156304,52.46968],[-8.146169,52.467069],[-8.142076,52.466606],[-8.139692,52.466609],[-8.137427,52.466864],[-8.128339,52.469354],[-8.113889,52.470484],[-8.110945,52.470505],[-8.10753,52.470292],[-8.094192,52.468578],[-8.091836,52.467986],[-8.089538,52.466981],[-8.085824,52.464162],[-8.082878,52.462726],[-8.079109,52.461812],[-8.073428,52.461276],[-8.070955,52.460504],[-8.069128,52.459427],[-8.067595,52.45772],[-8.05907,52.442229],[-8.057244,52.440288],[-8.052327,52.436659]],[[-8.158204,52.523625],[-8.147371,52.527252]],[[-8.158204,52.523625],[-8.147371,52.527252]],[[-8.147371,52.527252],[-8.144073,52.528353]],[[-8.147371,52.527252],[-8.144073,52.528353]],[[-8.144073,52.528353],[-8.143337,52.528606]],[[-8.144073,52.528353],[-8.143337,52.528606]],[[-8.143337,52.528606],[-8.142071,52.529003]],[[-8.143337,52.528606],[-8.140776,52.529454]],[[-8.142071,52.529003],[-8.140776,52.529454]],[[-8.142071,52.529003],[-8.12882,52.533422]],[[-8.140776,52.529454],[-8.137655,52.5305]],[[-8.140776,52.529454],[-8.137655,52.5305]],[[-8.137655,52.5305],[-8.134622,52.53151]],[[-8.137655,52.5305],[-8.134622,52.53151]],[[-8.134622,52.53151],[-8.130352,52.532935]],[[-8.134622,52.53151],[-8.130352,52.532935]],[[-8.130352,52.532935],[-8.12882,52.533422]],[[-8.130352,52.532935],[-8.105905,52.541085]],[[-8.12882,52.533422],[-8.128761,52.53344]],[[-8.12882,52.533422],[-8.128761,52.53344]],[[-8.128761,52.53344],[-8.11215,52.538994]],[[-8.128761,52.53344],[-8.11215,52.538994]],[[-8.112461,53.939884],[-8.112339,53.939884]],[[-8.112461,53.939884],[-8.112095,53.939848]],[[-8.112339,53.939884],[-8.112126,53.939866]],[[-8.112339,53.939884],[-8.112126,53.939866]],[[-8.11215,52.538994],[-8.109351,52.539913]],[[-8.11215,52.538994],[-8.109351,52.539913]],[[-8.112126,53.939866],[-8.112095,53.939848]],[[-8.112126,53.939866],[-8.111821,53.93983]],[[-8.112095,53.939848],[-8.111821,53.93983]],[[-8.112095,53.939848],[-8.110297,53.939544],[-8.107981,53.938881]],[[-8.111821,53.93983],[-8.109993,53.939527],[-8.107981,53.938881]],[[-8.111821,53.93983],[-8.109962,53.939491],[-8.107981,53.938881]],[[-8.109351,52.539913],[-8.107053,52.540688]],[[-8.109351,52.539913],[-8.107053,52.540688]],[[-8.107981,53.938881],[-8.106547,53.938308]],[[-8.107053,52.540688],[-8.105905,52.541085]],[[-8.107053,52.540688],[-8.0963,52.544257]],[[-8.106853,53.592335],[-8.106672,53.592191]],[[-8.106853,53.592335],[-8.106672,53.592191]],[[-8.106672,53.592191],[-8.100105,53.587326],[-8.09345,53.58318],[-8.088065,53.57905],[-8.086129,53.5772],[-8.083615,53.573589],[-8.080703,53.566762],[-8.072473,53.556324],[-8.068959,53.548544],[-8.06657,53.54558],[-8.064093,53.543622],[-8.058808,53.540767],[-8.05455,53.538001],[-8.044464,53.529863],[-8.0422,53.527618],[-8.039995,53.524725],[-8.038605,53.522119],[-8.037637,53.519208],[-8.036728,53.513474],[-8.035941,53.510743],[-8.035095,53.508802],[-8.033073,53.505513],[-8.030025,53.502081],[-8.02713,53.499602],[-8.024265,53.497607],[-8.017089,53.493169],[-8.013863,53.490581],[-8.011904,53.488586],[-8.009854,53.485944],[-8.008317,53.483141],[-8.007141,53.479582],[-8.006417,53.475304],[-8.005212,53.471674],[-8.003283,53.46772],[-8.000873,53.464287],[-7.997832,53.460926],[-7.993315,53.457025],[-7.989581,53.454455],[-7.982386,53.450122]],[[-8.106547,53.938308],[-8.104016,53.936908],[-8.101939,53.934771],[-8.095787,53.921423],[-8.095023,53.920183],[-8.093253,53.918388],[-8.091607,53.917275],[-8.089565,53.91627],[-8.084599,53.914728],[-8.071409,53.90965],[-8.067542,53.908826],[-8.062063,53.908541],[-8.03394,53.910547],[-8.016224,53.910335],[-8.009801,53.909365],[-7.981709,53.903739],[-7.979122,53.903074],[-7.975745,53.901905],[-7.971851,53.900017],[-7.968687,53.897824],[-7.959841,53.888763],[-7.956923,53.886587],[-7.952514,53.884339],[-7.937495,53.878419],[-7.934395,53.87689],[-7.932055,53.875433],[-7.928806,53.872699],[-7.918852,53.861622]],[[-8.105905,52.541085],[-8.103754,52.541788]],[[-8.105905,52.541085],[-8.103754,52.541788]],[[-8.103754,52.541788],[-8.102634,52.542166]],[[-8.103754,52.541788],[-8.102634,52.542166]],[[-8.102634,52.542166],[-8.098215,52.543644]],[[-8.102634,52.542166],[-8.098215,52.543644]],[[-8.098215,52.543644],[-8.0963,52.544257]],[[-8.098215,52.543644],[-8.095563,52.544527]],[[-8.0963,52.544257],[-8.095563,52.544527]],[[-8.0963,52.544257],[-8.071872,52.553568]],[[-8.095563,52.544527],[-8.094267,52.544977]],[[-8.095563,52.544527],[-8.094267,52.544977]],[[-8.094267,52.544977],[-8.088404,52.547247]],[[-8.094267,52.544977],[-8.088404,52.547247]],[[-8.088404,52.547247],[-8.071872,52.553568]],[[-8.088404,52.547247],[-8.071872,52.553586]],[[-8.071872,52.553568],[-8.071872,52.553586]],[[-8.071872,52.553568],[-8.060435,52.55796]],[[-8.071872,52.553586],[-8.071842,52.553604]],[[-8.071842,52.553604],[-8.071547,52.553712]],[[-8.071842,52.553604],[-8.071547,52.553712]],[[-8.071547,52.553712],[-8.065033,52.556214]],[[-8.071547,52.553712],[-8.065033,52.556214]],[[-8.065033,52.556214],[-8.060435,52.55796]],[[-8.065033,52.556214],[-8.051915,52.561254],[-8.037613,52.565807]],[[-8.060435,52.55796],[-8.049438,52.562064]],[[-8.060435,52.55796],[-8.049438,52.562064]],[[-8.052327,52.436659],[-8.052268,52.436623]],[[-8.052327,52.436659],[-8.052268,52.436623]],[[-8.052268,52.436623],[-8.044409,52.430856],[-8.042614,52.429778],[-8.025258,52.422323],[-8.021199,52.420382]],[[-8.049438,52.562064],[-8.037613,52.565807]],[[-8.049438,52.562064],[-8.036964,52.565987]],[[-8.037613,52.565807],[-8.036964,52.565987]],[[-8.037613,52.565807],[-8.035076,52.566599]],[[-8.036964,52.565987],[-8.035076,52.566599]],[[-8.036964,52.565987],[-8.018676,52.57169]],[[-8.035076,52.566599],[-8.034486,52.566779]],[[-8.035076,52.566599],[-8.034486,52.566779]],[[-8.034486,52.566779],[-8.018676,52.57169]],[[-8.034486,52.566779],[-8.00717,52.575197]],[[-8.024664,52.936343],[-8.020291,52.937117],[-7.994942,52.940228],[-7.990568,52.941486],[-7.97902,52.946572],[-7.976044,52.94738],[-7.972919,52.947847],[-7.968931,52.947954],[-7.962504,52.947215],[-7.957653,52.947213],[-7.943634,52.949598],[-7.939467,52.949902],[-7.936908,52.949792],[-7.926106,52.948654],[-7.922922,52.948526],[-7.865988,52.94968]],[[-8.021199,52.420382],[-8.021141,52.420346]],[[-8.021199,52.420382],[-8.021141,52.420346]],[[-8.021141,52.420346],[-8.009025,52.414236],[-8.006556,52.413229],[-8.003733,52.412348],[-7.989447,52.409364],[-7.943628,52.402484],[-7.940132,52.401745],[-7.936753,52.400665],[-7.935549,52.400053],[-7.93417,52.398847],[-7.933291,52.396726],[-7.9335,52.394659],[-7.935121,52.391747],[-7.935505,52.389968],[-7.935422,52.386372],[-7.93437,52.382722],[-7.9322,52.380258],[-7.930145,52.379035],[-7.928002,52.378494],[-7.924301,52.378258],[-7.921981,52.377789]],[[-8.018676,52.57169],[-8.011153,52.574028]],[[-8.018676,52.57169],[-8.011153,52.574028]],[[-8.011153,52.574028],[-8.007937,52.574981]],[[-8.011153,52.574028],[-8.007937,52.574981]],[[-8.007937,52.574981],[-8.00717,52.575197]],[[-8.007937,52.574981],[-8.005665,52.575556]],[[-8.00717,52.575197],[-8.005665,52.575556]],[[-8.00717,52.575197],[-7.99997,52.576995]],[[-8.005665,52.575556],[-8.00242,52.576383]],[[-8.005665,52.575556],[-8.00242,52.576383]],[[-8.00242,52.576383],[-7.99997,52.576995]],[[-8.00242,52.576383],[-7.994866,52.578361]],[[-7.99997,52.576995],[-7.999675,52.577067]],[[-7.999675,52.577067],[-7.994866,52.578361]],[[-7.999675,52.577067],[-7.994866,52.578379],[-7.965025,52.587775]],[[-7.994866,52.578361],[-7.965025,52.587775]],[[-7.994866,52.578361],[-7.964346,52.587991],[-7.961452,52.589266],[-7.949078,52.595517]],[[-7.982386,53.450122],[-7.982055,53.449907]],[[-7.982386,53.450122],[-7.982055,53.449907]],[[-7.982055,53.449907],[-7.978263,53.446976]],[[-7.978263,53.446976],[-7.977601,53.446383]],[[-7.978263,53.446976],[-7.977601,53.446383]],[[-7.977601,53.446383],[-7.97381,53.442572]],[[-7.97381,53.442572],[-7.97378,53.442554]],[[-7.97381,53.442572],[-7.97378,53.442554]],[[-7.97378,53.442554],[-7.972937,53.441655]],[[-7.972937,53.441655],[-7.972907,53.441619]],[[-7.972937,53.441655],[-7.972907,53.441619]],[[-7.972907,53.441619],[-7.972215,53.4409]],[[-7.972215,53.4409],[-7.972185,53.440882]],[[-7.972215,53.4409],[-7.972185,53.440882]],[[-7.972185,53.440882],[-7.97008,53.438707]],[[-7.97008,53.438707],[-7.970049,53.438689]],[[-7.97008,53.438707],[-7.970049,53.438689]],[[-7.970049,53.438689],[-7.959073,53.427416],[-7.95784,53.426733],[-7.956276,53.426211],[-7.953989,53.425922],[-7.952545,53.425958]],[[-7.965025,52.587775],[-7.964612,52.587919]],[[-7.964612,52.587919],[-7.963549,52.588332]],[[-7.964612,52.587919],[-7.963549,52.588332]],[[-7.963549,52.588332],[-7.961807,52.589122]],[[-7.963549,52.588332],[-7.961807,52.589122]],[[-7.961807,52.589122],[-7.949108,52.595517]],[[-7.961807,52.589122],[-7.949108,52.595517]],[[-7.952755,53.425904],[-7.952334,53.425994]],[[-7.952755,53.425904],[-7.952334,53.425994]],[[-7.952545,53.425958],[-7.952334,53.425994]],[[-7.952545,53.425958],[-7.952334,53.425994]],[[-7.952334,53.425994],[-7.952153,53.426029]],[[-7.952334,53.425994],[-7.952153,53.426029]],[[-7.952153,53.426029],[-7.951552,53.426155]],[[-7.951552,53.426155],[-7.951461,53.426173]],[[-7.951552,53.426155],[-7.95104,53.426263]],[[-7.951461,53.426173],[-7.95104,53.426263]],[[-7.951461,53.426173],[-7.947217,53.42698]],[[-7.95104,53.426263],[-7.947308,53.426962]],[[-7.95104,53.426263],[-7.947308,53.426962]],[[-7.949108,52.595517],[-7.949078,52.595517]],[[-7.949108,52.595517],[-7.949078,52.595535]],[[-7.949078,52.595517],[-7.949078,52.595535]],[[-7.949078,52.595517],[-7.944204,52.597978],[-7.941693,52.599504],[-7.92697,52.611792]],[[-7.949078,52.595535],[-7.944086,52.598067]],[[-7.949078,52.595535],[-7.944086,52.598067]],[[-7.947308,53.426962],[-7.947217,53.42698]],[[-7.947308,53.426962],[-7.947187,53.42698]],[[-7.947217,53.42698],[-7.947187,53.42698]],[[-7.947217,53.42698],[-7.947097,53.426998]],[[-7.947187,53.42698],[-7.947097,53.426998]],[[-7.947187,53.42698],[-7.947097,53.426998]],[[-7.947097,53.426998],[-7.944147,53.427554]],[[-7.944147,53.427554],[-7.943605,53.427643]],[[-7.944147,53.427554],[-7.943605,53.427643]],[[-7.944086,52.598067],[-7.941693,52.599558]],[[-7.944086,52.598067],[-7.941693,52.599558]],[[-7.943605,53.427643],[-7.941799,53.427948],[-7.939903,53.427965]],[[-7.943605,53.427643],[-7.941288,53.427948],[-7.939542,53.427875],[-7.93148,53.426055]],[[-7.943605,53.427643],[-7.941288,53.427966],[-7.939512,53.427893],[-7.93148,53.426055]],[[-7.941693,52.599558],[-7.92697,52.611792]],[[-7.941693,52.599558],[-7.899453,52.635051]],[[-7.939903,53.427965],[-7.937135,53.427406]],[[-7.939903,53.427965],[-7.938158,53.427731],[-7.933977,53.426668]],[[-7.937135,53.427406],[-7.933977,53.426668]],[[-7.933977,53.426668],[-7.93148,53.426055]],[[-7.93148,53.426055],[-7.928352,53.425065],[-7.925346,53.423571],[-7.900348,53.407682],[-7.897286,53.404912],[-7.889251,53.394911],[-7.887511,53.39349],[-7.8855,53.392284],[-7.855145,53.379363],[-7.850491,53.377704],[-7.845536,53.376494],[-7.820066,53.372054],[-7.817334,53.371367],[-7.814903,53.370519],[-7.811575,53.368914],[-7.809567,53.367598],[-7.791184,53.353566],[-7.789117,53.352376],[-7.78534,53.350806],[-7.7776,53.348814],[-7.769917,53.34756],[-7.763432,53.34708],[-7.749285,53.347105],[-7.743762,53.34641],[-7.739474,53.34525],[-7.730398,53.341294],[-7.724735,53.339232],[-7.71913,53.337691],[-7.712651,53.336543],[-7.69282,53.333978],[-7.662855,53.333753]],[[-7.92697,52.611792],[-7.926941,52.61181]],[[-7.92697,52.611792],[-7.926941,52.61181]],[[-7.926941,52.61181],[-7.907445,52.628244]],[[-7.926941,52.61181],[-7.907445,52.628244]],[[-7.921981,52.377789],[-7.920513,52.377249],[-7.917931,52.375737],[-7.914501,52.372589],[-7.912919,52.370251],[-7.910904,52.364784],[-7.909412,52.361979],[-7.907509,52.359407],[-7.904315,52.356276],[-7.901178,52.354224],[-7.897072,52.352441],[-7.892935,52.351341],[-7.888504,52.350743],[-7.885304,52.350614],[-7.881399,52.350862],[-7.841751,52.35549],[-7.838225,52.356132],[-7.832051,52.358335],[-7.827674,52.358993],[-7.824679,52.358953],[-7.809123,52.357473],[-7.805746,52.357593],[-7.80219,52.358414],[-7.797277,52.360527],[-7.794926,52.361044],[-7.792957,52.361239],[-7.789581,52.361089],[-7.784946,52.36011],[-7.781366,52.359762],[-7.768625,52.359342],[-7.761106,52.359687],[-7.75729,52.359535],[-7.752097,52.358661],[-7.746149,52.356509],[-7.743186,52.356197],[-7.740483,52.356443],[-7.738954,52.356835],[-7.737365,52.357497],[-7.735566,52.358823],[-7.734175,52.360654],[-7.732847,52.361747],[-7.730638,52.362785],[-7.728286,52.363319],[-7.725261,52.363402],[-7.701196,52.361258]],[[-7.918852,53.861622],[-7.918519,53.861226]],[[-7.918852,53.861622],[-7.914332,53.856623]],[[-7.918519,53.861226],[-7.916577,53.859122]],[[-7.918519,53.861226],[-7.914332,53.856623]],[[-7.916577,53.859122],[-7.914332,53.856623]],[[-7.914332,53.856623],[-7.903962,53.845202],[-7.849403,53.795668]],[[-7.907445,52.628244],[-7.899453,52.635015]],[[-7.907445,52.628244],[-7.899453,52.635015]],[[-7.899453,52.635015],[-7.899453,52.635051]],[[-7.899453,52.635015],[-7.896907,52.637044],[-7.894155,52.638731],[-7.874655,52.648491]],[[-7.899453,52.635051],[-7.899423,52.635069]],[[-7.899423,52.635069],[-7.895783,52.637816],[-7.888001,52.641871]],[[-7.899423,52.635069],[-7.897351,52.636775],[-7.895072,52.638265],[-7.888001,52.641871]],[[-7.888001,52.641871],[-7.881106,52.645334]],[[-7.888001,52.641871],[-7.881106,52.645334]],[[-7.881106,52.645334],[-7.880958,52.645406]],[[-7.880958,52.645406],[-7.879212,52.646285]],[[-7.880958,52.645406],[-7.879212,52.646285]],[[-7.879212,52.646285],[-7.879094,52.646339]],[[-7.879094,52.646339],[-7.878265,52.646769]],[[-7.879094,52.646339],[-7.878265,52.646769]],[[-7.878265,52.646769],[-7.875601,52.648097]],[[-7.878265,52.646769],[-7.875601,52.648097]],[[-7.875601,52.648097],[-7.875483,52.64815]],[[-7.875483,52.64815],[-7.874714,52.648491]],[[-7.875483,52.64815],[-7.874714,52.648491]],[[-7.874714,52.648491],[-7.874655,52.648491]],[[-7.874714,52.648491],[-7.874625,52.648527]],[[-7.874655,52.648491],[-7.874625,52.648527]],[[-7.874655,52.648491],[-7.869565,52.650481]],[[-7.874625,52.648527],[-7.870216,52.650248]],[[-7.874625,52.648527],[-7.870216,52.650248]],[[-7.870216,52.650248],[-7.869565,52.650481]],[[-7.870216,52.650248],[-7.868825,52.650786]],[[-7.869565,52.650481],[-7.868825,52.650786]],[[-7.869565,52.650481],[-7.865689,52.651879],[-7.850067,52.656372]],[[-7.868825,52.650786],[-7.867523,52.651288]],[[-7.868825,52.650786],[-7.867523,52.651288]],[[-7.867523,52.651288],[-7.850067,52.656372]],[[-7.867523,52.651288],[-7.852848,52.65562],[-7.833791,52.660934]],[[-7.865988,52.94968],[-7.848573,52.951133]],[[-7.865988,52.94968],[-7.848573,52.951133]],[[-7.850067,52.656372],[-7.835745,52.660308]],[[-7.850067,52.656372],[-7.835745,52.660308]],[[-7.849403,53.795668],[-7.845833,53.792411]],[[-7.849403,53.795668],[-7.845833,53.792411]],[[-7.848573,52.951133],[-7.847412,52.951203]],[[-7.848573,52.951133],[-7.847412,52.951203]],[[-7.847412,52.951203],[-7.809959,52.954295],[-7.806862,52.954703],[-7.804775,52.955293],[-7.802688,52.956206],[-7.799312,52.958807],[-7.796866,52.960025]],[[-7.845833,53.792411],[-7.840993,53.788037]],[[-7.840993,53.788037],[-7.839662,53.786831]],[[-7.840993,53.788037],[-7.839662,53.786831]],[[-7.839662,53.786831],[-7.836306,53.783573],[-7.83498,53.781163],[-7.83054,53.76863],[-7.82752,53.757842],[-7.817912,53.728263],[-7.816827,53.726842],[-7.815227,53.725491],[-7.81296,53.72423],[-7.81069,53.723435],[-7.807602,53.722837],[-7.805239,53.722654],[-7.802421,53.722775],[-7.79963,53.723237]],[[-7.835745,52.660308],[-7.833791,52.660934]],[[-7.835745,52.660308],[-7.83388,52.660862],[-7.832192,52.661615],[-7.830443,52.662745],[-7.829405,52.663768],[-7.823964,52.671238],[-7.822592,52.674112],[-7.821872,52.67661]],[[-7.833791,52.660934],[-7.831777,52.661884]],[[-7.833791,52.660934],[-7.831777,52.661884]],[[-7.831859,52.725249],[-7.831803,52.72444]],[[-7.831859,52.725249],[-7.831803,52.72444]],[[-7.831859,52.725249],[-7.831733,52.727118]],[[-7.831859,52.725249],[-7.83149,52.728808]],[[-7.831803,52.72444],[-7.831716,52.723829]],[[-7.831803,52.72444],[-7.831716,52.723829]],[[-7.831777,52.661884],[-7.831184,52.662261]],[[-7.831777,52.661884],[-7.831184,52.662261]],[[-7.831733,52.727118],[-7.83149,52.728808]],[[-7.831733,52.727118],[-7.83189,52.724908],[-7.831454,52.722696]],[[-7.831733,52.727118],[-7.829473,52.744821]],[[-7.831716,52.723829],[-7.831454,52.722696]],[[-7.831716,52.723829],[-7.821351,52.688311]],[[-7.83149,52.728808],[-7.830635,52.735529]],[[-7.83149,52.728808],[-7.830635,52.735529]],[[-7.831454,52.722696],[-7.830286,52.718704]],[[-7.831454,52.722696],[-7.830286,52.718704]],[[-7.831184,52.662261],[-7.830858,52.662494]],[[-7.831184,52.662261],[-7.830858,52.662494]],[[-7.830858,52.662494],[-7.83068,52.662619]],[[-7.830858,52.662494],[-7.83068,52.662619]],[[-7.83068,52.662619],[-7.829879,52.663319]],[[-7.83068,52.662619],[-7.829879,52.663319]],[[-7.830635,52.735529],[-7.830513,52.7365]],[[-7.830635,52.735529],[-7.830513,52.7365]],[[-7.830513,52.7365],[-7.829566,52.743941]],[[-7.830513,52.7365],[-7.829566,52.743941]],[[-7.830286,52.718704],[-7.829438,52.715826]],[[-7.830286,52.718704],[-7.829438,52.715826]],[[-7.829879,52.663319],[-7.829672,52.663535]],[[-7.829879,52.663319],[-7.829672,52.663535]],[[-7.829672,52.663535],[-7.829018,52.664325]],[[-7.829672,52.663535],[-7.829018,52.664325]],[[-7.829566,52.743941],[-7.829473,52.744821]],[[-7.829566,52.743941],[-7.829413,52.745127]],[[-7.829473,52.744821],[-7.829413,52.745127]],[[-7.829473,52.744821],[-7.829412,52.745324]],[[-7.829438,52.715826],[-7.829175,52.714927]],[[-7.829438,52.715826],[-7.829175,52.714927]],[[-7.829413,52.745127],[-7.829412,52.745324]],[[-7.829413,52.745127],[-7.829138,52.747283]],[[-7.829412,52.745324],[-7.829138,52.747283]],[[-7.829412,52.745324],[-7.827028,52.7638]],[[-7.829175,52.714927],[-7.829088,52.714621]],[[-7.829175,52.714927],[-7.829088,52.714621]],[[-7.829138,52.747283],[-7.827028,52.7638]],[[-7.829138,52.747283],[-7.824824,52.781341]],[[-7.829088,52.714621],[-7.829059,52.714531]],[[-7.829088,52.714621],[-7.829059,52.714531]],[[-7.829059,52.714531],[-7.828504,52.712643]],[[-7.829059,52.714531],[-7.828504,52.712643]],[[-7.829018,52.664325],[-7.82881,52.664612]],[[-7.829018,52.664325],[-7.82881,52.664612]],[[-7.82881,52.664612],[-7.824856,52.669891],[-7.822801,52.673717]],[[-7.82881,52.664612],[-7.824827,52.669873],[-7.822801,52.673717]],[[-7.828504,52.712643],[-7.826284,52.70509]],[[-7.828504,52.712643],[-7.826284,52.70509]],[[-7.827028,52.7638],[-7.826784,52.765777]],[[-7.827028,52.7638],[-7.826784,52.765777]],[[-7.826784,52.765777],[-7.826263,52.770054]],[[-7.826784,52.765777],[-7.826263,52.770054]],[[-7.826284,52.70509],[-7.825759,52.703274]],[[-7.826284,52.70509],[-7.825759,52.703274]],[[-7.826263,52.770054],[-7.825987,52.772265]],[[-7.826263,52.770054],[-7.825987,52.772265]],[[-7.825987,52.772265],[-7.825926,52.77284]],[[-7.825926,52.77284],[-7.824824,52.781341]],[[-7.825926,52.77284],[-7.824763,52.781934],[-7.822515,52.787827]],[[-7.825759,52.703274],[-7.823248,52.694696]],[[-7.825759,52.703274],[-7.823248,52.694696]],[[-7.824824,52.781341],[-7.824643,52.782186]],[[-7.824824,52.781341],[-7.824643,52.782186]],[[-7.824643,52.782186],[-7.824463,52.782832]],[[-7.824643,52.782186],[-7.824463,52.782832]],[[-7.824463,52.782832],[-7.823054,52.786695],[-7.822008,52.788707]],[[-7.824463,52.782832],[-7.823024,52.786695],[-7.821888,52.78885],[-7.81995,52.791508],[-7.817062,52.794308]],[[-7.823248,52.694696],[-7.821556,52.688941]],[[-7.823248,52.694696],[-7.821556,52.688941]],[[-7.822801,52.673717],[-7.822771,52.673807]],[[-7.822771,52.673807],[-7.821599,52.678299]],[[-7.822771,52.673807],[-7.822023,52.675999],[-7.820724,52.682612],[-7.820799,52.685956]],[[-7.822515,52.787827],[-7.822008,52.788707]],[[-7.822008,52.788707],[-7.821083,52.790107]],[[-7.822008,52.788707],[-7.821083,52.790107]],[[-7.821872,52.67661],[-7.821631,52.677724]],[[-7.821631,52.677724],[-7.821599,52.678299]],[[-7.821631,52.677724],[-7.820632,52.683439],[-7.820769,52.686117],[-7.821351,52.688311]],[[-7.821599,52.678299],[-7.820722,52.682954],[-7.820799,52.685956]],[[-7.821556,52.688941],[-7.821351,52.688311]],[[-7.821556,52.688941],[-7.820827,52.686207]],[[-7.821351,52.688311],[-7.820827,52.686207]],[[-7.821083,52.790107],[-7.820993,52.790233]],[[-7.820993,52.790233],[-7.818699,52.792872]],[[-7.820993,52.790233],[-7.818699,52.792872]],[[-7.820827,52.686207],[-7.820799,52.685956]],[[-7.820827,52.686207],[-7.820799,52.685956]],[[-7.818699,52.792872],[-7.81733,52.79411]],[[-7.818699,52.792872],[-7.81733,52.79411]],[[-7.81733,52.79411],[-7.817062,52.794308]],[[-7.81733,52.79411],[-7.816527,52.794756]],[[-7.817062,52.794308],[-7.816527,52.794756]],[[-7.817062,52.794308],[-7.813077,52.797034],[-7.807102,52.800188]],[[-7.816527,52.794756],[-7.815872,52.795241]],[[-7.815872,52.795241],[-7.813701,52.796693]],[[-7.815872,52.795241],[-7.813701,52.796693]],[[-7.813701,52.796693],[-7.813225,52.79698]],[[-7.813701,52.796693],[-7.813225,52.79698]],[[-7.813225,52.79698],[-7.809034,52.799202]],[[-7.813225,52.79698],[-7.809034,52.799202]],[[-7.809034,52.799202],[-7.807102,52.800188]],[[-7.809034,52.799202],[-7.806626,52.800457]],[[-7.807102,52.800188],[-7.806626,52.800457]],[[-7.807102,52.800188],[-7.806448,52.800528]],[[-7.806626,52.800457],[-7.806448,52.800528]],[[-7.806626,52.800457],[-7.803416,52.802123]],[[-7.806448,52.800528],[-7.804783,52.801388]],[[-7.806448,52.800528],[-7.804783,52.801388]],[[-7.804783,52.801388],[-7.803416,52.802123]],[[-7.804783,52.801388],[-7.786169,52.811063]],[[-7.803416,52.802123],[-7.796666,52.805635]],[[-7.803416,52.802123],[-7.796666,52.805635]],[[-7.79963,53.723237],[-7.796323,53.724095]],[[-7.79963,53.723237],[-7.796323,53.724095]],[[-7.79963,53.723237],[-7.792226,53.725238],[-7.78892,53.725915]],[[-7.796866,52.960025],[-7.794302,52.960758]],[[-7.796866,52.960025],[-7.794302,52.960776],[-7.791026,52.961129]],[[-7.796866,52.960025],[-7.795226,52.960597],[-7.793289,52.96099],[-7.791026,52.961129]],[[-7.796666,52.805635],[-7.792831,52.807624]],[[-7.796666,52.805635],[-7.792831,52.807624]],[[-7.796323,53.724095],[-7.78892,53.725915]],[[-7.796323,53.724095],[-7.78892,53.725915]],[[-7.794302,52.960758],[-7.791026,52.961129]],[[-7.792831,52.807624],[-7.792622,52.807731]],[[-7.792831,52.807624],[-7.792622,52.807731]],[[-7.792622,52.807731],[-7.791968,52.808071]],[[-7.792622,52.807731],[-7.791968,52.808071]],[[-7.791968,52.808071],[-7.79179,52.808161]],[[-7.791968,52.808071],[-7.79179,52.808161]],[[-7.79179,52.808161],[-7.791284,52.80843]],[[-7.79179,52.808161],[-7.791284,52.80843]],[[-7.791284,52.80843],[-7.791106,52.808519]],[[-7.791284,52.80843],[-7.791106,52.808519]],[[-7.791106,52.808519],[-7.789827,52.809182]],[[-7.791106,52.808519],[-7.789827,52.809182]],[[-7.791026,52.961129],[-7.790371,52.961146]],[[-7.790371,52.961146],[-7.789418,52.961163]],[[-7.790371,52.961146],[-7.789418,52.961163]],[[-7.789827,52.809182],[-7.78944,52.809379]],[[-7.789827,52.809182],[-7.78944,52.809379]],[[-7.78944,52.809379],[-7.789173,52.809523]],[[-7.78944,52.809379],[-7.789173,52.809523]],[[-7.789418,52.961163],[-7.76176,52.961721],[-7.756879,52.961514],[-7.752002,52.960677],[-7.727484,52.954152]],[[-7.789173,52.809523],[-7.78834,52.809953]],[[-7.789173,52.809523],[-7.78834,52.809953]],[[-7.78892,53.725915],[-7.784311,53.726428],[-7.780159,53.72642],[-7.776282,53.726018],[-7.772437,53.725238],[-7.769381,53.724279],[-7.766842,53.723214],[-7.752403,53.715223],[-7.749472,53.714013],[-7.746085,53.712892],[-7.742697,53.712022],[-7.694175,53.701951],[-7.690757,53.701331],[-7.686732,53.700979],[-7.683339,53.700988],[-7.674794,53.701522],[-7.668828,53.701362],[-7.664289,53.700918],[-7.658603,53.69986],[-7.650232,53.697571],[-7.644066,53.696187],[-7.607181,53.689493]],[[-7.78834,52.809953],[-7.788281,52.809988]],[[-7.788281,52.809988],[-7.787686,52.810293]],[[-7.788281,52.809988],[-7.787686,52.810293]],[[-7.787686,52.810293],[-7.787418,52.810436]],[[-7.787686,52.810293],[-7.787418,52.810436]],[[-7.787418,52.810436],[-7.786764,52.810777]],[[-7.787418,52.810436],[-7.786764,52.810777]],[[-7.786764,52.810777],[-7.786526,52.810902]],[[-7.786764,52.810777],[-7.786526,52.810902]],[[-7.786526,52.810902],[-7.786169,52.811063]],[[-7.786526,52.810902],[-7.786169,52.811081]],[[-7.786169,52.811063],[-7.786169,52.811081]],[[-7.786169,52.811063],[-7.780548,52.813983]],[[-7.786169,52.811081],[-7.785782,52.811278]],[[-7.786169,52.811081],[-7.785782,52.811278]],[[-7.785782,52.811278],[-7.783552,52.812442]],[[-7.785782,52.811278],[-7.783552,52.812442]],[[-7.783552,52.812442],[-7.783105,52.812675]],[[-7.783552,52.812442],[-7.783105,52.812675]],[[-7.783105,52.812675],[-7.782511,52.81298]],[[-7.783105,52.812675],[-7.782511,52.81298]],[[-7.782511,52.81298],[-7.782064,52.813213]],[[-7.782511,52.81298],[-7.782064,52.813213]],[[-7.782064,52.813213],[-7.781737,52.813392]],[[-7.782064,52.813213],[-7.781737,52.813392]],[[-7.781737,52.813392],[-7.780548,52.813983]],[[-7.781737,52.813392],[-7.779715,52.814431]],[[-7.780548,52.813983],[-7.779715,52.814431]],[[-7.780548,52.813983],[-7.754631,52.82745]],[[-7.779715,52.814431],[-7.776204,52.816258]],[[-7.779715,52.814431],[-7.776204,52.816258]],[[-7.776204,52.816258],[-7.775758,52.81649]],[[-7.776204,52.816258],[-7.775758,52.81649]],[[-7.775758,52.81649],[-7.773973,52.817422]],[[-7.775758,52.81649],[-7.773973,52.817422]],[[-7.773973,52.817422],[-7.773557,52.817637]],[[-7.773973,52.817422],[-7.773557,52.817637]],[[-7.773557,52.817637],[-7.772248,52.818317]],[[-7.773557,52.817637],[-7.772248,52.818317]],[[-7.772248,52.818317],[-7.770968,52.81898]],[[-7.772248,52.818317],[-7.770968,52.81898]],[[-7.770968,52.81898],[-7.770105,52.819428]],[[-7.770968,52.81898],[-7.770105,52.819428]],[[-7.770105,52.819428],[-7.769481,52.81975]],[[-7.770105,52.819428],[-7.769481,52.81975]],[[-7.769481,52.81975],[-7.767755,52.820645]],[[-7.769481,52.81975],[-7.767755,52.820645]],[[-7.767755,52.820645],[-7.767071,52.821004]],[[-7.767755,52.820645],[-7.767071,52.821004]],[[-7.767071,52.821004],[-7.766594,52.821254]],[[-7.767071,52.821004],[-7.766594,52.821254]],[[-7.766594,52.821254],[-7.766178,52.821469]],[[-7.766594,52.821254],[-7.766178,52.821469]],[[-7.766178,52.821469],[-7.765523,52.821809]],[[-7.766178,52.821469],[-7.765523,52.821809]],[[-7.765523,52.821809],[-7.765315,52.821917]],[[-7.765523,52.821809],[-7.765315,52.821917]],[[-7.765315,52.821917],[-7.765107,52.822024]],[[-7.765315,52.821917],[-7.765107,52.822024]],[[-7.765107,52.822024],[-7.764928,52.822114]],[[-7.765107,52.822024],[-7.764928,52.822114]],[[-7.764928,52.822114],[-7.764035,52.822579]],[[-7.764928,52.822114],[-7.764035,52.822579]],[[-7.764035,52.822579],[-7.763381,52.82292]],[[-7.764035,52.822579],[-7.763381,52.82292]],[[-7.763381,52.82292],[-7.759512,52.824943]],[[-7.763381,52.82292],[-7.759512,52.824943]],[[-7.759512,52.824943],[-7.757369,52.826053]],[[-7.759512,52.824943],[-7.757369,52.826053]],[[-7.757369,52.826053],[-7.755613,52.826966]],[[-7.757369,52.826053],[-7.755613,52.826966]],[[-7.755613,52.826966],[-7.755018,52.827271]],[[-7.755613,52.826966],[-7.755018,52.827271]],[[-7.755018,52.827271],[-7.754631,52.82745]],[[-7.755018,52.827271],[-7.754125,52.827736]],[[-7.754631,52.82745],[-7.754125,52.827736]],[[-7.754631,52.82745],[-7.746356,52.831746]],[[-7.754125,52.827736],[-7.751059,52.82933]],[[-7.754125,52.827736],[-7.751059,52.82933]],[[-7.751059,52.82933],[-7.746356,52.831746]],[[-7.751059,52.82933],[-7.745433,52.832248]],[[-7.746356,52.831746],[-7.745433,52.832248]],[[-7.746356,52.831746],[-7.730813,52.839801]],[[-7.745433,52.832248],[-7.744808,52.83257]],[[-7.745433,52.832248],[-7.744808,52.83257]],[[-7.744808,52.83257],[-7.741086,52.834503]],[[-7.744808,52.83257],[-7.741086,52.834503]],[[-7.741086,52.834503],[-7.740639,52.834736]],[[-7.741086,52.834503],[-7.740639,52.834736]],[[-7.740639,52.834736],[-7.739836,52.835148]],[[-7.740639,52.834736],[-7.739836,52.835148]],[[-7.739836,52.835148],[-7.735727,52.837278]],[[-7.739836,52.835148],[-7.735727,52.837278]],[[-7.735727,52.837278],[-7.730813,52.839801]],[[-7.735727,52.837278],[-7.729353,52.840643],[-7.724256,52.844028]],[[-7.730813,52.839801],[-7.72992,52.840284]],[[-7.730813,52.839801],[-7.72992,52.840284]],[[-7.72992,52.840284],[-7.72986,52.84032]],[[-7.72986,52.84032],[-7.726164,52.842631]],[[-7.72986,52.84032],[-7.726164,52.842631]],[[-7.727484,52.954152],[-7.727455,52.954134]],[[-7.727484,52.954152],[-7.727455,52.954134]],[[-7.727455,52.954134],[-7.71866,52.951795],[-7.714769,52.950563],[-7.71002,52.948646],[-7.702784,52.944998],[-7.697384,52.942701],[-7.690704,52.940527],[-7.684675,52.939091],[-7.678375,52.93805],[-7.671774,52.93742],[-7.636767,52.936114],[-7.633261,52.935582],[-7.630264,52.934638],[-7.627954,52.933463],[-7.625826,52.931784],[-7.606886,52.911034],[-7.604407,52.909012],[-7.598172,52.904767],[-7.597762,52.904136],[-7.597651,52.903237],[-7.598226,52.902161],[-7.599124,52.901481],[-7.601689,52.900537]],[[-7.726164,52.842631],[-7.724256,52.844028]],[[-7.726164,52.842631],[-7.724196,52.844046]],[[-7.724256,52.844028],[-7.724196,52.844046]],[[-7.724256,52.844028],[-7.708235,52.855584],[-7.70281,52.858591]],[[-7.724196,52.844046],[-7.723838,52.844297]],[[-7.723838,52.844297],[-7.723093,52.844834]],[[-7.723838,52.844297],[-7.723093,52.844834]],[[-7.723093,52.844834],[-7.719155,52.847665]],[[-7.723093,52.844834],[-7.719155,52.847665]],[[-7.719155,52.847665],[-7.713786,52.851535]],[[-7.719155,52.847665],[-7.713786,52.851535]],[[-7.713786,52.851535],[-7.710802,52.853703]],[[-7.713786,52.851535],[-7.710802,52.853703]],[[-7.710802,52.853703],[-7.707162,52.856229]],[[-7.710802,52.853703],[-7.707162,52.856229]],[[-7.707162,52.856229],[-7.703824,52.858054]],[[-7.707162,52.856229],[-7.703824,52.858054]],[[-7.703824,52.858054],[-7.703466,52.858233]],[[-7.703466,52.858233],[-7.70281,52.858591]],[[-7.703466,52.858233],[-7.702512,52.858716]],[[-7.70281,52.858591],[-7.702512,52.858716]],[[-7.70281,52.858591],[-7.697833,52.861095]],[[-7.702512,52.858716],[-7.702125,52.858912]],[[-7.702512,52.858716],[-7.702125,52.858912]],[[-7.702125,52.858912],[-7.69983,52.860075]],[[-7.702125,52.858912],[-7.69983,52.860075]],[[-7.701196,52.361258],[-7.700198,52.361166]],[[-7.701196,52.361258],[-7.694974,52.360703]],[[-7.701196,52.361258],[-7.694974,52.360703]],[[-7.700198,52.361166],[-7.694974,52.360703]],[[-7.69983,52.860075],[-7.698161,52.860916]],[[-7.69983,52.860075],[-7.698161,52.860916]],[[-7.698161,52.860916],[-7.698012,52.860987]],[[-7.698012,52.860987],[-7.697833,52.861095]],[[-7.698012,52.860987],[-7.697058,52.86147]],[[-7.697833,52.861095],[-7.697058,52.86147]],[[-7.697833,52.861095],[-7.685612,52.867264]],[[-7.697058,52.86147],[-7.695598,52.862203]],[[-7.697058,52.86147],[-7.695598,52.862203]],[[-7.695598,52.862203],[-7.695389,52.862311]],[[-7.695389,52.862311],[-7.694465,52.862776]],[[-7.695389,52.862311],[-7.694465,52.862776]],[[-7.694974,52.360703],[-7.69471,52.360684]],[[-7.694974,52.360703],[-7.69471,52.360684]],[[-7.69471,52.360684],[-7.691774,52.360605],[-7.689483,52.360779]],[[-7.694465,52.862776],[-7.692885,52.86358]],[[-7.694465,52.862776],[-7.692885,52.86358]],[[-7.692885,52.86358],[-7.686566,52.866764]],[[-7.692885,52.86358],[-7.686566,52.866764]],[[-7.689483,52.360779],[-7.688043,52.360954]],[[-7.689483,52.360779],[-7.688043,52.360954]],[[-7.688043,52.360954],[-7.676427,52.363278],[-7.67472,52.363813],[-7.673158,52.364618],[-7.671294,52.366428],[-7.670267,52.370254],[-7.668425,52.373143],[-7.666001,52.375222],[-7.662432,52.377153],[-7.659516,52.378152],[-7.657338,52.378667],[-7.645042,52.380806],[-7.640104,52.38124],[-7.637078,52.381177],[-7.634084,52.380898],[-7.627485,52.379583],[-7.623443,52.378294],[-7.618381,52.375923],[-7.615979,52.375178],[-7.604975,52.373991],[-7.601164,52.373133],[-7.598443,52.371974],[-7.596282,52.370564],[-7.594682,52.368887],[-7.593582,52.367193],[-7.592154,52.365984],[-7.5904,52.365097],[-7.587793,52.364423],[-7.566334,52.363663],[-7.563631,52.363743],[-7.558575,52.364263],[-7.554728,52.364303],[-7.535922,52.362612],[-7.531985,52.362866],[-7.522365,52.364518],[-7.5186,52.365006]],[[-7.686566,52.866764],[-7.685612,52.867264]],[[-7.686566,52.866764],[-7.685552,52.867282]],[[-7.685612,52.867264],[-7.685552,52.867282]],[[-7.685612,52.867264],[-7.684777,52.867694]],[[-7.685552,52.867282],[-7.684777,52.867694]],[[-7.685552,52.867282],[-7.680036,52.870072]],[[-7.684777,52.867694],[-7.682571,52.868802]],[[-7.682571,52.868802],[-7.681408,52.869392]],[[-7.682571,52.868802],[-7.681408,52.869392]],[[-7.681408,52.869392],[-7.681139,52.869535]],[[-7.681139,52.869535],[-7.680036,52.870072]],[[-7.681139,52.869535],[-7.676875,52.871681]],[[-7.680036,52.870072],[-7.677084,52.871556]],[[-7.677084,52.871556],[-7.676875,52.871681]],[[-7.677084,52.871556],[-7.674729,52.872753]],[[-7.676875,52.871681],[-7.675832,52.872199]],[[-7.675832,52.872199],[-7.674729,52.872753]],[[-7.675832,52.872199],[-7.674729,52.872753]],[[-7.674729,52.872753],[-7.673148,52.87354]],[[-7.674729,52.872753],[-7.673148,52.87354]],[[-7.674729,52.872753],[-7.672641,52.873808]],[[-7.673148,52.87354],[-7.672641,52.873808]],[[-7.673148,52.87354],[-7.668615,52.875828]],[[-7.672641,52.873808],[-7.672074,52.874094]],[[-7.672074,52.874094],[-7.670941,52.874666]],[[-7.672074,52.874094],[-7.670941,52.874666]],[[-7.670941,52.874666],[-7.669211,52.875542]],[[-7.669211,52.875542],[-7.668615,52.875828]],[[-7.669211,52.875542],[-7.666467,52.876937]],[[-7.668615,52.875828],[-7.667482,52.8764]],[[-7.667482,52.8764],[-7.666467,52.876937]],[[-7.667482,52.8764],[-7.665394,52.877455]],[[-7.666467,52.876937],[-7.66596,52.877187]],[[-7.66596,52.877187],[-7.665394,52.877455]],[[-7.66596,52.877187],[-7.66432,52.878009]],[[-7.665394,52.877455],[-7.66432,52.878009]],[[-7.665394,52.877455],[-7.66432,52.878009]],[[-7.66432,52.878009],[-7.663216,52.878581]],[[-7.66432,52.878009],[-7.663216,52.878581]],[[-7.66432,52.878009],[-7.656713,52.881798]],[[-7.663216,52.878581],[-7.663127,52.878617]],[[-7.663127,52.878617],[-7.661188,52.8796]],[[-7.663127,52.878617],[-7.661188,52.8796]],[[-7.662855,53.333753],[-7.661203,53.333748]],[[-7.662855,53.333753],[-7.661203,53.333748]],[[-7.661203,53.333748],[-7.660663,53.333747]],[[-7.661203,53.333748],[-7.660663,53.333747]],[[-7.661188,52.8796],[-7.656833,52.881763]],[[-7.661188,52.8796],[-7.656833,52.881763]],[[-7.660663,53.333747],[-7.647991,53.33371],[-7.645228,53.333864]],[[-7.656833,52.881763],[-7.656713,52.881798]],[[-7.656833,52.881763],[-7.654597,52.882637]],[[-7.656713,52.881798],[-7.656386,52.881941]],[[-7.656713,52.881798],[-7.656386,52.881941]],[[-7.656386,52.881941],[-7.655581,52.882262]],[[-7.656386,52.881941],[-7.655581,52.882262]],[[-7.655581,52.882262],[-7.655104,52.882441]],[[-7.655104,52.882441],[-7.654597,52.882637]],[[-7.655104,52.882441],[-7.633807,52.888489],[-7.619287,52.893872]],[[-7.654597,52.882637],[-7.651827,52.883456]],[[-7.654597,52.882637],[-7.651827,52.883456]],[[-7.651827,52.883456],[-7.633389,52.888667],[-7.619287,52.893872]],[[-7.651827,52.883456],[-7.633389,52.888703],[-7.598648,52.901551]],[[-7.645228,53.333864],[-7.645137,53.333881]],[[-7.645228,53.333864],[-7.645137,53.333881]],[[-7.645137,53.333881],[-7.640808,53.334515],[-7.620677,53.339288],[-7.618091,53.339639]],[[-7.619287,52.893872],[-7.61708,52.894691]],[[-7.619287,52.893872],[-7.61708,52.894691]],[[-7.618091,53.339639],[-7.615929,53.33965]],[[-7.618091,53.339639],[-7.613948,53.339518],[-7.610652,53.338752]],[[-7.618091,53.339639],[-7.614518,53.33961],[-7.610652,53.338752]],[[-7.61708,52.894691],[-7.611712,52.896687]],[[-7.61708,52.894691],[-7.611712,52.896687]],[[-7.615929,53.33965],[-7.613079,53.339354],[-7.610652,53.338752]],[[-7.611712,52.896687],[-7.610698,52.897061]],[[-7.611712,52.896687],[-7.610698,52.897061]],[[-7.610698,52.897061],[-7.60527,52.899075]],[[-7.610698,52.897061],[-7.598648,52.901551]],[[-7.610652,53.338752],[-7.609215,53.338191],[-7.607214,53.337016],[-7.600989,53.331477],[-7.599438,53.330375],[-7.597616,53.329381],[-7.591843,53.327132],[-7.588646,53.325522],[-7.557346,53.306914],[-7.555947,53.305831],[-7.554404,53.304135],[-7.551222,53.298551],[-7.549976,53.297235],[-7.548011,53.295789],[-7.545743,53.294594],[-7.513415,53.280375],[-7.510556,53.278638],[-7.502473,53.272259]],[[-7.607181,53.689493],[-7.607151,53.689475]],[[-7.607181,53.689493],[-7.603161,53.688761]],[[-7.607151,53.689475],[-7.603161,53.688761]],[[-7.607151,53.689475],[-7.599987,53.688175]],[[-7.60527,52.899075],[-7.602586,52.900054]],[[-7.60527,52.899075],[-7.599543,52.901194]],[[-7.603161,53.688761],[-7.602979,53.688743]],[[-7.603161,53.688761],[-7.599987,53.688175]],[[-7.602979,53.688743],[-7.593549,53.687004]],[[-7.602586,52.900054],[-7.599543,52.901194]],[[-7.601839,52.900465],[-7.601689,52.900537]],[[-7.601839,52.900465],[-7.601689,52.900537]],[[-7.601839,52.900465],[-7.599154,52.901427],[-7.5979,52.90207],[-7.596052,52.902531]],[[-7.599987,53.688175],[-7.593549,53.687004]],[[-7.599543,52.901194],[-7.595426,52.902726]],[[-7.598648,52.901551],[-7.596052,52.902531]],[[-7.598648,52.901551],[-7.595426,52.902726]],[[-7.596052,52.902531],[-7.57257,52.911257],[-7.569405,52.912647],[-7.535693,52.93134]],[[-7.595426,52.902726],[-7.572391,52.91131]],[[-7.595426,52.902726],[-7.572391,52.91131]],[[-7.593549,53.687004],[-7.456166,53.661979],[-7.451821,53.661025],[-7.447965,53.659713],[-7.429573,53.650353],[-7.426245,53.648108],[-7.422692,53.644676],[-7.420794,53.641953],[-7.419824,53.639881],[-7.416764,53.62707],[-7.415422,53.623576],[-7.41342,53.619666],[-7.411078,53.616366],[-7.409026,53.613965],[-7.397231,53.601666]],[[-7.572391,52.91131],[-7.571735,52.911577]],[[-7.572391,52.91131],[-7.571735,52.911577]],[[-7.571735,52.911577],[-7.569973,52.912344]],[[-7.571735,52.911577],[-7.569973,52.912344]],[[-7.569973,52.912344],[-7.568479,52.913075]],[[-7.569973,52.912344],[-7.568479,52.913075]],[[-7.568479,52.913075],[-7.567791,52.913414]],[[-7.568479,52.913075],[-7.567791,52.913414]],[[-7.567791,52.913414],[-7.567104,52.913771]],[[-7.567791,52.913414],[-7.567104,52.913771]],[[-7.567104,52.913771],[-7.566326,52.9142]],[[-7.567104,52.913771],[-7.566326,52.9142]],[[-7.566326,52.9142],[-7.556457,52.919718]],[[-7.566326,52.9142],[-7.556457,52.919718]],[[-7.556457,52.919718],[-7.554961,52.920557]],[[-7.556457,52.919718],[-7.554961,52.920557]],[[-7.554961,52.920557],[-7.553675,52.921271]],[[-7.554961,52.920557],[-7.553675,52.921271]],[[-7.553675,52.921271],[-7.548051,52.924414]],[[-7.553675,52.921271],[-7.548051,52.924414]],[[-7.548051,52.924414],[-7.546525,52.925271]],[[-7.548051,52.924414],[-7.546525,52.925271]],[[-7.546525,52.925271],[-7.544162,52.926592]],[[-7.546525,52.925271],[-7.544162,52.926592]],[[-7.544162,52.926592],[-7.535693,52.93134]],[[-7.544162,52.926592],[-7.527552,52.935874]],[[-7.535693,52.93134],[-7.527552,52.935874]],[[-7.535693,52.93134],[-7.520457,52.939854],[-7.517316,52.941405],[-7.482114,52.956446]],[[-7.527552,52.935874],[-7.525846,52.93682]],[[-7.527552,52.935874],[-7.525846,52.93682]],[[-7.525846,52.93682],[-7.522493,52.938694]],[[-7.525846,52.93682],[-7.522493,52.938694]],[[-7.522493,52.938694],[-7.520966,52.939533]],[[-7.522493,52.938694],[-7.520966,52.939533]],[[-7.520966,52.939533],[-7.520936,52.93955]],[[-7.520966,52.939533],[-7.520936,52.93955]],[[-7.520936,52.93955],[-7.519739,52.940175]],[[-7.520936,52.93955],[-7.519739,52.940175]],[[-7.519739,52.940175],[-7.518752,52.940674]],[[-7.519739,52.940175],[-7.518752,52.940674]],[[-7.518752,52.940674],[-7.513518,52.943043]],[[-7.518752,52.940674],[-7.513518,52.943043]],[[-7.5186,52.365006],[-7.518395,52.365023]],[[-7.5186,52.365006],[-7.518395,52.365023]],[[-7.518395,52.365023],[-7.514958,52.365063],[-7.511675,52.36451],[-7.487309,52.356245],[-7.468565,52.352387],[-7.463315,52.35195],[-7.456028,52.35242],[-7.451361,52.352363],[-7.446582,52.351873],[-7.438702,52.350523]],[[-7.513518,52.943043],[-7.50682,52.94591]],[[-7.513518,52.943043],[-7.50682,52.94591]],[[-7.50682,52.94591],[-7.505176,52.946604]],[[-7.50682,52.94591],[-7.505176,52.946604]],[[-7.505176,52.946604],[-7.494917,52.950983]],[[-7.505176,52.946604],[-7.494917,52.950983]],[[-7.502473,53.272259],[-7.500036,53.27038]],[[-7.502473,53.272259],[-7.499383,53.269838]],[[-7.502473,53.272259],[-7.498997,53.269495]],[[-7.500036,53.27038],[-7.499383,53.269838]],[[-7.499383,53.269838],[-7.498997,53.269495]],[[-7.499383,53.269838],[-7.498997,53.269495]],[[-7.498997,53.269495],[-7.497303,53.268194],[-7.495367,53.267107],[-7.493816,53.266453],[-7.491187,53.265705],[-7.436813,53.255826],[-7.433347,53.255019],[-7.39607,53.241589],[-7.393747,53.240589],[-7.390748,53.238686],[-7.388973,53.237095],[-7.38561,53.233465],[-7.382201,53.230967],[-7.34743,53.210722],[-7.344668,53.209287],[-7.340708,53.207845],[-7.334832,53.206428],[-7.331793,53.205423],[-7.329504,53.204439],[-7.323566,53.20126],[-7.318714,53.199543],[-7.292125,53.194553],[-7.289649,53.194053],[-7.28679,53.193209],[-7.282812,53.191226],[-7.278006,53.186937],[-7.275847,53.18545],[-7.273534,53.184195],[-7.197953,53.15504],[-7.195022,53.153457],[-7.192899,53.151843],[-7.191433,53.150305],[-7.189748,53.147705],[-7.188717,53.146871],[-7.186639,53.146066],[-7.183715,53.145794]],[[-7.494917,52.950983],[-7.492614,52.951962]],[[-7.494917,52.950983],[-7.492614,52.951962]],[[-7.492614,52.951962],[-7.491238,52.952549]],[[-7.492614,52.951962],[-7.491238,52.952549]],[[-7.491238,52.952549],[-7.486931,52.954382]],[[-7.491238,52.952549],[-7.486931,52.954382]],[[-7.486931,52.954382],[-7.485555,52.954969]],[[-7.486931,52.954382],[-7.485555,52.954969]],[[-7.485555,52.954969],[-7.482114,52.956446]],[[-7.485555,52.954969],[-7.474994,52.959453]],[[-7.482114,52.956446],[-7.474994,52.959453]],[[-7.482114,52.956446],[-7.474754,52.959577]],[[-7.474994,52.959453],[-7.474754,52.959577]],[[-7.474994,52.959453],[-7.47239,52.960556]],[[-7.474754,52.959577],[-7.47239,52.960556]],[[-7.474754,52.959577],[-7.46841,52.962264]],[[-7.47239,52.960556],[-7.469548,52.961765]],[[-7.47239,52.960556],[-7.469548,52.961765]],[[-7.469548,52.961765],[-7.46841,52.962264]],[[-7.469548,52.961765],[-7.464101,52.964078]],[[-7.46841,52.962264],[-7.468291,52.962317]],[[-7.468291,52.962317],[-7.468171,52.96237]],[[-7.468291,52.962317],[-7.468171,52.96237]],[[-7.468171,52.96237],[-7.4644,52.963971]],[[-7.468171,52.96237],[-7.4644,52.963971]],[[-7.4644,52.963971],[-7.464101,52.964078]],[[-7.4644,52.963971],[-7.444164,52.972614],[-7.403325,52.991003]],[[-7.464101,52.964078],[-7.448087,52.970871]],[[-7.464101,52.964078],[-7.448087,52.970871]],[[-7.448087,52.970871],[-7.441349,52.973859]],[[-7.448087,52.970871],[-7.441349,52.973859]],[[-7.441349,52.973859],[-7.439073,52.974891]],[[-7.441349,52.973859],[-7.439073,52.974891]],[[-7.439073,52.974891],[-7.435358,52.976563]],[[-7.439073,52.974891],[-7.435358,52.976563]],[[-7.438702,52.350523],[-7.43835,52.350468]],[[-7.438702,52.350523],[-7.43835,52.350468]],[[-7.43835,52.350468],[-7.435095,52.350237],[-7.432276,52.350277],[-7.419522,52.351276],[-7.417467,52.351284],[-7.411573,52.350751],[-7.406917,52.349883]],[[-7.435358,52.976563],[-7.42727,52.980209]],[[-7.435358,52.976563],[-7.42727,52.980209]],[[-7.42727,52.980209],[-7.418491,52.984157]],[[-7.42727,52.980209],[-7.418491,52.984157]],[[-7.418491,52.984157],[-7.410339,52.987838]],[[-7.418491,52.984157],[-7.410339,52.987838]],[[-7.410339,52.987838],[-7.403325,52.991003]],[[-7.410339,52.987838],[-7.367583,53.006978]],[[-7.406917,52.349883],[-7.403499,52.348661]],[[-7.406917,52.349883],[-7.402973,52.348425],[-7.400838,52.347839]],[[-7.403499,52.348661],[-7.400838,52.347839]],[[-7.403325,52.991003],[-7.399878,52.992549]],[[-7.403325,52.991003],[-7.399878,52.992549]],[[-7.400838,52.347839],[-7.395773,52.346878],[-7.391902,52.346625],[-7.370815,52.347323]],[[-7.399878,52.992549],[-7.399848,52.992567]],[[-7.399848,52.992567],[-7.367583,53.006978]],[[-7.399848,52.992567],[-7.362783,53.009127]],[[-7.397231,53.601666],[-7.397142,53.601594]],[[-7.397231,53.601666],[-7.397142,53.601594]],[[-7.397142,53.601594],[-7.378539,53.582321],[-7.375249,53.580147],[-7.368774,53.576824],[-7.366713,53.575303],[-7.364958,53.573551],[-7.363216,53.570899],[-7.362497,53.568541],[-7.362377,53.566455],[-7.363235,53.561571],[-7.362885,53.558783],[-7.361568,53.556008],[-7.360473,53.554565],[-7.358777,53.552938]],[[-7.370815,52.347323],[-7.370052,52.347301]],[[-7.370815,52.347323],[-7.370052,52.347301]],[[-7.370052,52.347301],[-7.366241,52.346993],[-7.362347,52.346253]],[[-7.367583,53.006978],[-7.362783,53.009127]],[[-7.367583,53.006978],[-7.356753,53.011791]],[[-7.362783,53.009127],[-7.356753,53.011791]],[[-7.362783,53.009127],[-7.309087,53.03295]],[[-7.362347,52.346253],[-7.361733,52.346106]],[[-7.362347,52.346253],[-7.361733,52.346106]],[[-7.361733,52.346106],[-7.360505,52.34574]],[[-7.360505,52.34574],[-7.360155,52.34563]],[[-7.360505,52.34574],[-7.360155,52.34563]],[[-7.360155,52.34563],[-7.355044,52.34384],[-7.350976,52.343009]],[[-7.358777,53.552938],[-7.358181,53.552468]],[[-7.358777,53.552938],[-7.358181,53.552468]],[[-7.358181,53.552468],[-7.354327,53.549841],[-7.352452,53.548123],[-7.351182,53.546301],[-7.347991,53.539921],[-7.347194,53.536771],[-7.346959,53.534433],[-7.347623,53.524569]],[[-7.356753,53.011791],[-7.355703,53.012252]],[[-7.356753,53.011791],[-7.355703,53.012252]],[[-7.355703,53.012252],[-7.354623,53.012732]],[[-7.354623,53.012732],[-7.342531,53.018094]],[[-7.354623,53.012732],[-7.342531,53.018094]],[[-7.350976,52.343009],[-7.350624,52.342971]],[[-7.350976,52.343009],[-7.350624,52.342971]],[[-7.350624,52.342971],[-7.342208,52.342475],[-7.338634,52.342006],[-7.334597,52.341066],[-7.330978,52.339716],[-7.325882,52.337062],[-7.320476,52.333669],[-7.307004,52.326274],[-7.30473,52.325344],[-7.293814,52.321774],[-7.291805,52.320791],[-7.286461,52.317451],[-7.27522,52.312403],[-7.271951,52.311412],[-7.266338,52.310299],[-7.262984,52.309145],[-7.2606,52.307872],[-7.257096,52.305189],[-7.255122,52.30399],[-7.252357,52.302714],[-7.248596,52.301468],[-7.243131,52.300318],[-7.238008,52.299836],[-7.23531,52.299873],[-7.213819,52.301313],[-7.209951,52.30118],[-7.206616,52.300744],[-7.169285,52.294519],[-7.145257,52.28615],[-7.143427,52.285255],[-7.142334,52.284187]],[[-7.347623,53.524569],[-7.347594,53.524497]],[[-7.347623,53.524569],[-7.347594,53.524497]],[[-7.347594,53.524497],[-7.347566,53.524407]],[[-7.347594,53.524497],[-7.347566,53.524407]],[[-7.347594,53.524497],[-7.347507,53.524317]],[[-7.347566,53.524407],[-7.347507,53.524317]],[[-7.347566,53.524407],[-7.347095,53.52365],[-7.346019,53.523015]],[[-7.347507,53.524317],[-7.347448,53.524191]],[[-7.347507,53.524317],[-7.347448,53.524191]],[[-7.347448,53.524191],[-7.347301,53.523956]],[[-7.347448,53.524191],[-7.347301,53.523956]],[[-7.347301,53.523956],[-7.346468,53.523233],[-7.345178,53.522777],[-7.34078,53.522375]],[[-7.347301,53.523956],[-7.346706,53.523396],[-7.345388,53.52285],[-7.341261,53.522485],[-7.338766,53.52195]],[[-7.346019,53.523015],[-7.344456,53.522647],[-7.34078,53.522375]],[[-7.342531,53.018094],[-7.338089,53.020065]],[[-7.342531,53.018094],[-7.338089,53.020065]],[[-7.34078,53.522375],[-7.338766,53.52195]],[[-7.34078,53.522375],[-7.337357,53.521439],[-7.33592,53.520766],[-7.334188,53.519624]],[[-7.338766,53.52195],[-7.337956,53.521694]],[[-7.338766,53.52195],[-7.337956,53.521694]],[[-7.338089,53.020065],[-7.337849,53.020171]],[[-7.338089,53.020065],[-7.337849,53.020171]],[[-7.337956,53.521694],[-7.336637,53.521148]],[[-7.337956,53.521694],[-7.336637,53.521148]],[[-7.337849,53.020171],[-7.328724,53.024201]],[[-7.337849,53.020171],[-7.315334,53.030146]],[[-7.336637,53.521148],[-7.33568,53.520657]],[[-7.336637,53.521148],[-7.33568,53.520657]],[[-7.33568,53.520657],[-7.335292,53.520421]],[[-7.335292,53.520421],[-7.334188,53.519624]],[[-7.335292,53.520421],[-7.334188,53.519624]],[[-7.334188,53.519624],[-7.333741,53.519316]],[[-7.334188,53.519624],[-7.333741,53.519316]],[[-7.333741,53.519316],[-7.331202,53.51772],[-7.321588,53.51355],[-7.320156,53.512626],[-7.318194,53.510871],[-7.316313,53.50971],[-7.314726,53.509018],[-7.312925,53.508504],[-7.304537,53.507054],[-7.294652,53.506744],[-7.29101,53.506399],[-7.286228,53.505688],[-7.207553,53.490346],[-7.204,53.49016],[-7.200406,53.490603],[-7.197678,53.491412],[-7.192847,53.493446],[-7.190727,53.493989],[-7.188369,53.494333],[-7.17265,53.49516],[-7.166717,53.494885],[-7.154123,53.493107],[-7.056686,53.477818],[-7.009922,53.472731],[-7.002304,53.472578],[-6.999387,53.472356],[-6.985313,53.470008],[-6.982593,53.46914],[-6.977508,53.466365],[-6.967139,53.461692],[-6.965254,53.459932],[-6.96288,53.456047],[-6.961796,53.45478],[-6.951422,53.448074],[-6.949006,53.447136],[-6.936028,53.44357],[-6.924606,53.439244],[-6.922884,53.43833],[-6.920672,53.436512],[-6.918859,53.434411],[-6.917798,53.432352],[-6.916916,53.429163],[-6.913685,53.424856],[-6.910817,53.422852],[-6.905628,53.419857],[-6.904051,53.419159],[-6.901659,53.41858],[-6.890127,53.417737],[-6.871683,53.41431],[-6.846764,53.412419],[-6.843963,53.412535],[-6.841695,53.412945],[-6.840057,53.41345],[-6.83701,53.414841]],[[-7.332331,53.02228],[-7.328729,53.023877]],[[-7.332331,53.02228],[-7.328729,53.023877]],[[-7.332331,53.02228],[-7.332691,53.022138],[-7.327857,53.024393]],[[-7.328729,53.023877],[-7.327857,53.024393]],[[-7.328724,53.024201],[-7.327075,53.024838]],[[-7.328724,53.024201],[-7.32323,53.02665]],[[-7.327857,53.024393],[-7.327075,53.024838]],[[-7.327075,53.024838],[-7.32323,53.02665]],[[-7.32323,53.02665],[-7.315334,53.030146]],[[-7.315334,53.030146],[-7.308277,53.033269]],[[-7.315334,53.030146],[-7.305483,53.034565],[-7.298681,53.038461]],[[-7.309087,53.03295],[-7.308277,53.033269]],[[-7.309087,53.03295],[-7.305152,53.03476],[-7.300728,53.037269]],[[-7.308277,53.033269],[-7.307886,53.033446]],[[-7.307886,53.033446],[-7.302776,53.036023]],[[-7.307886,53.033446],[-7.305815,53.034315],[-7.302776,53.036023]],[[-7.302776,53.036023],[-7.299976,53.03766]],[[-7.300728,53.037269],[-7.299313,53.038088]],[[-7.299976,53.03766],[-7.299313,53.038088]],[[-7.299976,53.03766],[-7.294314,53.041024]],[[-7.299313,53.038088],[-7.298681,53.038461]],[[-7.298681,53.038461],[-7.294314,53.041024]],[[-7.298681,53.038461],[-7.286875,53.045437],[-7.28413,53.047308]],[[-7.294314,53.041024],[-7.287056,53.045295]],[[-7.294314,53.041024],[-7.287056,53.045295]],[[-7.287056,53.045295],[-7.285097,53.046559]],[[-7.287056,53.045295],[-7.285097,53.046559]],[[-7.285097,53.046559],[-7.28413,53.047308]],[[-7.285097,53.046559],[-7.283102,53.048147]],[[-7.28413,53.047308],[-7.283102,53.048147]],[[-7.28413,53.047308],[-7.282435,53.048808]],[[-7.283102,53.048147],[-7.282435,53.048808]],[[-7.283102,53.048147],[-7.280855,53.050488],[-7.27917,53.053156]],[[-7.282435,53.048808],[-7.281828,53.049415]],[[-7.281828,53.049415],[-7.280306,53.051258],[-7.27917,53.053156]],[[-7.281828,53.049415],[-7.2792,53.053156],[-7.270041,53.074347],[-7.268471,53.077196],[-7.265882,53.080253],[-7.253715,53.091592]],[[-7.27917,53.053156],[-7.277961,53.055899]],[[-7.27917,53.053156],[-7.277961,53.055899]],[[-7.277961,53.055899],[-7.277464,53.057064]],[[-7.277961,53.055899],[-7.277464,53.057064]],[[-7.277464,53.057064],[-7.272621,53.068251]],[[-7.277464,53.057064],[-7.272621,53.068251]],[[-7.272621,53.068251],[-7.272435,53.0687]],[[-7.272435,53.0687],[-7.271193,53.07155]],[[-7.272435,53.0687],[-7.271193,53.07155]],[[-7.271193,53.07155],[-7.270571,53.073002]],[[-7.271193,53.07155],[-7.270571,53.073002]],[[-7.270571,53.073002],[-7.270199,53.073845]],[[-7.270571,53.073002],[-7.270199,53.073845]],[[-7.270199,53.073845],[-7.269826,53.074705]],[[-7.270199,53.073845],[-7.269826,53.074705]],[[-7.269826,53.074705],[-7.268044,53.077714]],[[-7.269826,53.074705],[-7.268044,53.077714]],[[-7.268044,53.077714],[-7.266764,53.07927]],[[-7.268044,53.077714],[-7.266764,53.07927]],[[-7.266764,53.07927],[-7.265822,53.080253]],[[-7.266764,53.07927],[-7.265822,53.080253]],[[-7.265822,53.080253],[-7.265245,53.080807]],[[-7.265822,53.080253],[-7.265245,53.080807]],[[-7.265245,53.080807],[-7.265094,53.080949]],[[-7.265094,53.080949],[-7.260665,53.085074]],[[-7.265094,53.080949],[-7.260665,53.085074]],[[-7.260665,53.085074],[-7.259299,53.08636]],[[-7.260665,53.085074],[-7.259299,53.08636]],[[-7.259299,53.08636],[-7.256963,53.088538]],[[-7.259299,53.08636],[-7.256963,53.088538]],[[-7.256963,53.088538],[-7.256235,53.089217]],[[-7.256963,53.088538],[-7.256235,53.089217]],[[-7.256235,53.089217],[-7.253715,53.091592]],[[-7.256235,53.089217],[-7.253625,53.091645]],[[-7.253715,53.091592],[-7.253625,53.091645]],[[-7.253715,53.091592],[-7.225169,53.118228]],[[-7.253625,53.091645],[-7.2532,53.092038]],[[-7.253625,53.091645],[-7.2532,53.092038]],[[-7.2532,53.092038],[-7.246643,53.098162]],[[-7.2532,53.092038],[-7.246643,53.098162]],[[-7.246643,53.098162],[-7.246036,53.098733]],[[-7.246036,53.098733],[-7.242302,53.102215]],[[-7.246036,53.098733],[-7.242302,53.102215]],[[-7.244298,52.654669],[-7.243622,52.654485]],[[-7.243622,52.654485],[-7.24203,52.654187]],[[-7.243622,52.654485],[-7.239643,52.653776]],[[-7.242302,53.102215],[-7.238567,53.105678]],[[-7.242302,53.102215],[-7.238567,53.105678]],[[-7.24203,52.654187],[-7.239643,52.653776]],[[-7.24203,52.654187],[-7.238054,52.653352]],[[-7.239643,52.653776],[-7.238966,52.65361]],[[-7.239643,52.653776],[-7.233993,52.652337]],[[-7.238966,52.65361],[-7.238054,52.653352]],[[-7.238966,52.65361],[-7.233993,52.652337]],[[-7.238567,53.105678],[-7.225169,53.118228]],[[-7.238567,53.105678],[-7.22359,53.119674]],[[-7.238054,52.653352],[-7.232639,52.652023]],[[-7.233993,52.652337],[-7.232639,52.652023]],[[-7.232639,52.652023],[-7.228834,52.651549],[-7.226361,52.651012],[-7.221428,52.649128],[-7.212192,52.64664],[-7.206935,52.644789],[-7.195765,52.639914]],[[-7.225169,53.118228],[-7.224895,53.118496]],[[-7.225169,53.118228],[-7.224895,53.118496]],[[-7.224895,53.118496],[-7.22359,53.119674]],[[-7.224895,53.118496],[-7.216997,53.12567]],[[-7.22359,53.119674],[-7.216997,53.12567]],[[-7.22359,53.119674],[-7.21809,53.124707],[-7.208346,53.133001]],[[-7.216997,53.12567],[-7.210015,53.13161]],[[-7.216997,53.12567],[-7.210015,53.13161]],[[-7.210015,53.13161],[-7.208346,53.133001]],[[-7.210015,53.13161],[-7.205156,53.135802]],[[-7.208346,53.133001],[-7.208012,53.133286]],[[-7.208346,53.133001],[-7.208012,53.133286]],[[-7.208012,53.133286],[-7.205156,53.135802]],[[-7.208012,53.133286],[-7.200875,53.139368],[-7.199089,53.140596],[-7.195978,53.142283]],[[-7.205156,53.135802],[-7.20045,53.139707],[-7.195978,53.142283]],[[-7.205156,53.135802],[-7.201177,53.13919],[-7.198906,53.140757],[-7.195555,53.142514],[-7.192152,53.143839]],[[-7.195978,53.142283],[-7.193598,53.143291]],[[-7.195978,53.142283],[-7.193598,53.143291]],[[-7.195765,52.639914],[-7.1936,52.638731],[-7.192201,52.637661],[-7.189544,52.634335]],[[-7.195765,52.639914],[-7.192301,52.63865],[-7.189357,52.638073],[-7.185873,52.637887],[-7.181671,52.638218]],[[-7.193598,53.143291],[-7.192152,53.143839]],[[-7.193598,53.143291],[-7.19095,53.144208],[-7.187164,53.145189],[-7.181469,53.145977]],[[-7.192152,53.143839],[-7.189176,53.144735]],[[-7.192152,53.143839],[-7.189176,53.144735]],[[-7.189544,52.634335],[-7.190028,52.635309],[-7.189987,52.635956],[-7.189589,52.636672],[-7.188661,52.637349],[-7.186998,52.637805],[-7.184425,52.637895],[-7.181671,52.638218]],[[-7.189544,52.634335],[-7.18223,52.62411],[-7.180403,52.620682],[-7.175512,52.591742],[-7.174771,52.588752],[-7.173,52.585612],[-7.163219,52.57073]],[[-7.189176,53.144735],[-7.183715,53.145794]],[[-7.189176,53.144735],[-7.183445,53.145811]],[[-7.183715,53.145794],[-7.183445,53.145811]],[[-7.183715,53.145794],[-7.181439,53.145995]],[[-7.183445,53.145811],[-7.181469,53.145977]],[[-7.181671,52.638218],[-7.176816,52.638687],[-7.174629,52.63869],[-7.170237,52.638138],[-7.166887,52.637144],[-7.159531,52.634],[-7.157356,52.633373],[-7.154323,52.632848],[-7.144196,52.632488],[-7.129073,52.63227],[-7.125076,52.63269],[-7.080543,52.641467],[-7.075457,52.643027],[-7.070504,52.645254],[-7.067956,52.646941],[-7.063682,52.650557],[-7.031521,52.686755],[-7.029381,52.688517],[-7.027165,52.689721],[-7.024272,52.690776],[-7.020112,52.691569],[-7.00377,52.692062],[-7.000963,52.691912],[-6.996568,52.6913],[-6.989424,52.68937],[-6.987184,52.688973],[-6.983847,52.688729],[-6.981182,52.68885],[-6.979223,52.689102],[-6.975949,52.689937],[-6.956871,52.697213]],[[-7.181469,53.145977],[-7.181439,53.145995]],[[-7.181469,53.145977],[-7.176538,53.145889],[-7.167688,53.144353]],[[-7.181439,53.145995],[-7.180511,53.146024]],[[-7.181439,53.145995],[-7.180451,53.146042]],[[-7.180511,53.146024],[-7.180451,53.146042]],[[-7.180451,53.146042],[-7.176477,53.145906],[-7.173884,53.145529]],[[-7.180451,53.146042],[-7.176477,53.145924],[-7.173884,53.145529]],[[-7.173884,53.145529],[-7.167688,53.144353]],[[-7.173884,53.145529],[-7.167598,53.144353]],[[-7.167688,53.144353],[-7.167598,53.144353]],[[-7.167688,53.144353],[-7.153837,53.141775]],[[-7.167598,53.144353],[-7.153837,53.141775]],[[-7.167598,53.144353],[-7.145855,53.140298]],[[-7.163219,52.57073],[-7.162991,52.570333]],[[-7.163219,52.57073],[-7.162991,52.570333]],[[-7.162991,52.570333],[-7.160778,52.56568],[-7.159814,52.562113],[-7.159155,52.557992]],[[-7.159155,52.557992],[-7.159127,52.55792]],[[-7.159155,52.557992],[-7.159127,52.55792]],[[-7.159127,52.55792],[-7.158763,52.555365]],[[-7.158763,52.555365],[-7.158086,52.550668]],[[-7.158763,52.555365],[-7.158086,52.550668]],[[-7.158086,52.550668],[-7.157983,52.549912]],[[-7.158086,52.550668],[-7.157983,52.549912]],[[-7.157983,52.549912],[-7.157315,52.546258]],[[-7.157315,52.546258],[-7.157065,52.545465]],[[-7.157315,52.546258],[-7.157065,52.545465]],[[-7.157065,52.545465],[-7.15476,52.541135]],[[-7.15476,52.541135],[-7.153415,52.539022]],[[-7.15476,52.541135],[-7.153415,52.539022]],[[-7.153837,53.141775],[-7.145855,53.140298]],[[-7.153837,53.141775],[-7.145915,53.140281],[-7.140548,53.139577]],[[-7.153759,52.324557],[-7.153731,52.324503]],[[-7.153759,52.324557],[-7.153731,52.324503]],[[-7.153759,52.324557],[-7.163555,52.335629],[-7.169071,52.340378],[-7.170353,52.34249],[-7.17231,52.347681],[-7.172805,52.349465],[-7.172865,52.350975],[-7.171807,52.360496],[-7.171382,52.362776],[-7.169905,52.366415],[-7.16973,52.367906],[-7.173937,52.381688],[-7.174842,52.383546],[-7.176192,52.385191],[-7.181769,52.390246],[-7.187166,52.395586],[-7.190701,52.398325],[-7.192359,52.399253],[-7.194198,52.399949],[-7.201899,52.401511],[-7.203478,52.401971],[-7.205461,52.402847],[-7.206827,52.403719],[-7.208328,52.405222],[-7.209126,52.406647],[-7.209424,52.408051],[-7.206943,52.420205],[-7.20623,52.422232],[-7.204058,52.425291],[-7.198134,52.430878],[-7.195232,52.435191],[-7.194102,52.437448],[-7.193608,52.440339],[-7.194186,52.447408],[-7.193209,52.452543],[-7.19313,52.456875],[-7.190006,52.463559],[-7.18874,52.468368],[-7.186697,52.476983],[-7.18629,52.48471],[-7.185374,52.486466],[-7.182304,52.490022],[-7.18133,52.491723],[-7.180769,52.493391],[-7.18021,52.498133],[-7.179587,52.499927],[-7.17793,52.50191],[-7.175905,52.503083],[-7.174009,52.503663],[-7.170372,52.504356],[-7.162809,52.505472],[-7.16023,52.506352],[-7.156594,52.508484],[-7.155181,52.510002],[-7.153714,52.512742],[-7.153003,52.51448],[-7.152174,52.519256],[-7.151595,52.520241],[-7.150724,52.521079]],[[-7.153731,52.324503],[-7.149446,52.316921],[-7.148803,52.315245],[-7.143276,52.286998],[-7.142583,52.284962],[-7.141592,52.283157]],[[-7.153415,52.539022],[-7.149409,52.532719],[-7.148701,52.531222],[-7.147993,52.528197],[-7.148174,52.524962]],[[-7.150724,52.521079],[-7.149855,52.521846]],[[-7.150724,52.521079],[-7.149855,52.521846]],[[-7.149855,52.521846],[-7.148979,52.522937]],[[-7.149855,52.521846],[-7.148765,52.52333],[-7.148174,52.524962]],[[-7.148979,52.522937],[-7.148174,52.524962]],[[-7.145855,53.140298],[-7.140548,53.139577]],[[-7.145855,53.140298],[-7.142039,53.139749],[-7.137771,53.139413]],[[-7.142334,52.284187],[-7.142219,52.28406]],[[-7.142334,52.284187],[-7.142219,52.28406]],[[-7.142219,52.28406],[-7.141651,52.283139]],[[-7.141651,52.283139],[-7.141563,52.283103]],[[-7.141651,52.283139],[-7.137034,52.276364]],[[-7.141592,52.283157],[-7.141563,52.283103]],[[-7.141592,52.283157],[-7.139142,52.279489]],[[-7.141563,52.283103],[-7.139142,52.279489]],[[-7.140548,53.139577],[-7.137771,53.139413]],[[-7.140548,53.139577],[-7.137264,53.139373]],[[-7.139142,52.279489],[-7.137034,52.276364]],[[-7.139142,52.279489],[-7.133612,52.271449]],[[-7.137771,53.139413],[-7.137264,53.139373]],[[-7.137771,53.139413],[-7.13078,53.139272]],[[-7.137264,53.139373],[-7.13078,53.139272]],[[-7.137264,53.139373],[-7.125669,53.139217]],[[-7.137034,52.276364],[-7.134982,52.273329]],[[-7.137034,52.276364],[-7.134982,52.273329]],[[-7.134982,52.273329],[-7.133356,52.271087]],[[-7.134982,52.273329],[-7.133356,52.271087]],[[-7.133612,52.271449],[-7.133213,52.270889]],[[-7.133612,52.271449],[-7.132291,52.270073]],[[-7.133356,52.271087],[-7.133213,52.270889]],[[-7.133356,52.271087],[-7.130412,52.268747]],[[-7.133213,52.270889],[-7.133069,52.270744]],[[-7.133069,52.270744],[-7.132291,52.270073]],[[-7.133069,52.270744],[-7.130412,52.268747]],[[-7.132291,52.270073],[-7.130325,52.26871]],[[-7.13078,53.139272],[-7.125669,53.139217]],[[-7.13078,53.139272],[-7.125669,53.139217]],[[-7.130412,52.268747],[-7.128933,52.267963],[-7.127593,52.267575],[-7.122623,52.266999]],[[-7.130412,52.268747],[-7.128234,52.267742],[-7.126221,52.267331],[-7.11911,52.266847]],[[-7.130325,52.26871],[-7.129309,52.268253]],[[-7.130325,52.26871],[-7.129107,52.268072],[-7.127534,52.267593],[-7.123559,52.267096]],[[-7.129309,52.268253],[-7.128582,52.26796]],[[-7.129309,52.268253],[-7.128435,52.267959],[-7.122416,52.26707]],[[-7.128582,52.26796],[-7.128436,52.267905]],[[-7.128582,52.26796],[-7.128436,52.267905]],[[-7.128436,52.267905],[-7.128233,52.267832]],[[-7.128436,52.267905],[-7.123499,52.26715]],[[-7.128233,52.267832],[-7.128087,52.267795]],[[-7.128233,52.267832],[-7.128087,52.267795]],[[-7.128087,52.267795],[-7.12385,52.26717]],[[-7.128087,52.267795],[-7.126132,52.267385],[-7.12385,52.26717]],[[-7.125669,53.139217],[-7.122382,53.139157]],[[-7.125669,53.139217],[-7.122382,53.139157]],[[-7.125669,53.139217],[-7.113566,53.139056]],[[-7.12385,52.26717],[-7.123499,52.26715]],[[-7.123559,52.267096],[-7.122623,52.266999]],[[-7.123559,52.267096],[-7.121861,52.266994]],[[-7.123499,52.26715],[-7.122416,52.26707]],[[-7.122623,52.266999],[-7.122008,52.266959]],[[-7.122416,52.26707],[-7.121861,52.266994]],[[-7.122382,53.139157],[-7.121306,53.139149]],[[-7.122008,52.266959],[-7.119519,52.266886],[-7.118002,52.266533]],[[-7.122008,52.266959],[-7.119374,52.266831],[-7.117391,52.266331]],[[-7.121861,52.266994],[-7.11911,52.266847]],[[-7.121306,53.139149],[-7.118886,53.139113]],[[-7.121306,53.139149],[-7.118886,53.139113]],[[-7.11911,52.266847],[-7.118381,52.266662]],[[-7.11911,52.266847],[-7.117885,52.266532]],[[-7.118886,53.139113],[-7.115658,53.139071]],[[-7.118886,53.139113],[-7.115658,53.139071]],[[-7.118381,52.266662],[-7.117885,52.266532]],[[-7.118002,52.266533],[-7.117391,52.266331]],[[-7.118002,52.266533],[-7.114453,52.265248]],[[-7.117885,52.266532],[-7.11774,52.266495]],[[-7.11774,52.266495],[-7.114395,52.265248],[-7.113256,52.265024]],[[-7.11774,52.266495],[-7.114336,52.265247],[-7.113139,52.265041]],[[-7.117391,52.266331],[-7.114453,52.265248]],[[-7.115658,53.139071],[-7.113566,53.139056]],[[-7.115658,53.139071],[-7.108247,53.13898]],[[-7.114453,52.265248],[-7.11387,52.2651]],[[-7.11387,52.2651],[-7.113256,52.265024]],[[-7.11387,52.2651],[-7.113139,52.265041]],[[-7.113566,53.139056],[-7.112819,53.13905]],[[-7.113566,53.139056],[-7.112819,53.13905]],[[-7.113256,52.265024],[-7.112641,52.265019]],[[-7.113256,52.265024],[-7.112641,52.265019]],[[-7.113139,52.265041],[-7.112641,52.265037]],[[-7.113139,52.265041],[-7.112641,52.265037]],[[-7.112819,53.13905],[-7.112729,53.139049]],[[-7.112729,53.139049],[-7.108247,53.13898]],[[-7.112729,53.139049],[-7.101611,53.138966],[-7.098197,53.139264],[-7.094628,53.139848]],[[-7.112641,52.265019],[-7.112406,52.265035]],[[-7.112641,52.265019],[-7.112406,52.265035]],[[-7.112641,52.265037],[-7.110852,52.265131]],[[-7.112406,52.265035],[-7.110852,52.265131]],[[-7.112406,52.265035],[-7.110764,52.265113]],[[-7.110852,52.265131],[-7.110764,52.265113]],[[-7.110852,52.265131],[-7.106323,52.264468]],[[-7.110764,52.265113],[-7.106323,52.264468]],[[-7.110764,52.265113],[-7.105768,52.264374]],[[-7.108247,53.13898],[-7.100743,53.138995],[-7.094628,53.139848]],[[-7.108247,53.13898],[-7.101971,53.138915],[-7.097598,53.139313],[-7.063568,53.145378]],[[-7.106323,52.264468],[-7.105768,52.264374]],[[-7.105768,52.264374],[-7.103673,52.263693],[-7.100553,52.261458]],[[-7.100553,52.261458],[-7.100381,52.261295]],[[-7.100553,52.261458],[-7.100381,52.261295]],[[-7.100381,52.261295],[-7.098029,52.258796],[-7.092399,52.254744],[-7.090248,52.253918],[-7.087676,52.253647],[-7.084534,52.254],[-7.07276,52.258115],[-7.06929,52.258735],[-7.066097,52.258727],[-7.053902,52.257713],[-7.04626,52.257526],[-7.044205,52.257725],[-7.041877,52.258335],[-7.040278,52.259114],[-7.039057,52.260056],[-7.03797,52.26154]],[[-7.094628,53.139848],[-7.089106,53.14083]],[[-7.094628,53.139848],[-7.089106,53.14083]],[[-7.089106,53.14083],[-7.078994,53.14264]],[[-7.089106,53.14083],[-7.078994,53.14264]],[[-7.078994,53.14264],[-7.07023,53.144208]],[[-7.078994,53.14264],[-7.07023,53.144208]],[[-7.07023,53.144208],[-7.06993,53.144259]],[[-7.06993,53.144259],[-7.063598,53.145378]],[[-7.06993,53.144259],[-7.051562,53.14753]],[[-7.063598,53.145378],[-7.063568,53.145378]],[[-7.063568,53.145378],[-7.051562,53.14753]],[[-7.063568,53.145378],[-7.040216,53.149542]],[[-7.051562,53.14753],[-7.040216,53.149542]],[[-7.051562,53.14753],[-7.040215,53.14956]],[[-7.040216,53.149542],[-7.040215,53.14956]],[[-7.040216,53.149542],[-7.021482,53.152876]],[[-7.040215,53.14956],[-7.040185,53.149559]],[[-7.040185,53.149559],[-7.029588,53.151451]],[[-7.040185,53.149559],[-7.029588,53.151451]],[[-7.03797,52.26154],[-7.037238,52.262882]],[[-7.03797,52.26154],[-7.037238,52.262882]],[[-7.037238,52.262882],[-7.035764,52.264632],[-7.032107,52.267047],[-7.028611,52.270146],[-7.0276,52.270803],[-7.021831,52.27329],[-7.020331,52.27353],[-7.016902,52.273573],[-7.014662,52.274112],[-7.012971,52.275032],[-7.010622,52.277889],[-7.009577,52.278743],[-7.008301,52.279416],[-7.006941,52.279944],[-6.99647,52.282876],[-6.991177,52.283621],[-6.943243,52.285126],[-6.939097,52.285628]],[[-7.029588,53.151451],[-7.028327,53.151674]],[[-7.029588,53.151451],[-7.028327,53.151674]],[[-7.028327,53.151674],[-7.021482,53.152876]],[[-7.028327,53.151674],[-7.017099,53.153667],[-7.01374,53.154071]],[[-7.021482,53.152876],[-7.01818,53.15346]],[[-7.021482,53.152876],[-7.01818,53.15346]],[[-7.019696,53.064531],[-7.016638,53.079569]],[[-7.019696,53.064531],[-7.016638,53.079569]],[[-7.019696,53.064531],[-7.020409,53.060708],[-7.020464,53.058318],[-7.019822,53.055023],[-7.018055,53.051413],[-6.987205,53.014682],[-6.985945,53.012479],[-6.977123,52.993565]],[[-7.01818,53.15346],[-7.017579,53.153563]],[[-7.017579,53.153563],[-7.01374,53.154071]],[[-7.017579,53.153563],[-7.012093,53.154183],[-7.003837,53.154312]],[[-7.016638,53.079569],[-7.016637,53.079623]],[[-7.016638,53.079569],[-7.016637,53.079623]],[[-7.016637,53.079623],[-7.00969,53.114348],[-7.008973,53.116948],[-7.007503,53.119794],[-6.993416,53.140869],[-6.991321,53.143529],[-6.989272,53.145489],[-6.986047,53.147853],[-6.98217,53.149994],[-6.978003,53.151684],[-6.974539,53.152751],[-6.970301,53.153685],[-6.96586,53.154312]],[[-7.01374,53.154071],[-7.012093,53.154201]],[[-7.01374,53.154071],[-7.012093,53.154201]],[[-7.012093,53.154201],[-7.003837,53.154312]],[[-7.012093,53.154201],[-6.99017,53.154341]],[[-7.003837,53.154312],[-6.99017,53.154341]],[[-7.003837,53.154312],[-6.965051,53.154395]],[[-6.99017,53.154341],[-6.985087,53.154351]],[[-6.99017,53.154341],[-6.985087,53.154351]],[[-6.985087,53.154351],[-6.964781,53.154428]],[[-6.985087,53.154351],[-6.964541,53.154462]],[[-6.977123,52.993565],[-6.976385,52.992012]],[[-6.977123,52.993565],[-6.976213,52.991723]],[[-6.977123,52.993565],[-6.976213,52.991723]],[[-6.976385,52.992012],[-6.975272,52.989935],[-6.974057,52.988415]],[[-6.976213,52.991723],[-6.974259,52.988668]],[[-6.976213,52.991723],[-6.974259,52.988668]],[[-6.974259,52.988668],[-6.97423,52.988632]],[[-6.97423,52.988632],[-6.974057,52.988415]],[[-6.97423,52.988632],[-6.974057,52.988415]],[[-6.974057,52.988415],[-6.966617,52.980639]],[[-6.966617,52.980639],[-6.966558,52.980585]],[[-6.966617,52.980639],[-6.966558,52.980585]],[[-6.966558,52.980585],[-6.955198,52.968783],[-6.953354,52.966232],[-6.936661,52.935507],[-6.929602,52.915311],[-6.927438,52.895751],[-6.926834,52.893732],[-6.923426,52.887338],[-6.922929,52.885823],[-6.922553,52.88298],[-6.922681,52.881435],[-6.92357,52.877938],[-6.923372,52.872705],[-6.923782,52.870569],[-6.925557,52.867242],[-6.928889,52.863425],[-6.92974,52.861455],[-6.929807,52.859946],[-6.929481,52.858685],[-6.928657,52.857185],[-6.923699,52.851118],[-6.922412,52.847925]],[[-6.96586,53.154312],[-6.965051,53.154395]],[[-6.96586,53.154312],[-6.964781,53.154428]],[[-6.965051,53.154395],[-6.964541,53.154462]],[[-6.965051,53.154395],[-6.963284,53.154505]],[[-6.964781,53.154428],[-6.963284,53.154505]],[[-6.964541,53.154462],[-6.957949,53.154998],[-6.950989,53.155925]],[[-6.963284,53.154505],[-6.95648,53.155147],[-6.950989,53.155925]],[[-6.963284,53.154505],[-6.95795,53.154962],[-6.95273,53.155635],[-6.915106,53.161733]],[[-6.956871,52.697213],[-6.956811,52.697266]],[[-6.956871,52.697213],[-6.956811,52.697266]],[[-6.956871,52.697213],[-6.956393,52.697425]],[[-6.956811,52.697266],[-6.956781,52.697284]],[[-6.956781,52.697284],[-6.956393,52.697425]],[[-6.956781,52.697284],[-6.951521,52.699449]],[[-6.956393,52.697425],[-6.9523,52.69906]],[[-6.956393,52.697425],[-6.9523,52.69906]],[[-6.9523,52.69906],[-6.951521,52.699449]],[[-6.9523,52.69906],[-6.951281,52.699573]],[[-6.951521,52.699449],[-6.951371,52.699537]],[[-6.951521,52.699449],[-6.951371,52.699537]],[[-6.951371,52.699537],[-6.951281,52.699573]],[[-6.951371,52.699537],[-6.951162,52.699625]],[[-6.951281,52.699573],[-6.951162,52.699625]],[[-6.951162,52.699625],[-6.949027,52.701009],[-6.946724,52.703253],[-6.945366,52.705578],[-6.944872,52.707677],[-6.943776,52.722426],[-6.94716,52.751524],[-6.947491,52.756255],[-6.946466,52.759428],[-6.943658,52.764041],[-6.942993,52.765814],[-6.942858,52.767683],[-6.94329,52.776801],[-6.943122,52.778813],[-6.942513,52.780713],[-6.941551,52.782466],[-6.93801,52.786659],[-6.922999,52.809803],[-6.922092,52.8117],[-6.918529,52.830902],[-6.918813,52.83263],[-6.919318,52.833803],[-6.921938,52.838285]],[[-6.950989,53.155925],[-6.949067,53.156232]],[[-6.949067,53.156232],[-6.94081,53.157579]],[[-6.949067,53.156232],[-6.94081,53.157579]],[[-6.94081,53.157579],[-6.91979,53.161003]],[[-6.94081,53.157579],[-6.91979,53.161003]],[[-6.939097,52.285628],[-6.933879,52.286839],[-6.929555,52.288688],[-6.926218,52.290905],[-6.92283,52.293984],[-6.920456,52.295167],[-6.917418,52.295876],[-6.908109,52.296438],[-6.906471,52.296279],[-6.904577,52.295794],[-6.894711,52.291639],[-6.886693,52.289874],[-6.884779,52.289047],[-6.881053,52.286818],[-6.878794,52.285736],[-6.87618,52.284776],[-6.873442,52.284085],[-6.870465,52.283571],[-6.865665,52.283256],[-6.839456,52.283378]],[[-6.922531,52.839531],[-6.92228,52.838864]],[[-6.922531,52.839531],[-6.92228,52.838864]],[[-6.922531,52.839531],[-6.922013,52.843661]],[[-6.922531,52.839531],[-6.922013,52.843661]],[[-6.922412,52.847925],[-6.922334,52.847457]],[[-6.922412,52.847925],[-6.922334,52.847457]],[[-6.922381,52.840788],[-6.922013,52.843661]],[[-6.922381,52.840788],[-6.922588,52.839604],[-6.921938,52.838285]],[[-6.922334,52.847457],[-6.922264,52.846701]],[[-6.922334,52.847457],[-6.922264,52.846701]],[[-6.92228,52.838864],[-6.921938,52.838285]],[[-6.92228,52.838864],[-6.921938,52.838285]],[[-6.922264,52.846701],[-6.922013,52.843661]],[[-6.91979,53.161003],[-6.914805,53.161821]],[[-6.91979,53.161003],[-6.905465,53.163335]],[[-6.915106,53.161733],[-6.915076,53.161733]],[[-6.915106,53.161733],[-6.904715,53.163436]],[[-6.915076,53.161733],[-6.914805,53.161821]],[[-6.915076,53.161733],[-6.911804,53.162225]],[[-6.914805,53.161821],[-6.914085,53.161922]],[[-6.914085,53.161922],[-6.908048,53.162927]],[[-6.914085,53.161922],[-6.906336,53.163199]],[[-6.911804,53.162225],[-6.911384,53.162275]],[[-6.911804,53.162225],[-6.910518,53.162213]],[[-6.910518,53.162213],[-6.910309,53.162211],[-6.910518,53.162213]],[[-6.908048,53.162927],[-6.906336,53.163199]],[[-6.906336,53.163199],[-6.905465,53.163335]],[[-6.905465,53.163335],[-6.904715,53.163436]],[[-6.905465,53.163335],[-6.903182,53.163709]],[[-6.905465,53.163335],[-6.903182,53.163709]],[[-6.904715,53.163436],[-6.882335,53.167183],[-6.878022,53.168544],[-6.872089,53.171202],[-6.869167,53.171984],[-6.865118,53.172358],[-6.860697,53.172119]],[[-6.903182,53.163709],[-6.902762,53.163777]],[[-6.902762,53.163777],[-6.88477,53.166702]],[[-6.902762,53.163777],[-6.88477,53.166702]],[[-6.88477,53.166702],[-6.882575,53.167149]],[[-6.88477,53.166702],[-6.882575,53.167149]],[[-6.882575,53.167149],[-6.882274,53.167218]],[[-6.882274,53.167218],[-6.881611,53.167391]],[[-6.882274,53.167218],[-6.881611,53.167391]],[[-6.881611,53.167391],[-6.879229,53.168124]],[[-6.881611,53.167391],[-6.879229,53.168124]],[[-6.879229,53.168124],[-6.877779,53.168686]],[[-6.879229,53.168124],[-6.877779,53.168686]],[[-6.877779,53.168686],[-6.875811,53.169566]],[[-6.877779,53.168686],[-6.875811,53.169566]],[[-6.875811,53.169566],[-6.874236,53.170306]],[[-6.875811,53.169566],[-6.874236,53.170306]],[[-6.874236,53.170306],[-6.873449,53.170676]],[[-6.874236,53.170306],[-6.873449,53.170676]],[[-6.873449,53.170676],[-6.872874,53.170922]],[[-6.873449,53.170676],[-6.872874,53.170922]],[[-6.872874,53.170922],[-6.87064,53.171692],[-6.868805,53.17207]],[[-6.872874,53.170922],[-6.870942,53.171587],[-6.868805,53.17207]],[[-6.868805,53.17207],[-6.866495,53.172336]],[[-6.868805,53.17207],[-6.866495,53.172336]],[[-6.866495,53.172336],[-6.863503,53.172361]],[[-6.866495,53.172336],[-6.863503,53.172361]],[[-6.863503,53.172361],[-6.862517,53.172316]],[[-6.863503,53.172361],[-6.862517,53.172316]],[[-6.862517,53.172316],[-6.861949,53.172274]],[[-6.861949,53.172274],[-6.860875,53.172156]],[[-6.861949,53.172274],[-6.860875,53.172156]],[[-6.860875,53.172156],[-6.860697,53.172119]],[[-6.860875,53.172156],[-6.858341,53.171844]],[[-6.860697,53.172119],[-6.858341,53.171844]],[[-6.860697,53.172119],[-6.854937,53.171614],[-6.84907,53.171737]],[[-6.858341,53.171844],[-6.857654,53.171784]],[[-6.858341,53.171844],[-6.857654,53.171784]],[[-6.857654,53.171784],[-6.852514,53.171609]],[[-6.857654,53.171784],[-6.852514,53.171609]],[[-6.852514,53.171609],[-6.84907,53.171737]],[[-6.852514,53.171609],[-6.847271,53.171899]],[[-6.84907,53.171737],[-6.847271,53.171899]],[[-6.84907,53.171737],[-6.843008,53.172451],[-6.831187,53.174799],[-6.828229,53.17574],[-6.81772,53.180364]],[[-6.847271,53.171899],[-6.84622,53.172015]],[[-6.84622,53.172015],[-6.838556,53.173325]],[[-6.84622,53.172015],[-6.838556,53.173325]],[[-6.839456,52.283378],[-6.811051,52.283383],[-6.808509,52.28307],[-6.806589,52.282511],[-6.804911,52.281703],[-6.800724,52.278263],[-6.798846,52.277273],[-6.791571,52.275347],[-6.787313,52.273488],[-6.785626,52.273021],[-6.778962,52.272377],[-6.776691,52.271814],[-6.774552,52.270767],[-6.771397,52.268253],[-6.769577,52.267336],[-6.768034,52.26696],[-6.766163,52.266797],[-6.757858,52.267249]],[[-6.838556,53.173325],[-6.836241,53.173769]],[[-6.838556,53.173325],[-6.836241,53.173769]],[[-6.83701,53.414841],[-6.83567,53.415457]],[[-6.83701,53.414841],[-6.831677,53.417341],[-6.828736,53.418139]],[[-6.83701,53.414841],[-6.832195,53.417112],[-6.830129,53.417811],[-6.820065,53.419456]],[[-6.836241,53.173769],[-6.831216,53.174817],[-6.827623,53.176022]],[[-6.836241,53.173769],[-6.831728,53.174696],[-6.827623,53.176022]],[[-6.83567,53.415457],[-6.832134,53.417112],[-6.828736,53.418139]],[[-6.828736,53.418139],[-6.820065,53.419456]],[[-6.827623,53.176022],[-6.824232,53.177498]],[[-6.827623,53.176022],[-6.824232,53.177498]],[[-6.824232,53.177498],[-6.823596,53.17778]],[[-6.824232,53.177498],[-6.823596,53.17778]],[[-6.823596,53.17778],[-6.81772,53.180364]],[[-6.823596,53.17778],[-6.815478,53.181384]],[[-6.820065,53.419456],[-6.813268,53.420395],[-6.809052,53.420515],[-6.805511,53.420192],[-6.794461,53.418301],[-6.791516,53.418182],[-6.789043,53.41839],[-6.786348,53.418974],[-6.784218,53.419797],[-6.782506,53.42075],[-6.779212,53.423359],[-6.777928,53.424047],[-6.775678,53.424851],[-6.75464,53.429055],[-6.751623,53.429329],[-6.748739,53.429155],[-6.734169,53.426215],[-6.724008,53.422836],[-6.710326,53.419525],[-6.700815,53.416636],[-6.687132,53.410573],[-6.685156,53.409275],[-6.678903,53.40428]],[[-6.81772,53.180364],[-6.815478,53.181384]],[[-6.81772,53.180364],[-6.813294,53.182441],[-6.805257,53.187412]],[[-6.815478,53.181384],[-6.814963,53.181631]],[[-6.815478,53.181384],[-6.814963,53.181631]],[[-6.814963,53.181631],[-6.814022,53.182089]],[[-6.814963,53.181631],[-6.814022,53.182089]],[[-6.814022,53.182089],[-6.809123,53.185042]],[[-6.814022,53.182089],[-6.809123,53.185042]],[[-6.809123,53.185042],[-6.808575,53.185378]],[[-6.809123,53.185042],[-6.808575,53.185378]],[[-6.808575,53.185378],[-6.807722,53.185908]],[[-6.808575,53.185378],[-6.807722,53.185908]],[[-6.808122,53.185517],[-6.805257,53.187412]],[[-6.807722,53.185908],[-6.804403,53.187978]],[[-6.807722,53.185908],[-6.799652,53.190914]],[[-6.805257,53.187412],[-6.8048,53.187677]],[[-6.8048,53.187677],[-6.804403,53.187978]],[[-6.8048,53.187677],[-6.799592,53.190932]],[[-6.804403,53.187978],[-6.799652,53.190914]],[[-6.799652,53.190914],[-6.799592,53.190932]],[[-6.799652,53.190914],[-6.799591,53.19095]],[[-6.799592,53.190932],[-6.799591,53.19095]],[[-6.799592,53.190932],[-6.799561,53.19095]],[[-6.799591,53.19095],[-6.799561,53.19095]],[[-6.799591,53.19095],[-6.79572,53.193463],[-6.791736,53.196766]],[[-6.799561,53.19095],[-6.794405,53.194475]],[[-6.799561,53.19095],[-6.796394,53.192913],[-6.794405,53.194475]],[[-6.794405,53.194475],[-6.791736,53.196766]],[[-6.794405,53.194475],[-6.781371,53.205487]],[[-6.791736,53.196766],[-6.791706,53.196784]],[[-6.791706,53.196784],[-6.789621,53.198542]],[[-6.791706,53.196784],[-6.789621,53.198542]],[[-6.789621,53.198542],[-6.78591,53.201686]],[[-6.789621,53.198542],[-6.78591,53.201686]],[[-6.78591,53.201686],[-6.781953,53.205025]],[[-6.78591,53.201686],[-6.781953,53.205025]],[[-6.781953,53.205025],[-6.781371,53.205487]],[[-6.781953,53.205025],[-6.774007,53.211739]],[[-6.781371,53.205487],[-6.774007,53.211739]],[[-6.781371,53.205487],[-6.770971,53.21426]],[[-6.774007,53.211739],[-6.773332,53.212307]],[[-6.774007,53.211739],[-6.773332,53.212307]],[[-6.773332,53.212307],[-6.770971,53.21426]],[[-6.773332,53.212307],[-6.770541,53.214633]],[[-6.770971,53.21426],[-6.770541,53.214633]],[[-6.770971,53.21426],[-6.768056,53.21671]],[[-6.770541,53.214633],[-6.768056,53.21671]],[[-6.770541,53.214633],[-6.768055,53.216746]],[[-6.768056,53.21671],[-6.768055,53.216746]],[[-6.768056,53.21671],[-6.76631,53.218058]],[[-6.768055,53.216746],[-6.767871,53.216888]],[[-6.767871,53.216888],[-6.76631,53.218058]],[[-6.767871,53.216888],[-6.765209,53.218856],[-6.76256,53.220356]],[[-6.76631,53.218058],[-6.766004,53.218271]],[[-6.766004,53.218271],[-6.764631,53.219173]],[[-6.766004,53.218271],[-6.764631,53.219173]],[[-6.764631,53.219173],[-6.76256,53.220356]],[[-6.764631,53.219173],[-6.761375,53.220937]],[[-6.76256,53.220356],[-6.761375,53.220937]],[[-6.76256,53.220356],[-6.759796,53.221676]],[[-6.761375,53.220937],[-6.760009,53.22157]],[[-6.761375,53.220937],[-6.760009,53.22157]],[[-6.760009,53.22157],[-6.759796,53.221676]],[[-6.760009,53.22157],[-6.753161,53.224303]],[[-6.759796,53.221676],[-6.753161,53.224303]],[[-6.759796,53.221676],[-6.752463,53.224601]],[[-6.757858,52.267249],[-6.753916,52.267801]],[[-6.757858,52.267249],[-6.752412,52.268126]],[[-6.753916,52.267801],[-6.752412,52.268126]],[[-6.753161,53.224303],[-6.752858,53.224425]],[[-6.753161,53.224303],[-6.752858,53.224425]],[[-6.752858,53.224425],[-6.752463,53.224601]],[[-6.752858,53.224425],[-6.750646,53.225301]],[[-6.752463,53.224601],[-6.750646,53.225301]],[[-6.752463,53.224601],[-6.748433,53.226195]],[[-6.752412,52.268126],[-6.749544,52.269031],[-6.743553,52.271574],[-6.741072,52.272231],[-6.739308,52.272428],[-6.736819,52.272365],[-6.734603,52.271964],[-6.733122,52.271481],[-6.731533,52.27069],[-6.730357,52.269815],[-6.727743,52.266928],[-6.725797,52.265325],[-6.723578,52.264025],[-6.719672,52.262292],[-6.717832,52.261086],[-6.708335,52.251112],[-6.705503,52.24878],[-6.702622,52.247148],[-6.700713,52.246318],[-6.69755,52.245295],[-6.694874,52.24469],[-6.690847,52.244178],[-6.653923,52.240976],[-6.648833,52.240792],[-6.641243,52.240974],[-6.637353,52.240786],[-6.610093,52.236872],[-6.606147,52.236646],[-6.599699,52.236821]],[[-6.750646,53.225301],[-6.748433,53.226195]],[[-6.750646,53.225301],[-6.744888,53.227577]],[[-6.748433,53.226195],[-6.744888,53.227577]],[[-6.748433,53.226195],[-6.733401,53.232129]],[[-6.744888,53.227577],[-6.741191,53.22903]],[[-6.744888,53.227577],[-6.741191,53.22903]],[[-6.741191,53.22903],[-6.733401,53.232129]],[[-6.741191,53.22903],[-6.731705,53.232741],[-6.727083,53.234039]],[[-6.733401,53.232129],[-6.728651,53.233697]],[[-6.733401,53.232129],[-6.728651,53.233697]],[[-6.728651,53.233697],[-6.727083,53.234039]],[[-6.728651,53.233697],[-6.720209,53.235476]],[[-6.727083,53.234039],[-6.720209,53.235476]],[[-6.727083,53.234039],[-6.705075,53.238584]],[[-6.720209,53.235476],[-6.718702,53.235783]],[[-6.720209,53.235476],[-6.718702,53.235783]],[[-6.718702,53.235783],[-6.705075,53.238584]],[[-6.718702,53.235783],[-6.692321,53.241231]],[[-6.705075,53.238584],[-6.703568,53.238891]],[[-6.705075,53.238584],[-6.703568,53.238891]],[[-6.703568,53.238891],[-6.703176,53.238977]],[[-6.703176,53.238977],[-6.696452,53.240359]],[[-6.703176,53.238977],[-6.696452,53.240359]],[[-6.696452,53.240359],[-6.692321,53.241231]],[[-6.696452,53.240359],[-6.67486,53.244813]],[[-6.692321,53.241231],[-6.689606,53.241794]],[[-6.692321,53.241231],[-6.689606,53.241794]],[[-6.689606,53.241794],[-6.686289,53.242477]],[[-6.689606,53.241794],[-6.686289,53.242477]],[[-6.686289,53.242477],[-6.684118,53.24292]],[[-6.686289,53.242477],[-6.684118,53.24292]],[[-6.684118,53.24292],[-6.67486,53.244813]],[[-6.684118,53.24292],[-6.673533,53.245104]],[[-6.678903,53.40428],[-6.670566,53.39964],[-6.656391,53.39515],[-6.627331,53.382362],[-6.624024,53.381443],[-6.600232,53.376313]],[[-6.67486,53.244813],[-6.673533,53.245104]],[[-6.67486,53.244813],[-6.668316,53.24616]],[[-6.673533,53.245104],[-6.672447,53.245325]],[[-6.673533,53.245104],[-6.672447,53.245325]],[[-6.672447,53.245325],[-6.668979,53.246042]],[[-6.672447,53.245325],[-6.668979,53.246042]],[[-6.668979,53.246042],[-6.668316,53.24616]],[[-6.668979,53.246042],[-6.665842,53.24669]],[[-6.668316,53.24616],[-6.665842,53.24669]],[[-6.668316,53.24616],[-6.663219,53.247199]],[[-6.665842,53.24669],[-6.665661,53.246723]],[[-6.665661,53.246723],[-6.662705,53.247337]],[[-6.665661,53.246723],[-6.658839,53.248283],[-6.655081,53.249624]],[[-6.663938,53.247207],[-6.661708,53.247596]],[[-6.663864,53.656317],[-6.664477,53.656054],[-6.663864,53.656317]],[[-6.663864,53.656317],[-6.647387,53.663429],[-6.62237,53.670513],[-6.619583,53.671506],[-6.615436,53.673381],[-6.608587,53.677292],[-6.602602,53.679757],[-6.597281,53.68133],[-6.592554,53.682371],[-6.587651,53.683212],[-6.58209,53.683812],[-6.575936,53.684044],[-6.57037,53.683888],[-6.563311,53.683103],[-6.558828,53.682276],[-6.470233,53.659805],[-6.46491,53.658892],[-6.460531,53.658638],[-6.457048,53.658737],[-6.453858,53.659073],[-6.450415,53.659712],[-6.447787,53.660415],[-6.396677,53.67786],[-6.391822,53.679736],[-6.388274,53.681486]],[[-6.663219,53.247199],[-6.662705,53.247337]],[[-6.663219,53.247199],[-6.658144,53.248473],[-6.654656,53.249781]],[[-6.662705,53.247337],[-6.662343,53.247423]],[[-6.662343,53.247423],[-6.661708,53.247596]],[[-6.662343,53.247423],[-6.659716,53.248041],[-6.655627,53.249415]],[[-6.661708,53.247596],[-6.655627,53.249415]],[[-6.655627,53.249415],[-6.655081,53.249624]],[[-6.655081,53.249624],[-6.654656,53.249781]],[[-6.655081,53.249624],[-6.651642,53.251293]],[[-6.655081,53.249624],[-6.651642,53.251293]],[[-6.654656,53.249781],[-6.650636,53.251839],[-6.646892,53.254601]],[[-6.651642,53.251293],[-6.649165,53.252865],[-6.646952,53.254584]],[[-6.651642,53.251293],[-6.649135,53.252847],[-6.646952,53.254584]],[[-6.646952,53.254584],[-6.646892,53.254601]],[[-6.646952,53.254584],[-6.642155,53.258412]],[[-6.646892,53.254601],[-6.642155,53.258412]],[[-6.646892,53.254601],[-6.640836,53.259349],[-6.618631,53.273996]],[[-6.642155,53.258412],[-6.633119,53.264474]],[[-6.642155,53.258412],[-6.633119,53.264474]],[[-6.633119,53.264474],[-6.623777,53.270622]],[[-6.633119,53.264474],[-6.623777,53.270622]],[[-6.623777,53.270622],[-6.619764,53.273272]],[[-6.623777,53.270622],[-6.619764,53.273272]],[[-6.619764,53.273272],[-6.618631,53.273996]],[[-6.619764,53.273272],[-6.604258,53.283463]],[[-6.618631,53.273996],[-6.607753,53.281132]],[[-6.618631,53.273996],[-6.607753,53.281132]],[[-6.607753,53.281132],[-6.604258,53.283463]],[[-6.607753,53.281132],[-6.585464,53.295789],[-6.582161,53.297691]],[[-6.604258,53.283463],[-6.585494,53.295789],[-6.582161,53.297691]],[[-6.604258,53.283463],[-6.583748,53.296883],[-6.578933,53.299127],[-6.573076,53.301106]],[[-6.600232,53.376313],[-6.59771,53.376212]],[[-6.600232,53.376313],[-6.597077,53.376276],[-6.594597,53.376732],[-6.592895,53.377288]],[[-6.599699,52.236821],[-6.598441,52.236788],[-6.599699,52.236821]],[[-6.59771,53.376212],[-6.595264,53.376543],[-6.592471,53.37739]],[[-6.59771,53.376212],[-6.595021,53.376612],[-6.592014,53.377565]],[[-6.592895,53.377288],[-6.592471,53.37739]],[[-6.592895,53.377288],[-6.592014,53.377565]],[[-6.592471,53.37739],[-6.590012,53.378098]],[[-6.592014,53.377565],[-6.591376,53.377755]],[[-6.592014,53.377565],[-6.591376,53.377755]],[[-6.591376,53.377755],[-6.590042,53.378117]],[[-6.591376,53.377755],[-6.590042,53.378117]],[[-6.590042,53.378117],[-6.58989,53.378151]],[[-6.590012,53.378098],[-6.587349,53.378642]],[[-6.58989,53.378151],[-6.586471,53.378829]],[[-6.58989,53.378151],[-6.583782,53.379247]],[[-6.587349,53.378642],[-6.586471,53.378829]],[[-6.587349,53.378642],[-6.57925,53.379912],[-6.575401,53.379956],[-6.540485,53.375957]],[[-6.586471,53.378829],[-6.583782,53.379247]],[[-6.583782,53.379247],[-6.578737,53.379978]],[[-6.583782,53.379247],[-6.578737,53.379978]],[[-6.582161,53.297691],[-6.578903,53.299108],[-6.573896,53.30081]],[[-6.582161,53.297691],[-6.578904,53.29909],[-6.573896,53.30081]],[[-6.578737,53.379978],[-6.576241,53.38002],[-6.574172,53.379852],[-6.540813,53.376033]],[[-6.578737,53.379978],[-6.57624,53.380038],[-6.574171,53.37987],[-6.540813,53.376033]],[[-6.573896,53.30081],[-6.573076,53.301106]],[[-6.573896,53.30081],[-6.569343,53.302355]],[[-6.573076,53.301106],[-6.569343,53.302355]],[[-6.573076,53.301106],[-6.562968,53.304544]],[[-6.569343,53.302355],[-6.567765,53.302894]],[[-6.567765,53.302894],[-6.567158,53.303102]],[[-6.567765,53.302894],[-6.567158,53.303102]],[[-6.567198,52.503516],[-6.566829,52.503997]],[[-6.567198,52.503516],[-6.564663,52.506272]],[[-6.567198,52.503516],[-6.564083,52.506894]],[[-6.567198,52.503516],[-6.568624,52.50134],[-6.569018,52.500104],[-6.568714,52.498572],[-6.567995,52.497125],[-6.56794,52.496118],[-6.568231,52.495312],[-6.57002,52.492835],[-6.570265,52.491634],[-6.569104,52.487467],[-6.568549,52.483703],[-6.56636,52.479487],[-6.564162,52.471029],[-6.563583,52.455363],[-6.563175,52.453416],[-6.561509,52.449459],[-6.561416,52.447786],[-6.562502,52.443377],[-6.569,52.433513],[-6.569525,52.43183],[-6.569645,52.429944],[-6.569014,52.426718],[-6.56787,52.424798],[-6.566182,52.42334],[-6.561583,52.420983],[-6.560153,52.419761],[-6.559063,52.416206],[-6.554648,52.410974],[-6.55367,52.409416],[-6.553,52.406513],[-6.553581,52.397747],[-6.55382,52.396743],[-6.5546,52.395333],[-6.555726,52.39416],[-6.557141,52.393116],[-6.559052,52.392187],[-6.562999,52.390994],[-6.564846,52.390226],[-6.566736,52.389026],[-6.56807,52.387766],[-6.568715,52.386911],[-6.569198,52.385586],[-6.569577,52.382049],[-6.569174,52.380894],[-6.568291,52.380038],[-6.562366,52.376119],[-6.560774,52.374481],[-6.559814,52.372402],[-6.559679,52.369326],[-6.55887,52.368004],[-6.557954,52.367291],[-6.555035,52.365836],[-6.551853,52.363441],[-6.549123,52.360729],[-6.545245,52.355396],[-6.544387,52.354702],[-6.543,52.354038],[-6.538953,52.352999],[-6.535649,52.351682],[-6.529483,52.349951],[-6.523603,52.349302],[-6.518747,52.347911],[-6.516291,52.347611],[-6.514351,52.347676],[-6.509556,52.348856],[-6.504902,52.350164],[-6.49922,52.352357],[-6.496762,52.352991],[-6.492519,52.353422],[-6.488181,52.353205],[-6.484975,52.352517],[-6.481675,52.351162],[-6.480065,52.350153],[-6.477214,52.347689],[-6.474763,52.346399],[-6.471604,52.345207],[-6.468715,52.344702]],[[-6.567158,53.303102],[-6.562968,53.304544]],[[-6.567158,53.303102],[-6.561117,53.305151]],[[-6.566829,52.503997],[-6.564663,52.506272]],[[-6.564663,52.506272],[-6.564083,52.506894]],[[-6.564083,52.506894],[-6.562746,52.508136],[-6.561068,52.508997],[-6.5538,52.510508],[-6.55055,52.511655],[-6.549373,52.512521],[-6.547646,52.514855],[-6.546069,52.516202],[-6.544362,52.517026],[-6.534732,52.520377],[-6.53338,52.521133],[-6.532134,52.522268],[-6.529515,52.52745],[-6.528492,52.530691],[-6.528499,52.532273],[-6.529103,52.533593],[-6.530153,52.53481],[-6.536164,52.538445],[-6.537194,52.53941],[-6.538461,52.541206],[-6.539342,52.543086],[-6.539772,52.545231],[-6.53965,52.547135],[-6.53903,52.548925],[-6.537083,52.551616],[-6.531452,52.556831],[-6.522265,52.56691],[-6.515922,52.572153],[-6.514143,52.573281],[-6.511804,52.574366],[-6.501954,52.577676]],[[-6.562968,53.304544],[-6.561117,53.305151]],[[-6.562968,53.304544],[-6.560024,53.305533]],[[-6.561117,53.305151],[-6.560024,53.305533]],[[-6.561117,53.305151],[-6.559053,53.305845]],[[-6.560024,53.305533],[-6.559053,53.305845]],[[-6.560024,53.305533],[-6.558293,53.306123]],[[-6.559053,53.305845],[-6.558293,53.306123]],[[-6.559053,53.305845],[-6.554772,53.307303]],[[-6.558293,53.306123],[-6.557474,53.306401]],[[-6.558293,53.306123],[-6.557474,53.306401]],[[-6.557474,53.306401],[-6.554772,53.307303]],[[-6.557474,53.306401],[-6.550977,53.308605]],[[-6.554772,53.307303],[-6.554408,53.307424]],[[-6.554408,53.307424],[-6.550977,53.308605]],[[-6.554408,53.307424],[-6.549095,53.309229]],[[-6.550977,53.308605],[-6.549095,53.309229]],[[-6.550977,53.308605],[-6.547515,53.309785]],[[-6.549095,53.309229],[-6.547607,53.309732]],[[-6.549095,53.309229],[-6.547607,53.309732]],[[-6.547607,53.309732],[-6.547515,53.309785]],[[-6.547607,53.309732],[-6.540162,53.312428],[-6.535453,53.314958]],[[-6.547515,53.309785],[-6.546028,53.310288]],[[-6.547515,53.309785],[-6.546028,53.310288]],[[-6.546028,53.310288],[-6.541744,53.311818],[-6.537535,53.313762]],[[-6.546028,53.310288],[-6.541288,53.311974],[-6.537535,53.313762]],[[-6.540813,53.376033],[-6.540485,53.375957]],[[-6.540813,53.376033],[-6.528305,53.373507],[-6.526319,53.372709],[-6.522984,53.370924],[-6.520276,53.370136]],[[-6.540485,53.375957],[-6.536453,53.375189]],[[-6.540485,53.375957],[-6.536453,53.375189]],[[-6.537535,53.313762],[-6.535453,53.314958]],[[-6.537535,53.313762],[-6.53306,53.316457]],[[-6.536453,53.375189],[-6.529497,53.373809]],[[-6.536453,53.375189],[-6.529497,53.373809]],[[-6.535453,53.314958],[-6.53306,53.316457]],[[-6.535453,53.314958],[-6.531497,53.317391]],[[-6.53306,53.316457],[-6.531864,53.317197]],[[-6.531864,53.317197],[-6.53165,53.31732]],[[-6.531864,53.317197],[-6.530942,53.317833]],[[-6.53165,53.31732],[-6.530942,53.317833]],[[-6.53165,53.31732],[-6.524166,53.321938]],[[-6.531497,53.317391],[-6.524166,53.321938]],[[-6.531497,53.317391],[-6.523554,53.322272]],[[-6.530942,53.317833],[-6.530635,53.318027]],[[-6.530942,53.317833],[-6.520111,53.324602]],[[-6.530635,53.318027],[-6.529161,53.31898]],[[-6.530635,53.318027],[-6.529161,53.31898]],[[-6.529497,53.373809],[-6.526232,53.372618]],[[-6.529497,53.373809],[-6.526232,53.372618]],[[-6.529161,53.31898],[-6.524249,53.322136]],[[-6.529161,53.31898],[-6.524249,53.322136]],[[-6.526232,53.372618],[-6.522955,53.370888]],[[-6.526232,53.372618],[-6.522955,53.370888]],[[-6.524249,53.322136],[-6.520111,53.324602]],[[-6.524249,53.322136],[-6.519129,53.325201],[-6.511846,53.329155]],[[-6.524166,53.321938],[-6.521988,53.323277]],[[-6.524166,53.321938],[-6.521988,53.323277]],[[-6.523554,53.322272],[-6.517851,53.325706],[-6.511729,53.329081]],[[-6.522955,53.370888],[-6.522302,53.370646]],[[-6.522955,53.370888],[-6.522302,53.370646]],[[-6.522302,53.370646],[-6.52147,53.370384]],[[-6.522302,53.370646],[-6.52147,53.370384]],[[-6.521988,53.323277],[-6.520669,53.324087]],[[-6.521988,53.323277],[-6.519229,53.324932]],[[-6.52147,53.370384],[-6.520456,53.370156]],[[-6.52147,53.370384],[-6.520456,53.370156]],[[-6.520669,53.324087],[-6.519229,53.324932]],[[-6.520669,53.324087],[-6.521035,53.32393],[-6.517968,53.325798]],[[-6.520456,53.370156],[-6.520276,53.370136]],[[-6.520456,53.370156],[-6.512925,53.36893],[-6.511335,53.36882],[-6.509587,53.368978]],[[-6.520276,53.370136],[-6.519469,53.37]],[[-6.520276,53.370136],[-6.519469,53.37]],[[-6.520111,53.324602],[-6.519376,53.325024]],[[-6.520111,53.324602],[-6.519376,53.325024]],[[-6.519469,53.37],[-6.517407,53.369669]],[[-6.519469,53.37],[-6.517407,53.369669]],[[-6.519376,53.325024],[-6.517968,53.325798]],[[-6.519376,53.325024],[-6.511846,53.329155]],[[-6.519229,53.324932],[-6.515798,53.326903]],[[-6.519229,53.324932],[-6.515798,53.326903]],[[-6.517968,53.325798],[-6.511602,53.32926]],[[-6.517407,53.369669],[-6.512505,53.368907]],[[-6.517407,53.369669],[-6.512505,53.368907]],[[-6.515798,53.326903],[-6.511729,53.329081]],[[-6.515798,53.326903],[-6.510474,53.329767],[-6.505929,53.331777],[-6.501278,53.33339],[-6.495703,53.334794]],[[-6.512505,53.368907],[-6.510009,53.36893]],[[-6.512505,53.368907],[-6.510009,53.36893]],[[-6.511846,53.329155],[-6.511602,53.32926]],[[-6.511846,53.329155],[-6.507266,53.331344],[-6.502794,53.332996]],[[-6.511729,53.329081],[-6.510444,53.329748]],[[-6.511729,53.329081],[-6.510444,53.329748]],[[-6.511602,53.32926],[-6.507266,53.331326],[-6.502794,53.332996]],[[-6.511602,53.32926],[-6.506018,53.331814],[-6.501762,53.333307]],[[-6.510444,53.329748],[-6.505869,53.331776],[-6.500976,53.333441]],[[-6.510444,53.329748],[-6.505899,53.331777],[-6.500976,53.333441]],[[-6.510009,53.36893],[-6.509587,53.368978]],[[-6.510009,53.36893],[-6.508769,53.369166]],[[-6.509587,53.368978],[-6.508769,53.369166]],[[-6.509587,53.368978],[-6.507309,53.369651],[-6.505926,53.370514]],[[-6.508769,53.369166],[-6.508526,53.369235]],[[-6.508769,53.369166],[-6.508526,53.369235]],[[-6.508526,53.369235],[-6.506818,53.36995]],[[-6.508526,53.369235],[-6.506818,53.36995]],[[-6.506818,53.36995],[-6.505645,53.370834]],[[-6.506818,53.36995],[-6.505645,53.370834]],[[-6.505926,53.370514],[-6.504483,53.37224]],[[-6.505645,53.370834],[-6.505395,53.371101]],[[-6.505395,53.371101],[-6.504483,53.37224]],[[-6.505395,53.371101],[-6.503818,53.373202]],[[-6.504483,53.37224],[-6.504199,53.37265]],[[-6.504483,53.37224],[-6.504199,53.37265]],[[-6.504199,53.37265],[-6.504167,53.372685]],[[-6.504167,53.372685],[-6.503818,53.373202]],[[-6.504167,53.372685],[-6.503226,53.373824],[-6.501994,53.374653],[-6.500532,53.375192],[-6.498809,53.375476],[-6.496288,53.375373],[-6.485091,53.374099],[-6.478855,53.373624]],[[-6.503818,53.373202],[-6.502668,53.374284]],[[-6.503818,53.373202],[-6.502668,53.374284]],[[-6.502794,53.332996],[-6.501762,53.333307]],[[-6.502794,53.332996],[-6.497092,53.334596],[-6.490413,53.335788]],[[-6.502668,53.374284],[-6.501109,53.375038],[-6.499835,53.375363],[-6.498537,53.375509],[-6.496347,53.375391]],[[-6.502668,53.374284],[-6.501443,53.374934],[-6.500046,53.375348],[-6.498567,53.375527],[-6.496347,53.375391]],[[-6.501954,52.577676],[-6.500013,52.578334]],[[-6.501954,52.577676],[-6.500013,52.578334]],[[-6.501762,53.333307],[-6.501428,53.33341]],[[-6.501428,53.33341],[-6.501367,53.333428]],[[-6.501428,53.33341],[-6.501367,53.333428]],[[-6.501367,53.333428],[-6.497092,53.334578],[-6.490413,53.335788]],[[-6.501367,53.333428],[-6.497093,53.33456],[-6.493101,53.335355],[-6.489328,53.3359],[-6.484508,53.336324],[-6.477687,53.336417],[-6.462392,53.335826]],[[-6.500976,53.333441],[-6.500036,53.333716]],[[-6.500036,53.333716],[-6.495703,53.334794]],[[-6.500036,53.333716],[-6.495674,53.334776],[-6.489813,53.335763]],[[-6.500013,52.578334],[-6.488518,52.582197],[-6.486359,52.583194],[-6.48515,52.584024],[-6.471582,52.595643],[-6.469463,52.597144],[-6.466873,52.598602],[-6.461752,52.600675],[-6.448002,52.604577]],[[-6.496347,53.375391],[-6.486227,53.374257]],[[-6.496347,53.375391],[-6.48497,53.374115]],[[-6.495703,53.334794],[-6.489813,53.335763]],[[-6.495703,53.334794],[-6.488696,53.335928],[-6.48448,53.33627],[-6.47982,53.336391]],[[-6.490413,53.335788],[-6.486675,53.33619]],[[-6.490413,53.335788],[-6.486675,53.33619]],[[-6.489813,53.335763],[-6.488095,53.335956]],[[-6.489813,53.335763],[-6.488095,53.335956]],[[-6.488095,53.335956],[-6.47982,53.336391]],[[-6.488095,53.335956],[-6.483368,53.336292],[-6.479071,53.336363],[-6.45493,53.335388]],[[-6.486675,53.33619],[-6.483364,53.3364]],[[-6.486675,53.33619],[-6.483364,53.3364]],[[-6.486227,53.374257],[-6.48497,53.374115]],[[-6.48497,53.374115],[-6.478855,53.373624]],[[-6.48497,53.374115],[-6.471873,53.373031]],[[-6.483364,53.3364],[-6.482221,53.336439]],[[-6.483364,53.3364],[-6.482221,53.336439]],[[-6.482221,53.336439],[-6.477446,53.336432],[-6.46512,53.335969]],[[-6.482221,53.336439],[-6.477446,53.33645],[-6.46512,53.335969]],[[-6.47982,53.336391],[-6.472472,53.336135]],[[-6.47982,53.336391],[-6.472472,53.336135]],[[-6.478855,53.373624],[-6.472981,53.373153]],[[-6.478855,53.373624],[-6.472981,53.373153]],[[-6.472981,53.373153],[-6.471873,53.373031]],[[-6.472981,53.373153],[-6.469007,53.372491],[-6.463766,53.37113],[-6.461942,53.370872],[-6.460319,53.370852]],[[-6.472472,53.336135],[-6.465035,53.335824]],[[-6.472472,53.336135],[-6.465035,53.335824]],[[-6.471873,53.373031],[-6.470319,53.372778]],[[-6.471873,53.373031],[-6.470319,53.372778]],[[-6.470319,53.372778],[-6.463287,53.37107]],[[-6.470319,53.372778],[-6.463287,53.37107]],[[-6.46957,53.437228],[-6.469255,53.435948]],[[-6.46957,53.437228],[-6.469652,53.437463],[-6.469255,53.435948]],[[-6.46957,53.437228],[-6.468203,53.43171]],[[-6.469255,53.435948],[-6.468967,53.434758]],[[-6.469255,53.435948],[-6.468446,53.432486]],[[-6.468967,53.434758],[-6.466977,53.426482]],[[-6.468715,52.344702],[-6.466231,52.344401]],[[-6.468715,52.344702],[-6.466417,52.344115],[-6.463175,52.342779],[-6.457598,52.336881],[-6.453317,52.333391],[-6.448722,52.330526],[-6.44767,52.329559],[-6.446493,52.32629],[-6.446286,52.324651],[-6.446885,52.322627],[-6.44867,52.318588],[-6.448924,52.316362]],[[-6.468446,53.432486],[-6.468203,53.43171]],[[-6.468446,53.432486],[-6.467975,53.430539]],[[-6.468203,53.43171],[-6.468126,53.43135]],[[-6.468126,53.43135],[-6.467975,53.430539]],[[-6.468126,53.43135],[-6.466977,53.426482]],[[-6.467975,53.430539],[-6.466611,53.424931]],[[-6.466977,53.426482],[-6.466611,53.424931]],[[-6.466977,53.426482],[-6.466081,53.422947]],[[-6.466611,53.424931],[-6.466137,53.423074]],[[-6.466611,53.424931],[-6.466137,53.423074]],[[-6.466231,52.344401],[-6.46559,52.344248]],[[-6.466231,52.344401],[-6.46379,52.343686],[-6.46559,52.344248]],[[-6.466137,53.423074],[-6.466081,53.422947]],[[-6.466137,53.423074],[-6.465592,53.42064]],[[-6.466081,53.422947],[-6.465592,53.42064]],[[-6.466081,53.422947],[-6.465302,53.419504]],[[-6.465592,53.42064],[-6.465302,53.419504]],[[-6.465592,53.42064],[-6.464577,53.416241]],[[-6.46559,52.344248],[-6.463475,52.343448]],[[-6.465302,53.419504],[-6.465015,53.418296]],[[-6.465302,53.419504],[-6.464577,53.416241]],[[-6.46512,53.335969],[-6.454027,53.335448]],[[-6.46512,53.335969],[-6.454027,53.335448]],[[-6.465035,53.335824],[-6.464495,53.335817]],[[-6.465035,53.335824],[-6.45493,53.335388]],[[-6.465015,53.418296],[-6.464521,53.416132]],[[-6.464577,53.416241],[-6.464521,53.416132]],[[-6.464577,53.416241],[-6.463297,53.41085]],[[-6.464521,53.416132],[-6.464287,53.415123]],[[-6.464521,53.416132],[-6.464287,53.415123]],[[-6.464495,53.335817],[-6.464883,53.335876],[-6.462392,53.335826]],[[-6.464495,53.335817],[-6.430641,53.334388]],[[-6.464287,53.415123],[-6.464129,53.414473]],[[-6.464129,53.414473],[-6.463297,53.41085]],[[-6.464129,53.414473],[-6.462067,53.405765]],[[-6.463297,53.41085],[-6.462067,53.405765]],[[-6.463297,53.41085],[-6.4616,53.403692]],[[-6.463287,53.37107],[-6.46113,53.370862]],[[-6.463287,53.37107],[-6.46113,53.370862]],[[-6.462392,53.335826],[-6.453968,53.335429]],[[-6.462067,53.405765],[-6.4616,53.403692]],[[-6.462067,53.405765],[-6.460575,53.400425]],[[-6.4616,53.403692],[-6.461208,53.402069]],[[-6.4616,53.403692],[-6.461208,53.402069]],[[-6.461208,53.402069],[-6.461073,53.401618]],[[-6.461208,53.402069],[-6.461073,53.401618]],[[-6.46113,53.370862],[-6.460319,53.370852]],[[-6.46113,53.370862],[-6.459957,53.370883]],[[-6.461073,53.401618],[-6.460575,53.400425]],[[-6.461073,53.401618],[-6.459702,53.398778]],[[-6.460575,53.400425],[-6.459702,53.398778]],[[-6.460575,53.400425],[-6.458182,53.396727]],[[-6.460319,53.370852],[-6.459957,53.370883]],[[-6.460319,53.370852],[-6.459355,53.370911]],[[-6.459957,53.370883],[-6.459355,53.370911]],[[-6.459957,53.370883],[-6.458963,53.37096]],[[-6.459702,53.398778],[-6.458182,53.396727]],[[-6.459702,53.398778],[-6.458012,53.396455],[-6.456446,53.394835]],[[-6.459355,53.370911],[-6.458963,53.37096]],[[-6.459355,53.370911],[-6.456511,53.371449],[-6.454831,53.372183],[-6.453873,53.372889]],[[-6.458963,53.37096],[-6.456995,53.371348]],[[-6.458963,53.37096],[-6.456995,53.371348]],[[-6.458182,53.396727],[-6.45775,53.396218]],[[-6.458182,53.396727],[-6.45775,53.396218]],[[-6.45775,53.396218],[-6.457316,53.395745]],[[-6.45775,53.396218],[-6.457316,53.395745]],[[-6.457316,53.395745],[-6.4572,53.395618]],[[-6.4572,53.395618],[-6.456881,53.39529]],[[-6.4572,53.395618],[-6.456881,53.39529]],[[-6.456995,53.371348],[-6.45486,53.372201]],[[-6.456995,53.371348],[-6.45486,53.372201]],[[-6.456881,53.39529],[-6.456619,53.395035]],[[-6.456881,53.39529],[-6.456619,53.395035]],[[-6.456619,53.395035],[-6.456561,53.39498]],[[-6.456619,53.395035],[-6.456561,53.39498]],[[-6.456561,53.39498],[-6.456446,53.394835]],[[-6.456561,53.39498],[-6.454667,53.39332]],[[-6.456446,53.394835],[-6.456097,53.394507]],[[-6.456097,53.394507],[-6.455193,53.393722]],[[-6.456097,53.394507],[-6.455193,53.393722]],[[-6.455193,53.393722],[-6.454667,53.39332]],[[-6.455193,53.393722],[-6.45376,53.392607]],[[-6.45493,53.335388],[-6.43379,53.334501]],[[-6.45493,53.335388],[-6.43379,53.334501]],[[-6.45486,53.372201],[-6.454213,53.372642]],[[-6.45486,53.372201],[-6.454213,53.372642]],[[-6.454667,53.39332],[-6.454052,53.392845]],[[-6.454667,53.39332],[-6.454052,53.392845]],[[-6.454213,53.372642],[-6.453873,53.372889]],[[-6.454213,53.372642],[-6.443822,53.381459],[-6.441116,53.383131],[-6.439012,53.383931]],[[-6.454052,53.392845],[-6.45376,53.392607]],[[-6.454052,53.392845],[-6.449553,53.390036],[-6.446568,53.388631],[-6.443483,53.387476],[-6.439079,53.386214],[-6.42723,53.383812]],[[-6.454027,53.335448],[-6.453968,53.335429]],[[-6.454027,53.335448],[-6.451718,53.335364]],[[-6.453968,53.335429],[-6.44842,53.335213]],[[-6.453968,53.335429],[-6.44836,53.335195]],[[-6.453873,53.372889],[-6.44599,53.379726],[-6.441945,53.382657]],[[-6.453873,53.372889],[-6.44602,53.379726],[-6.441945,53.382657]],[[-6.45376,53.392607],[-6.452529,53.391746]],[[-6.45376,53.392607],[-6.452529,53.391746]],[[-6.452529,53.391746],[-6.452264,53.391581]],[[-6.452264,53.391581],[-6.450822,53.3907]],[[-6.452264,53.391581],[-6.450822,53.3907]],[[-6.451718,53.335364],[-6.44842,53.335213]],[[-6.450822,53.3907],[-6.450557,53.390552]],[[-6.450557,53.390552],[-6.448994,53.389723]],[[-6.450557,53.390552],[-6.448994,53.389723]],[[-6.449051,52.315231],[-6.448924,52.316362]],[[-6.449051,52.315231],[-6.448924,52.316362]],[[-6.449051,52.315231],[-6.448883,52.312496],[-6.44722,52.308033],[-6.446311,52.306367],[-6.443207,52.302047]],[[-6.448994,53.389723],[-6.447545,53.389039]],[[-6.448994,53.389723],[-6.447545,53.389039]],[[-6.44842,53.335213],[-6.44836,53.335195]],[[-6.44842,53.335213],[-6.40689,53.333498]],[[-6.44836,53.335195],[-6.431687,53.334545]],[[-6.44836,53.335195],[-6.431687,53.334545]],[[-6.448002,52.604577],[-6.447883,52.604611]],[[-6.448002,52.604577],[-6.447883,52.604611]],[[-6.447883,52.604611],[-6.443132,52.606185],[-6.430687,52.611504],[-6.426561,52.612887],[-6.42173,52.614189],[-6.417147,52.615153],[-6.412127,52.615931],[-6.381103,52.61943],[-6.358584,52.624423],[-6.355988,52.625106],[-6.353053,52.626162],[-6.349982,52.627702],[-6.307176,52.655125],[-6.305405,52.656592],[-6.303863,52.658242],[-6.297337,52.667156],[-6.293553,52.670175]],[[-6.447545,53.389039],[-6.444879,53.387944]],[[-6.447545,53.389039],[-6.444879,53.387944]],[[-6.444879,53.387944],[-6.443513,53.387459]],[[-6.444879,53.387944],[-6.443513,53.387459]],[[-6.443513,53.387459],[-6.442711,53.387197]],[[-6.443513,53.387459],[-6.442711,53.387197]],[[-6.443207,52.302047],[-6.443179,52.302011]],[[-6.443207,52.302047],[-6.443179,52.302011]],[[-6.443179,52.302011],[-6.437,52.293425]],[[-6.442711,53.387197],[-6.441789,53.386915]],[[-6.442711,53.387197],[-6.441789,53.386915]],[[-6.441945,53.382657],[-6.439012,53.383931]],[[-6.441945,53.382657],[-6.439013,53.383913],[-6.436285,53.384506]],[[-6.441789,53.386915],[-6.440867,53.386633]],[[-6.441789,53.386915],[-6.440301,53.3865]],[[-6.440867,53.386633],[-6.440301,53.3865]],[[-6.440301,53.3865],[-6.439556,53.386311]],[[-6.440301,53.3865],[-6.439556,53.386311]],[[-6.439556,53.386311],[-6.439079,53.386197]],[[-6.439079,53.386197],[-6.434991,53.385352]],[[-6.439079,53.386197],[-6.434991,53.385352]],[[-6.439012,53.383931],[-6.438313,53.384137]],[[-6.439012,53.383931],[-6.438313,53.384137]],[[-6.438908,53.284793],[-6.438639,53.284789]],[[-6.438908,53.284793],[-6.43861,53.284753]],[[-6.438908,53.284793],[-6.43843,53.284751]],[[-6.438639,53.284789],[-6.43843,53.284751]],[[-6.438639,53.284789],[-6.43825,53.284748]],[[-6.43861,53.284753],[-6.43843,53.284751]],[[-6.43861,53.284753],[-6.438252,53.284712]],[[-6.43843,53.284751],[-6.438252,53.284712]],[[-6.43843,53.284751],[-6.43825,53.284748]],[[-6.43843,53.284751],[-6.436398,53.284544]],[[-6.438313,53.384137],[-6.437071,53.384391]],[[-6.438313,53.384137],[-6.437071,53.384391]],[[-6.438252,53.284712],[-6.435979,53.284521]],[[-6.43825,53.284748],[-6.436398,53.284544]],[[-6.437071,53.384391],[-6.436285,53.384506]],[[-6.437071,53.384391],[-6.435288,53.384637]],[[-6.437,52.293425],[-6.436972,52.293389]],[[-6.437,52.293425],[-6.436972,52.293389]],[[-6.436972,52.293389],[-6.432863,52.287671]],[[-6.436398,53.284544],[-6.435979,53.284521]],[[-6.436398,53.284544],[-6.435319,53.28453]],[[-6.436285,53.384506],[-6.435922,53.384555]],[[-6.435979,53.284521],[-6.435319,53.28453]],[[-6.435979,53.284521],[-6.433668,53.284544]],[[-6.435922,53.384555],[-6.435288,53.384637]],[[-6.435922,53.384555],[-6.433421,53.384702]],[[-6.435319,53.28453],[-6.43478,53.284505]],[[-6.435319,53.28453],[-6.43478,53.284505]],[[-6.435288,53.384637],[-6.433421,53.384702]],[[-6.435288,53.384637],[-6.43201,53.384648]],[[-6.434991,53.385352],[-6.433827,53.385121]],[[-6.434991,53.385352],[-6.433827,53.385121]],[[-6.43478,53.284505],[-6.43445,53.284501]],[[-6.43478,53.284505],[-6.43445,53.284501]],[[-6.43445,53.284501],[-6.433668,53.284544]],[[-6.43445,53.284501],[-6.433458,53.28456]],[[-6.433827,53.385121],[-6.430096,53.384371]],[[-6.433827,53.385121],[-6.426724,53.383697]],[[-6.43379,53.334501],[-6.430641,53.334388]],[[-6.43379,53.334501],[-6.430582,53.334369]],[[-6.433668,53.284544],[-6.433458,53.28456]],[[-6.433668,53.284544],[-6.433309,53.284522]],[[-6.433458,53.28456],[-6.433309,53.28454]],[[-6.433458,53.28456],[-6.433309,53.28454]],[[-6.433421,53.384702],[-6.433241,53.3847]],[[-6.433309,53.284522],[-6.433309,53.28454]],[[-6.433309,53.284522],[-6.433249,53.284521]],[[-6.433309,53.284522],[-6.432545,53.284098],[-6.431977,53.284037]],[[-6.433309,53.28454],[-6.433249,53.284521]],[[-6.433249,53.284521],[-6.433042,53.284446]],[[-6.433249,53.284521],[-6.433042,53.284446]],[[-6.433241,53.3847],[-6.432251,53.384651]],[[-6.433241,53.3847],[-6.432251,53.384651]],[[-6.433042,53.284446],[-6.432896,53.284336]],[[-6.433042,53.284446],[-6.432896,53.284336]],[[-6.432896,53.284336],[-6.432514,53.284116]],[[-6.432896,53.284336],[-6.432514,53.284116]],[[-6.432863,52.287671],[-6.432836,52.287617]],[[-6.432863,52.287671],[-6.432836,52.287617]],[[-6.432836,52.287617],[-6.431736,52.28638],[-6.430167,52.285154],[-6.426651,52.283454],[-6.424415,52.28283],[-6.403381,52.278395],[-6.398671,52.276515],[-6.394364,52.274012]],[[-6.432514,53.284116],[-6.432126,53.284057]],[[-6.432514,53.284116],[-6.432126,53.284057]],[[-6.432251,53.384651],[-6.43201,53.384648]],[[-6.432251,53.384651],[-6.427769,53.383873]],[[-6.432126,53.284057],[-6.431977,53.284037]],[[-6.432126,53.284057],[-6.431407,53.284047]],[[-6.43201,53.384648],[-6.431801,53.384627]],[[-6.431977,53.284037],[-6.431617,53.284032]],[[-6.431977,53.284037],[-6.431617,53.284032]],[[-6.431801,53.384627],[-6.430096,53.384371]],[[-6.431801,53.384627],[-6.426724,53.383697]],[[-6.431687,53.334545],[-6.430547,53.334494]],[[-6.431687,53.334545],[-6.40689,53.333498]],[[-6.431617,53.284032],[-6.431407,53.284047]],[[-6.431617,53.284032],[-6.429579,53.284005]],[[-6.431407,53.284047],[-6.430957,53.284041]],[[-6.431407,53.284047],[-6.430957,53.284041]],[[-6.430957,53.284041],[-6.430538,53.284018]],[[-6.430957,53.284041],[-6.430538,53.284018]],[[-6.430641,53.334388],[-6.430582,53.334369]],[[-6.430641,53.334388],[-6.393249,53.332901]],[[-6.430582,53.334369],[-6.428843,53.334292]],[[-6.430582,53.334369],[-6.428843,53.334292]],[[-6.430547,53.334494],[-6.396189,53.332977],[-6.392314,53.332996]],[[-6.430538,53.284018],[-6.429579,53.284005]],[[-6.430538,53.284018],[-6.429186,53.284072]],[[-6.430096,53.384371],[-6.429081,53.384178]],[[-6.429579,53.284005],[-6.429186,53.284072]],[[-6.429579,53.284005],[-6.423117,53.284351],[-6.420235,53.286848]],[[-6.429186,53.284072],[-6.428223,53.284167]],[[-6.429186,53.284072],[-6.428223,53.284167]],[[-6.429081,53.384178],[-6.427769,53.383873]],[[-6.429081,53.384178],[-6.42723,53.383812]],[[-6.428843,53.334292],[-6.406925,53.333354]],[[-6.428843,53.334292],[-6.406925,53.333354]],[[-6.428831,53.87926],[-6.428702,53.8835]],[[-6.428831,53.87926],[-6.428702,53.8835]],[[-6.428831,53.87926],[-6.427026,53.861693],[-6.426091,53.858266],[-6.424671,53.855587],[-6.422291,53.852572],[-6.419643,53.850236],[-6.415699,53.847632]],[[-6.428831,53.87926],[-6.427041,53.862107],[-6.426609,53.859854],[-6.425864,53.857813],[-6.42389,53.854516],[-6.42188,53.852189],[-6.419169,53.849907],[-6.415699,53.847632]],[[-6.428702,53.8835],[-6.427542,53.887655]],[[-6.428702,53.8835],[-6.428218,53.885866],[-6.427205,53.888549],[-6.421848,53.898275]],[[-6.428223,53.284167],[-6.425972,53.284209]],[[-6.428223,53.284167],[-6.425972,53.284209]],[[-6.427769,53.383873],[-6.424188,53.383161]],[[-6.427542,53.887655],[-6.424528,53.893367]],[[-6.427542,53.887655],[-6.424528,53.893367]],[[-6.427542,53.887655],[-6.428517,53.884378],[-6.42888,53.880393],[-6.42701,53.862124],[-6.425834,53.857813],[-6.42461,53.855604],[-6.422871,53.853317],[-6.419553,53.850217],[-6.41543,53.847503],[-6.405712,53.842467]],[[-6.42723,53.383812],[-6.423471,53.383025]],[[-6.426724,53.383697],[-6.42368,53.383064]],[[-6.425972,53.284209],[-6.425221,53.284217]],[[-6.425972,53.284209],[-6.425221,53.284217]],[[-6.425221,53.284217],[-6.423025,53.284404],[-6.422156,53.285201]],[[-6.425221,53.284217],[-6.423146,53.284388],[-6.422156,53.285201]],[[-6.424528,53.893367],[-6.423711,53.894866]],[[-6.424528,53.893367],[-6.423711,53.894866]],[[-6.424188,53.383161],[-6.42368,53.383064]],[[-6.423711,53.894866],[-6.423646,53.894973]],[[-6.423711,53.894866],[-6.423646,53.894973]],[[-6.42368,53.383064],[-6.423471,53.383025]],[[-6.42368,53.383064],[-6.422817,53.382837]],[[-6.423646,53.894973],[-6.422863,53.896383]],[[-6.423646,53.894973],[-6.422863,53.896383]],[[-6.423471,53.383025],[-6.422817,53.382837]],[[-6.423471,53.383025],[-6.419184,53.38189]],[[-6.422863,53.896383],[-6.421848,53.898275]],[[-6.422863,53.896383],[-6.421752,53.898399]],[[-6.422817,53.382837],[-6.419899,53.382061]],[[-6.422817,53.382837],[-6.419899,53.382061]],[[-6.422156,53.285201],[-6.421346,53.286]],[[-6.422156,53.285201],[-6.421346,53.286]],[[-6.421848,53.898275],[-6.421752,53.898399]],[[-6.421848,53.898275],[-6.41443,53.91173]],[[-6.421752,53.898399],[-6.420772,53.900166]],[[-6.421752,53.898399],[-6.420772,53.900166]],[[-6.421346,53.286],[-6.420666,53.286548]],[[-6.421346,53.286],[-6.420666,53.286548]],[[-6.420772,53.900166],[-6.418421,53.904413]],[[-6.420772,53.900166],[-6.418421,53.904413]],[[-6.420666,53.286548],[-6.42045,53.286707]],[[-6.42045,53.286707],[-6.420235,53.286848]],[[-6.42045,53.286707],[-6.418692,53.288014]],[[-6.420235,53.286848],[-6.419156,53.287642]],[[-6.420235,53.286848],[-6.419156,53.287642]],[[-6.419899,53.382061],[-6.419661,53.381986]],[[-6.419899,53.382061],[-6.415396,53.381085]],[[-6.419661,53.381986],[-6.419184,53.38189]],[[-6.419661,53.381986],[-6.415396,53.381067],[-6.40479,53.37929]],[[-6.419184,53.38189],[-6.415396,53.381085]],[[-6.419156,53.287642],[-6.418692,53.288014]],[[-6.419156,53.287642],[-6.417652,53.288575]],[[-6.418692,53.288014],[-6.418662,53.288031]],[[-6.418662,53.288031],[-6.418107,53.288419]],[[-6.418662,53.288031],[-6.418107,53.288419]],[[-6.418473,53.962632],[-6.418469,53.96274]],[[-6.418473,53.962632],[-6.418455,53.962308]],[[-6.418473,53.962632],[-6.418445,53.96256]],[[-6.418469,53.96274],[-6.418434,53.962847]],[[-6.418469,53.96274],[-6.418425,53.963081]],[[-6.418455,53.962308],[-6.418448,53.96247]],[[-6.418455,53.962308],[-6.418446,53.961733]],[[-6.418455,53.962308],[-6.418446,53.961733]],[[-6.418448,53.96247],[-6.418446,53.962524]],[[-6.418448,53.96247],[-6.418446,53.962524]],[[-6.418446,53.961733],[-6.418419,53.960834]],[[-6.418446,53.961733],[-6.418401,53.96051]],[[-6.418446,53.962524],[-6.418445,53.96256]],[[-6.418445,53.96256],[-6.418434,53.962847]],[[-6.418434,53.962847],[-6.418425,53.963081]],[[-6.418425,53.963081],[-6.418389,53.963224]],[[-6.418425,53.963081],[-6.418381,53.963458]],[[-6.418421,53.904413],[-6.41443,53.91173]],[[-6.418421,53.904413],[-6.414105,53.912283]],[[-6.418419,53.960834],[-6.418401,53.96051]],[[-6.418419,53.960834],[-6.418393,53.959917]],[[-6.418401,53.96051],[-6.418393,53.959917]],[[-6.418393,53.959917],[-6.41835,53.958622]],[[-6.418393,53.959917],[-6.41835,53.958622]],[[-6.418389,53.963224],[-6.418381,53.963458]],[[-6.418389,53.963224],[-6.418272,53.963905]],[[-6.418381,53.963458],[-6.418341,53.963691]],[[-6.41835,53.958622],[-6.418319,53.957831]],[[-6.41835,53.958622],[-6.418318,53.957058]],[[-6.418341,53.963691],[-6.418272,53.963905]],[[-6.418341,53.963691],[-6.418233,53.964121]],[[-6.418319,53.957831],[-6.418318,53.957058]],[[-6.418319,53.957831],[-6.418285,53.956321]],[[-6.418318,53.957058],[-6.418285,53.956321]],[[-6.418285,53.956321],[-6.418272,53.955853]],[[-6.418285,53.956321],[-6.418272,53.955853]],[[-6.418272,53.955853],[-6.418259,53.955404]],[[-6.418272,53.963905],[-6.418233,53.964121]],[[-6.418272,53.963905],[-6.417996,53.964765]],[[-6.418259,53.955404],[-6.418233,53.954469]],[[-6.418259,53.955404],[-6.418228,53.954612]],[[-6.418233,53.954469],[-6.418228,53.954612]],[[-6.418233,53.954469],[-6.41822,53.954001]],[[-6.418233,53.954469],[-6.418212,53.954217]],[[-6.418233,53.964121],[-6.418096,53.964532]],[[-6.418229,53.953785],[-6.41822,53.954001]],[[-6.418229,53.953785],[-6.418206,53.952779]],[[-6.418229,53.953785],[-6.418206,53.953569]],[[-6.418228,53.954612],[-6.418212,53.954217]],[[-6.41822,53.954001],[-6.418212,53.954217]],[[-6.41822,53.954001],[-6.418206,53.953569]],[[-6.418206,53.952779],[-6.418206,53.953569]],[[-6.418206,53.952779],[-6.418185,53.952527]],[[-6.418206,53.953569],[-6.418163,53.952311]],[[-6.418186,53.952491],[-6.418185,53.952527]],[[-6.418186,53.952491],[-6.418185,53.952527]],[[-6.418186,53.952491],[-6.418163,53.952311]],[[-6.418186,53.952491],[-6.418159,53.951592]],[[-6.418163,53.952311],[-6.418159,53.951592]],[[-6.418163,53.952311],[-6.418143,53.951214]],[[-6.418159,53.951592],[-6.418143,53.951214]],[[-6.418143,53.951214],[-6.418102,53.949883]],[[-6.418143,53.951214],[-6.418097,53.950027]],[[-6.418107,53.288419],[-6.417652,53.288575]],[[-6.418107,53.288419],[-6.415291,53.289119]],[[-6.418102,53.949883],[-6.418097,53.950027]],[[-6.418102,53.949883],[-6.41808,53.949667]],[[-6.418097,53.950027],[-6.418028,53.949433]],[[-6.418096,53.964532],[-6.417996,53.964765]],[[-6.418096,53.964532],[-6.417926,53.964997]],[[-6.41808,53.949667],[-6.418031,53.949343]],[[-6.41808,53.949667],[-6.418028,53.949433]],[[-6.418031,53.949343],[-6.41803,53.949379]],[[-6.418031,53.949343],[-6.418006,53.949199]],[[-6.41803,53.949379],[-6.418028,53.949433]],[[-6.41803,53.949379],[-6.418006,53.949199]],[[-6.418006,53.949199],[-6.417954,53.948965]],[[-6.418006,53.949199],[-6.416306,53.944198]],[[-6.417996,53.964765],[-6.417926,53.964997]],[[-6.417996,53.964765],[-6.417828,53.965176]],[[-6.417954,53.948965],[-6.417823,53.948388]],[[-6.417954,53.948965],[-6.417823,53.948388]],[[-6.417926,53.964997],[-6.417828,53.965176]],[[-6.417926,53.964997],[-6.417628,53.965622]],[[-6.417828,53.965176],[-6.417761,53.965337]],[[-6.417823,53.948388],[-6.416306,53.944198]],[[-6.417823,53.948388],[-6.41578,53.942807]],[[-6.417761,53.965337],[-6.417628,53.965622]],[[-6.417761,53.965337],[-6.417335,53.966122]],[[-6.417652,53.288575],[-6.415291,53.289119]],[[-6.417652,53.288575],[-6.403524,53.29173]],[[-6.417628,53.965622],[-6.417465,53.965908]],[[-6.417465,53.965908],[-6.417335,53.966122]],[[-6.417465,53.965908],[-6.416131,53.968119]],[[-6.417335,53.966122],[-6.416164,53.968048]],[[-6.416306,53.944198],[-6.416087,53.943566]],[[-6.416306,53.944198],[-6.416087,53.943566]],[[-6.416164,53.968048],[-6.416131,53.968119]],[[-6.416164,53.968048],[-6.416131,53.968119]],[[-6.416131,53.968119],[-6.415383,53.969367]],[[-6.416131,53.968119],[-6.415383,53.969367]],[[-6.416131,53.968119],[-6.411607,53.975644],[-6.410886,53.977774],[-6.410696,53.979551]],[[-6.416087,53.943566],[-6.41578,53.942807]],[[-6.416087,53.943566],[-6.409686,53.92601],[-6.409303,53.924082],[-6.40938,53.922034],[-6.409977,53.919957],[-6.41443,53.91173]],[[-6.41578,53.942807],[-6.413958,53.93784]],[[-6.41578,53.942807],[-6.413958,53.93784]],[[-6.415699,53.847632],[-6.414924,53.847208]],[[-6.415699,53.847632],[-6.414924,53.847208]],[[-6.415396,53.381085],[-6.410824,53.380323]],[[-6.415396,53.381085],[-6.410824,53.380323]],[[-6.415383,53.969367],[-6.414765,53.970384]],[[-6.415383,53.969367],[-6.414765,53.970384]],[[-6.415291,53.289119],[-6.407275,53.2909]],[[-6.415291,53.289119],[-6.407275,53.2909]],[[-6.414924,53.847208],[-6.413493,53.84647]],[[-6.414765,53.970384],[-6.413333,53.972755]],[[-6.414765,53.970384],[-6.413333,53.972755]],[[-6.41443,53.91173],[-6.414105,53.912283]],[[-6.414105,53.912283],[-6.410866,53.918189]],[[-6.414105,53.912283],[-6.410866,53.918189]],[[-6.413958,53.93784],[-6.409369,53.92473],[-6.4095,53.921281],[-6.410866,53.918189]],[[-6.413958,53.93784],[-6.409387,53.925072],[-6.409396,53.921621],[-6.409916,53.919956],[-6.410866,53.918189]],[[-6.413493,53.84647],[-6.405712,53.842467]],[[-6.413493,53.84647],[-6.399966,53.839317]],[[-6.413333,53.972755],[-6.411197,53.976825]],[[-6.413333,53.972755],[-6.411197,53.976825]],[[-6.413096,54.000648],[-6.412927,53.998687]],[[-6.413096,54.000648],[-6.412826,53.998919]],[[-6.413096,54.000648],[-6.413106,54.002787],[-6.412819,54.003934]],[[-6.412927,53.998687],[-6.413611,53.997527],[-6.416296,53.995909],[-6.413583,53.997473],[-6.412927,53.998687]],[[-6.41292,53.999675],[-6.412899,53.999405]],[[-6.41292,53.999675],[-6.412899,53.999405]],[[-6.41292,53.999675],[-6.41282,54.00068]],[[-6.41292,53.999675],[-6.412819,54.003934]],[[-6.412899,53.999405],[-6.412826,53.998919]],[[-6.412826,53.998919],[-6.412376,53.997116]],[[-6.412819,54.003934],[-6.412636,54.005513]],[[-6.412636,54.005513],[-6.412515,54.006302]],[[-6.412636,54.005513],[-6.411818,54.014992]],[[-6.412515,54.006302],[-6.412783,53.99926],[-6.412128,53.996429]],[[-6.412515,54.006302],[-6.412,54.012604]],[[-6.412376,53.997116],[-6.412128,53.996429]],[[-6.412376,53.997116],[-6.410299,53.989198]],[[-6.412128,53.996429],[-6.411758,53.994933]],[[-6.412,54.012604],[-6.411818,54.014992]],[[-6.412,54.012604],[-6.413096,54.001457],[-6.412903,53.999297],[-6.411758,53.994933]],[[-6.412,54.012604],[-6.411621,54.016949]],[[-6.411818,54.014992],[-6.411621,54.016949]],[[-6.411818,54.014992],[-6.411284,54.020989],[-6.410826,54.0226],[-6.409805,54.024546]],[[-6.411758,53.994933],[-6.410141,53.98853],[-6.410696,53.979551]],[[-6.411758,53.994933],[-6.410299,53.989198]],[[-6.411621,54.016949],[-6.4113,54.020557]],[[-6.411621,54.016949],[-6.4113,54.020557]],[[-6.4113,54.020557],[-6.4102,54.023814]],[[-6.4113,54.020557],[-6.410966,54.022117],[-6.4102,54.023814]],[[-6.411197,53.976825],[-6.410696,53.979551]],[[-6.411197,53.976825],[-6.410602,53.981239]],[[-6.410824,53.380323],[-6.409988,53.380186]],[[-6.410696,53.979551],[-6.410602,53.981239]],[[-6.410602,53.981239],[-6.410289,53.985441]],[[-6.410602,53.981239],[-6.410289,53.985441]],[[-6.410299,53.989198],[-6.41018,53.988315]],[[-6.410299,53.989198],[-6.41018,53.988315]],[[-6.410289,53.985441],[-6.410161,53.988009]],[[-6.410289,53.985441],[-6.410161,53.988009]],[[-6.4102,54.023814],[-6.409805,54.024546]],[[-6.4102,54.023814],[-6.408522,54.026165]],[[-6.41018,53.988315],[-6.410161,53.988009]],[[-6.41018,53.988315],[-6.410161,53.988009]],[[-6.409988,53.380186],[-6.406432,53.379599]],[[-6.409988,53.380186],[-6.406432,53.379599]],[[-6.409805,54.024546],[-6.409225,54.025365]],[[-6.409805,54.024546],[-6.409225,54.025365]],[[-6.409225,54.025365],[-6.408522,54.026165]],[[-6.409225,54.025365],[-6.404073,54.030761]],[[-6.408522,54.026165],[-6.406615,54.028134]],[[-6.408522,54.026165],[-6.406615,54.028134]],[[-6.407275,53.2909],[-6.406489,53.291069]],[[-6.407275,53.2909],[-6.406489,53.291069]],[[-6.406925,53.333354],[-6.406656,53.333333]],[[-6.406925,53.333354],[-6.393249,53.332901]],[[-6.40689,53.333498],[-6.399575,53.333166]],[[-6.40689,53.333498],[-6.399575,53.333166]],[[-6.406656,53.333333],[-6.396072,53.332885],[-6.391595,53.332951]],[[-6.406615,54.028134],[-6.404073,54.030761]],[[-6.406615,54.028134],[-6.400867,54.033936],[-6.398289,54.035878]],[[-6.406489,53.291069],[-6.403524,53.29173]],[[-6.406489,53.291069],[-6.402585,53.291987]],[[-6.406432,53.379599],[-6.40479,53.37929]],[[-6.406432,53.379599],[-6.398439,53.377911],[-6.395716,53.377568]],[[-6.405712,53.842467],[-6.404967,53.842079]],[[-6.405712,53.842467],[-6.404967,53.842079]],[[-6.404967,53.842079],[-6.400202,53.8395]],[[-6.404967,53.842079],[-6.400202,53.8395]],[[-6.40479,53.37929],[-6.403448,53.379002]],[[-6.40479,53.37929],[-6.403448,53.379002]],[[-6.404073,54.030761],[-6.400898,54.033936],[-6.398289,54.035878]],[[-6.404073,54.030761],[-6.401434,54.033476],[-6.399479,54.035103],[-6.397443,54.036442],[-6.394204,54.038071]],[[-6.403524,53.29173],[-6.402797,53.291918]],[[-6.403524,53.29173],[-6.402797,53.291918]],[[-6.403448,53.379002],[-6.399215,53.378047]],[[-6.403448,53.379002],[-6.399215,53.378047]],[[-6.402797,53.291918],[-6.402585,53.291987]],[[-6.402797,53.291918],[-6.400045,53.292529]],[[-6.402585,53.291987],[-6.400045,53.292529]],[[-6.402585,53.291987],[-6.397412,53.293122]],[[-6.400202,53.8395],[-6.399966,53.839317]],[[-6.400202,53.8395],[-6.399048,53.838693]],[[-6.400045,53.292529],[-6.397412,53.293122]],[[-6.400045,53.292529],[-6.394993,53.293629]],[[-6.399966,53.839317],[-6.399818,53.839225]],[[-6.399966,53.839317],[-6.399818,53.839225]],[[-6.399818,53.839225],[-6.399048,53.838693]],[[-6.399818,53.839225],[-6.397752,53.837598],[-6.393241,53.833187]],[[-6.399575,53.333166],[-6.397687,53.333069]],[[-6.399575,53.333166],[-6.397687,53.333069]],[[-6.399215,53.378047],[-6.397722,53.377775]],[[-6.399215,53.378047],[-6.397722,53.377775]],[[-6.399048,53.838693],[-6.396139,53.836066]],[[-6.399048,53.838693],[-6.396139,53.836066]],[[-6.398289,54.035878],[-6.394204,54.038071]],[[-6.398289,54.035878],[-6.392991,54.038648]],[[-6.397722,53.377775],[-6.395926,53.377571]],[[-6.397722,53.377775],[-6.395926,53.377571]],[[-6.397687,53.333069],[-6.395888,53.332991]],[[-6.397687,53.333069],[-6.395888,53.332991]],[[-6.397412,53.293122],[-6.394993,53.293629]],[[-6.397412,53.293122],[-6.394932,53.293664]],[[-6.396139,53.836066],[-6.395378,53.835319]],[[-6.395926,53.377571],[-6.395716,53.377568]],[[-6.395926,53.377571],[-6.395297,53.377527]],[[-6.395888,53.332991],[-6.392314,53.332996]],[[-6.395888,53.332991],[-6.39129,53.333073],[-6.380657,53.333935]],[[-6.395716,53.377568],[-6.395297,53.377527]],[[-6.395716,53.377568],[-6.394906,53.377522]],[[-6.395378,53.835319],[-6.394324,53.83428]],[[-6.395378,53.835319],[-6.394324,53.83428]],[[-6.395297,53.377527],[-6.394906,53.377522]],[[-6.395297,53.377527],[-6.391899,53.377553]],[[-6.394993,53.293629],[-6.394932,53.293664]],[[-6.394993,53.293629],[-6.387304,53.295449]],[[-6.394932,53.293664],[-6.394841,53.293681]],[[-6.394906,53.377522],[-6.391899,53.377553]],[[-6.394906,53.377522],[-6.39238,53.377542],[-6.389572,53.377863],[-6.378739,53.380521],[-6.371455,53.381536]],[[-6.394841,53.293681],[-6.393056,53.294071]],[[-6.394841,53.293681],[-6.393056,53.294071]],[[-6.394364,52.274012],[-6.392486,52.272458]],[[-6.394364,52.274012],[-6.392258,52.272293]],[[-6.394364,52.274012],[-6.390607,52.27094]],[[-6.394324,53.83428],[-6.394177,53.834135]],[[-6.394324,53.83428],[-6.394177,53.834135]],[[-6.394204,54.038071],[-6.392991,54.038648]],[[-6.394204,54.038071],[-6.391994,54.039155]],[[-6.394177,53.834135],[-6.393709,53.833679]],[[-6.394177,53.834135],[-6.393709,53.833679]],[[-6.393709,53.833679],[-6.393241,53.833187]],[[-6.393709,53.833679],[-6.392537,53.832531]],[[-6.393249,53.332901],[-6.391595,53.332951]],[[-6.393249,53.332901],[-6.391354,53.332984]],[[-6.393241,53.833187],[-6.393212,53.833151]],[[-6.393241,53.833187],[-6.393212,53.833151]],[[-6.393212,53.833151],[-6.392537,53.832531]],[[-6.393212,53.833151],[-6.390488,53.83049]],[[-6.393056,53.294071],[-6.391422,53.294444]],[[-6.393056,53.294071],[-6.391422,53.294444]],[[-6.392991,54.038648],[-6.392026,54.03912]],[[-6.392991,54.038648],[-6.392026,54.03912]],[[-6.392537,53.832531],[-6.390809,53.830836]],[[-6.392537,53.832531],[-6.390809,53.830836]],[[-6.392486,52.272458],[-6.392799,52.272714],[-6.392258,52.272293]],[[-6.392486,52.272458],[-6.391206,52.271398]],[[-6.392314,53.332996],[-6.390147,53.333129]],[[-6.392314,53.332996],[-6.390147,53.333129]],[[-6.392258,52.272293],[-6.391206,52.271398]],[[-6.392026,54.03912],[-6.391994,54.039155]],[[-6.392026,54.03912],[-6.389722,54.040257]],[[-6.391994,54.039155],[-6.391465,54.039418]],[[-6.391899,53.377553],[-6.390601,53.377679]],[[-6.391899,53.377553],[-6.39051,53.377696]],[[-6.391595,53.332951],[-6.391354,53.332984]],[[-6.391595,53.332951],[-6.386927,53.333301]],[[-6.391465,54.039418],[-6.389722,54.040257]],[[-6.391465,54.039418],[-6.387916,54.041168]],[[-6.391422,53.294444],[-6.388302,53.295229]],[[-6.391422,53.294444],[-6.388302,53.295229]],[[-6.391354,53.332984],[-6.388854,53.333166]],[[-6.391354,53.332984],[-6.388854,53.333166]],[[-6.391206,52.271398],[-6.390607,52.27094]],[[-6.391206,52.271398],[-6.390607,52.27094]],[[-6.390809,53.830836],[-6.390488,53.83049]],[[-6.390809,53.830836],[-6.390194,53.830235]],[[-6.390607,52.27094],[-6.371357,52.254027],[-6.369585,52.252816],[-6.367338,52.251778],[-6.363278,52.250661],[-6.359779,52.250217],[-6.355558,52.250284],[-6.350191,52.251252],[-6.342495,52.251828],[-6.338557,52.251359],[-6.336383,52.250753],[-6.335008,52.250715]],[[-6.390601,53.377679],[-6.39051,53.377696]],[[-6.39051,53.377696],[-6.387876,53.3782]],[[-6.39051,53.377696],[-6.387876,53.3782]],[[-6.390488,53.83049],[-6.390194,53.830235]],[[-6.390488,53.83049],[-6.386967,53.827243],[-6.384507,53.825647],[-6.3823,53.824574]],[[-6.390194,53.830235],[-6.386965,53.827279]],[[-6.390194,53.830235],[-6.386965,53.827279]],[[-6.390147,53.333129],[-6.380657,53.333935]],[[-6.390147,53.333129],[-6.363851,53.335216]],[[-6.389722,54.040257],[-6.389007,54.040607]],[[-6.389007,54.040607],[-6.387916,54.041168]],[[-6.389007,54.040607],[-6.38303,54.043529],[-6.379812,54.045373],[-6.377564,54.047427],[-6.376232,54.049458]],[[-6.388854,53.333166],[-6.388252,53.333211]],[[-6.388302,53.295229],[-6.387878,53.295331]],[[-6.388302,53.295229],[-6.387878,53.295331]],[[-6.388274,53.681486],[-6.388151,53.681538]],[[-6.388274,53.681486],[-6.388119,53.681574]],[[-6.388252,53.333211],[-6.386927,53.333301]],[[-6.388252,53.333211],[-6.385903,53.333395]],[[-6.388151,53.681538],[-6.388119,53.681574]],[[-6.388151,53.681538],[-6.387473,53.681852]],[[-6.388119,53.681574],[-6.387252,53.682083]],[[-6.387916,54.041168],[-6.381782,54.044213],[-6.379685,54.045497],[-6.377594,54.047446],[-6.376232,54.049458]],[[-6.387916,54.041168],[-6.381469,54.044388],[-6.37858,54.046435],[-6.376622,54.048871],[-6.3728,54.055218]],[[-6.387878,53.295331],[-6.387304,53.295449]],[[-6.387878,53.295331],[-6.385336,53.295908]],[[-6.387876,53.3782],[-6.385569,53.378798]],[[-6.387876,53.3782],[-6.385569,53.378798]],[[-6.387473,53.681852],[-6.386607,53.682326]],[[-6.387473,53.681852],[-6.385561,53.682761],[-6.384069,53.683748]],[[-6.387304,53.295449],[-6.38564,53.295822]],[[-6.387304,53.295449],[-6.38564,53.295822]],[[-6.387252,53.682083],[-6.382963,53.684973]],[[-6.387252,53.682083],[-6.382963,53.684973]],[[-6.386965,53.827279],[-6.386197,53.82673]],[[-6.386965,53.827279],[-6.386197,53.82673]],[[-6.386927,53.333301],[-6.385903,53.333395]],[[-6.386927,53.333301],[-6.383222,53.333593]],[[-6.386607,53.682326],[-6.386544,53.682379]],[[-6.386607,53.682326],[-6.386544,53.682379]],[[-6.386607,53.682326],[-6.38472,53.683361]],[[-6.386544,53.682379],[-6.386203,53.68259]],[[-6.386544,53.682379],[-6.380962,53.6866]],[[-6.386203,53.68259],[-6.384313,53.683715],[-6.381218,53.686244]],[[-6.386203,53.68259],[-6.383062,53.684741],[-6.380962,53.6866]],[[-6.386197,53.82673],[-6.384267,53.825553]],[[-6.386197,53.82673],[-6.384267,53.825553]],[[-6.385903,53.333395],[-6.383222,53.333593]],[[-6.385903,53.333395],[-6.378613,53.333979]],[[-6.38564,53.295822],[-6.385336,53.295908]],[[-6.38564,53.295822],[-6.38328,53.296329]],[[-6.385569,53.378798],[-6.384506,53.379071]],[[-6.385569,53.378798],[-6.384506,53.379071]],[[-6.385336,53.295908],[-6.385094,53.295958]],[[-6.385146,53.294593],[-6.385017,53.294034]],[[-6.385146,53.294593],[-6.385017,53.294034]],[[-6.385146,53.294593],[-6.384752,53.295486]],[[-6.385146,53.294593],[-6.384689,53.295557]],[[-6.385094,53.295958],[-6.384458,53.296111]],[[-6.385094,53.295958],[-6.384458,53.296111]],[[-6.385017,53.294034],[-6.38496,53.293961]],[[-6.385017,53.294034],[-6.38496,53.293961]],[[-6.38496,53.293961],[-6.383501,53.292863]],[[-6.38496,53.293961],[-6.383501,53.292863]],[[-6.384752,53.295486],[-6.384689,53.295557]],[[-6.384752,53.295486],[-6.38453,53.295807]],[[-6.384752,53.295486],[-6.385205,53.294612],[-6.385134,53.294107],[-6.381807,53.291635]],[[-6.38472,53.683361],[-6.384069,53.683748]],[[-6.38472,53.683361],[-6.381914,53.685462],[-6.381218,53.686244]],[[-6.384689,53.295557],[-6.384563,53.295735]],[[-6.384689,53.295557],[-6.384563,53.295735]],[[-6.384563,53.295735],[-6.384531,53.295771]],[[-6.384563,53.295735],[-6.384531,53.295771]],[[-6.384531,53.295771],[-6.38453,53.295807]],[[-6.384531,53.295771],[-6.3845,53.295806]],[[-6.38453,53.295807],[-6.3845,53.295806]],[[-6.38453,53.295807],[-6.384313,53.295984]],[[-6.384506,53.379071],[-6.382381,53.379617]],[[-6.384506,53.379071],[-6.382381,53.379617]],[[-6.3845,53.295806],[-6.384469,53.295842]],[[-6.3845,53.295806],[-6.384469,53.295842]],[[-6.384469,53.295842],[-6.384438,53.29586]],[[-6.384469,53.295842],[-6.384438,53.29586]],[[-6.384458,53.296111],[-6.383641,53.296316]],[[-6.384458,53.296111],[-6.383641,53.296316]],[[-6.384438,53.29586],[-6.384407,53.295895]],[[-6.384438,53.29586],[-6.384407,53.295895]],[[-6.384407,53.295895],[-6.384376,53.295913]],[[-6.384407,53.295895],[-6.384376,53.295913]],[[-6.384376,53.295913],[-6.384313,53.295984]],[[-6.384376,53.295913],[-6.384283,53.295983]],[[-6.384313,53.295984],[-6.384283,53.295983]],[[-6.384313,53.295984],[-6.384283,53.296001]],[[-6.384283,53.295983],[-6.384283,53.296001]],[[-6.384283,53.295983],[-6.384253,53.296001]],[[-6.384283,53.296001],[-6.384253,53.296001]],[[-6.384283,53.296001],[-6.384252,53.296019]],[[-6.384267,53.825553],[-6.383105,53.824963]],[[-6.384267,53.825553],[-6.383105,53.824963]],[[-6.384253,53.296001],[-6.384252,53.296019]],[[-6.384253,53.296001],[-6.384222,53.296018]],[[-6.384252,53.296019],[-6.384222,53.296018]],[[-6.384252,53.296019],[-6.384221,53.296036]],[[-6.384222,53.296018],[-6.384221,53.296036]],[[-6.384222,53.296018],[-6.384161,53.296054]],[[-6.384221,53.296036],[-6.384191,53.296054]],[[-6.384221,53.296036],[-6.384191,53.296054]],[[-6.384191,53.296054],[-6.384161,53.296054]],[[-6.384191,53.296054],[-6.384038,53.296124]],[[-6.384161,53.296054],[-6.384069,53.296088]],[[-6.384161,53.296054],[-6.384069,53.296088]],[[-6.384069,53.296088],[-6.384039,53.296106]],[[-6.384069,53.296088],[-6.384039,53.296106]],[[-6.384069,53.683748],[-6.381762,53.685496],[-6.38049,53.687061]],[[-6.384039,53.296106],[-6.384038,53.296124]],[[-6.384039,53.296106],[-6.383947,53.29614]],[[-6.384038,53.296124],[-6.383947,53.29614]],[[-6.384038,53.296124],[-6.383947,53.296158]],[[-6.383947,53.29614],[-6.383947,53.296158]],[[-6.383947,53.29614],[-6.383887,53.296158]],[[-6.383947,53.296158],[-6.383887,53.296158]],[[-6.383947,53.296158],[-6.383795,53.29621]],[[-6.383887,53.296158],[-6.383856,53.296175]],[[-6.383887,53.296158],[-6.383856,53.296175]],[[-6.383856,53.296175],[-6.383795,53.296192]],[[-6.383856,53.296175],[-6.383795,53.296192]],[[-6.383795,53.296192],[-6.383795,53.29621]],[[-6.383795,53.296192],[-6.383735,53.29621]],[[-6.383795,53.29621],[-6.383735,53.29621]],[[-6.383795,53.29621],[-6.383734,53.296227]],[[-6.383735,53.29621],[-6.383734,53.296227]],[[-6.383735,53.29621],[-6.383674,53.296227]],[[-6.383734,53.296227],[-6.383674,53.296227]],[[-6.383734,53.296227],[-6.383583,53.296261]],[[-6.383674,53.296227],[-6.383613,53.296244]],[[-6.383674,53.296227],[-6.383613,53.296244]],[[-6.383641,53.296316],[-6.382918,53.296396]],[[-6.383641,53.296316],[-6.382918,53.296396]],[[-6.383613,53.296244],[-6.383583,53.296243]],[[-6.383583,53.296243],[-6.383583,53.296261]],[[-6.383583,53.296243],[-6.383523,53.296261]],[[-6.383583,53.296261],[-6.383523,53.296261]],[[-6.383583,53.296261],[-6.38328,53.296329]],[[-6.383523,53.296261],[-6.382979,53.296361]],[[-6.383523,53.296261],[-6.382918,53.296396]],[[-6.383501,53.292863],[-6.381807,53.291635]],[[-6.383501,53.292863],[-6.381193,53.291232]],[[-6.38328,53.296329],[-6.382979,53.296361]],[[-6.38328,53.296329],[-6.382918,53.296396]],[[-6.383222,53.333593],[-6.380843,53.333776]],[[-6.383222,53.333593],[-6.380843,53.333776]],[[-6.383105,53.824963],[-6.382418,53.824648]],[[-6.383105,53.824963],[-6.382418,53.824648]],[[-6.382979,53.296361],[-6.378562,53.297326]],[[-6.382963,53.684973],[-6.381993,53.685787]],[[-6.382963,53.684973],[-6.380016,53.687594]],[[-6.382918,53.296396],[-6.380951,53.296819]],[[-6.382918,53.296396],[-6.380951,53.296819]],[[-6.382418,53.824648],[-6.3823,53.824574]],[[-6.382418,53.824648],[-6.379604,53.823567]],[[-6.382381,53.379617],[-6.380863,53.38001]],[[-6.382381,53.379617],[-6.380863,53.38001]],[[-6.3823,53.824574],[-6.379604,53.823567]],[[-6.3823,53.824574],[-6.376575,53.822556]],[[-6.381993,53.685787],[-6.381712,53.685999]],[[-6.381993,53.685787],[-6.381712,53.685999]],[[-6.381993,53.685787],[-6.382491,53.685434],[-6.380487,53.687151]],[[-6.381807,53.291635],[-6.381193,53.291232]],[[-6.381807,53.291635],[-6.378514,53.289074]],[[-6.381712,53.685999],[-6.380487,53.687151]],[[-6.381218,53.686244],[-6.38049,53.687061]],[[-6.381193,53.291232],[-6.379676,53.290079]],[[-6.381193,53.291232],[-6.379676,53.290079]],[[-6.380962,53.6866],[-6.38049,53.687061]],[[-6.380951,53.296819],[-6.378562,53.297326]],[[-6.380951,53.296819],[-6.378561,53.297344]],[[-6.380863,53.38001],[-6.379862,53.380248]],[[-6.380843,53.333776],[-6.377318,53.33407]],[[-6.380843,53.333776],[-6.376174,53.334144]],[[-6.380657,53.333935],[-6.37653,53.334257]],[[-6.380657,53.333935],[-6.37653,53.334257]],[[-6.380487,53.687151],[-6.380016,53.687594]],[[-6.380016,53.687594],[-6.378465,53.689334],[-6.371276,53.699069],[-6.369423,53.700769],[-6.367619,53.701967],[-6.364593,53.703454],[-6.361034,53.704609],[-6.349258,53.706713],[-6.346318,53.707535],[-6.343797,53.708471]],[[-6.379862,53.380248],[-6.375986,53.380969]],[[-6.379862,53.380248],[-6.375986,53.380969]],[[-6.379676,53.290079],[-6.379095,53.289585]],[[-6.379676,53.290079],[-6.379095,53.289585]],[[-6.379604,53.823567],[-6.377084,53.822742]],[[-6.379604,53.823567],[-6.377084,53.822742]],[[-6.379095,53.289585],[-6.378629,53.289201]],[[-6.378629,53.289201],[-6.378514,53.289074]],[[-6.378629,53.289201],[-6.378167,53.288746]],[[-6.378613,53.333979],[-6.377318,53.33407]],[[-6.378562,53.297326],[-6.378561,53.297344]],[[-6.378562,53.297326],[-6.377803,53.297549]],[[-6.378561,53.297344],[-6.37847,53.29736]],[[-6.378561,53.297344],[-6.37847,53.29736]],[[-6.378514,53.289074],[-6.378485,53.289056]],[[-6.378485,53.289056],[-6.378167,53.288746]],[[-6.378485,53.289056],[-6.37716,53.2876]],[[-6.37847,53.29736],[-6.37841,53.297378]],[[-6.37847,53.29736],[-6.37841,53.297378]],[[-6.37841,53.297378],[-6.378288,53.297412]],[[-6.37841,53.297378],[-6.378288,53.297412]],[[-6.378288,53.297412],[-6.378228,53.297429]],[[-6.378288,53.297412],[-6.378228,53.297429]],[[-6.378228,53.297429],[-6.378167,53.297446]],[[-6.378228,53.297429],[-6.378167,53.297446]],[[-6.378167,53.288746],[-6.37716,53.2876]],[[-6.378167,53.288746],[-6.377042,53.287544]],[[-6.378167,53.297446],[-6.378106,53.297463]],[[-6.378167,53.297446],[-6.378106,53.297463]],[[-6.378106,53.297463],[-6.378046,53.29748]],[[-6.378106,53.297463],[-6.378046,53.29748]],[[-6.378046,53.29748],[-6.377863,53.29755]],[[-6.378046,53.29748],[-6.377863,53.29755]],[[-6.377863,53.29755],[-6.377803,53.297549]],[[-6.377863,53.29755],[-6.377802,53.297567]],[[-6.377803,53.297549],[-6.377802,53.297567]],[[-6.377803,53.297549],[-6.377681,53.297601]],[[-6.377802,53.297567],[-6.377772,53.297585]],[[-6.377802,53.297567],[-6.377772,53.297585]],[[-6.377772,53.297585],[-6.377681,53.297601]],[[-6.377772,53.297585],[-6.37768,53.297619]],[[-6.377681,53.297601],[-6.37768,53.297619]],[[-6.377681,53.297601],[-6.37621,53.298426]],[[-6.37768,53.297619],[-6.37765,53.297637]],[[-6.37768,53.297619],[-6.37765,53.297637]],[[-6.37765,53.297637],[-6.376207,53.298498]],[[-6.37765,53.297637],[-6.37464,53.299447]],[[-6.377318,53.33407],[-6.376174,53.334144]],[[-6.377318,53.33407],[-6.363733,53.335142]],[[-6.37716,53.2876],[-6.377042,53.287544]],[[-6.37716,53.2876],[-6.376836,53.287433]],[[-6.377084,53.822742],[-6.376575,53.822556]],[[-6.377084,53.822742],[-6.373244,53.821486]],[[-6.377042,53.287544],[-6.376924,53.287489]],[[-6.377042,53.287544],[-6.376924,53.287489]],[[-6.376924,53.287489],[-6.376865,53.28747]],[[-6.376924,53.287489],[-6.376865,53.28747]],[[-6.376865,53.28747],[-6.376836,53.287433]],[[-6.376865,53.28747],[-6.37645,53.287338]],[[-6.376836,53.287433],[-6.376718,53.287396]],[[-6.376836,53.287433],[-6.376718,53.287396]],[[-6.376718,53.287396],[-6.376659,53.287377]],[[-6.376718,53.287396],[-6.376659,53.287377]],[[-6.376659,53.287377],[-6.376599,53.287358]],[[-6.376659,53.287377],[-6.376599,53.287358]],[[-6.376599,53.287358],[-6.37645,53.287338]],[[-6.376599,53.287358],[-6.376331,53.287301]],[[-6.376575,53.822556],[-6.376515,53.822537]],[[-6.376575,53.822556],[-6.376515,53.822537]],[[-6.37653,53.334257],[-6.367164,53.334956]],[[-6.37653,53.334257],[-6.367164,53.334956]],[[-6.376515,53.822537],[-6.373245,53.821468]],[[-6.376515,53.822537],[-6.373244,53.821486]],[[-6.37645,53.287338],[-6.376361,53.287319]],[[-6.37645,53.287338],[-6.376361,53.287319]],[[-6.376361,53.287319],[-6.376331,53.287301]],[[-6.376361,53.287319],[-6.376212,53.287299]],[[-6.376331,53.287301],[-6.376212,53.287299]],[[-6.376331,53.287301],[-6.376182,53.287281]],[[-6.376232,54.049458],[-6.3728,54.055218]],[[-6.376232,54.049458],[-6.371947,54.056716]],[[-6.376212,53.287299],[-6.376182,53.287281]],[[-6.376212,53.287299],[-6.375912,53.287277]],[[-6.37621,53.298426],[-6.37581,53.298672]],[[-6.37621,53.298426],[-6.373564,53.300134]],[[-6.376207,53.298498],[-6.37581,53.298672]],[[-6.376207,53.298498],[-6.37464,53.299447]],[[-6.376182,53.287281],[-6.375912,53.287277]],[[-6.376182,53.287281],[-6.375673,53.287274]],[[-6.376174,53.334144],[-6.363733,53.335142]],[[-6.376174,53.334144],[-6.358132,53.335551]],[[-6.375986,53.380969],[-6.375442,53.381051]],[[-6.375986,53.380969],[-6.375442,53.381051]],[[-6.375912,53.287277],[-6.375822,53.287276]],[[-6.375822,53.287276],[-6.375673,53.287274]],[[-6.375822,53.287276],[-6.375582,53.28729]],[[-6.37581,53.298672],[-6.37464,53.299447]],[[-6.375673,53.287274],[-6.375613,53.287273]],[[-6.375613,53.287273],[-6.375582,53.28729]],[[-6.375613,53.287273],[-6.375492,53.287289]],[[-6.375582,53.28729],[-6.375492,53.287289]],[[-6.375582,53.28729],[-6.375461,53.287307]],[[-6.375492,53.287289],[-6.375461,53.287307]],[[-6.375492,53.287289],[-6.375371,53.287306]],[[-6.375461,53.287307],[-6.375371,53.287306]],[[-6.375461,53.287307],[-6.375371,53.287324]],[[-6.375442,53.381051],[-6.369252,53.381758]],[[-6.375442,53.381051],[-6.369252,53.381758]],[[-6.375371,53.287306],[-6.375371,53.287324]],[[-6.375371,53.287306],[-6.375281,53.287322]],[[-6.375371,53.287324],[-6.375281,53.287322]],[[-6.375371,53.287324],[-6.37528,53.28734]],[[-6.375281,53.287322],[-6.37528,53.28734]],[[-6.375281,53.287322],[-6.37413,53.287594]],[[-6.37528,53.28734],[-6.375129,53.287374]],[[-6.37528,53.28734],[-6.375129,53.287374]],[[-6.375129,53.287374],[-6.374129,53.28763]],[[-6.375129,53.287374],[-6.373949,53.287646]],[[-6.375072,54.065098],[-6.372752,54.062694]],[[-6.375072,54.065098],[-6.372752,54.062694]],[[-6.375072,54.065098],[-6.377485,54.067467],[-6.372783,54.062695],[-6.371756,54.060829],[-6.371455,54.059154]],[[-6.37464,53.299447],[-6.37418,53.299729]],[[-6.37464,53.299447],[-6.37418,53.299729]],[[-6.37418,53.299729],[-6.373594,53.300134]],[[-6.37413,53.287594],[-6.373949,53.287646]],[[-6.37413,53.287594],[-6.373949,53.287646]],[[-6.374129,53.28763],[-6.373949,53.287646]],[[-6.374129,53.28763],[-6.373827,53.287698]],[[-6.373949,53.287646],[-6.373827,53.287698]],[[-6.373949,53.287646],[-6.373069,53.287885],[-6.373827,53.287698]],[[-6.373594,53.300134],[-6.373564,53.300134]],[[-6.373594,53.300134],[-6.373563,53.30017]],[[-6.373564,53.300134],[-6.373563,53.30017]],[[-6.373564,53.300134],[-6.373502,53.300187]],[[-6.373563,53.30017],[-6.373532,53.300187]],[[-6.373563,53.30017],[-6.373532,53.300187]],[[-6.373532,53.300187],[-6.373502,53.300187]],[[-6.373532,53.300187],[-6.373501,53.300223]],[[-6.373502,53.300187],[-6.373501,53.300223]],[[-6.373502,53.300187],[-6.373471,53.300222]],[[-6.373501,53.300223],[-6.373471,53.300222]],[[-6.373501,53.300223],[-6.373469,53.300258]],[[-6.373471,53.300222],[-6.373469,53.300258]],[[-6.373471,53.300222],[-6.373439,53.300258]],[[-6.373469,53.300258],[-6.373439,53.300258]],[[-6.373469,53.300258],[-6.373438,53.300294]],[[-6.373439,53.300258],[-6.373438,53.300294]],[[-6.373439,53.300258],[-6.373407,53.300311]],[[-6.373438,53.300294],[-6.373437,53.300312]],[[-6.373437,53.300312],[-6.373407,53.300311]],[[-6.373437,53.300312],[-6.373405,53.300365]],[[-6.373407,53.300311],[-6.373405,53.300365]],[[-6.373407,53.300311],[-6.373375,53.300365]],[[-6.373405,53.300365],[-6.373375,53.300365]],[[-6.373405,53.300365],[-6.373372,53.300455]],[[-6.373375,53.300365],[-6.373375,53.300383]],[[-6.373375,53.300383],[-6.373372,53.300455]],[[-6.373375,53.300383],[-6.373342,53.300454]],[[-6.373372,53.300455],[-6.373342,53.300454]],[[-6.373372,53.300455],[-6.373154,53.30065]],[[-6.373342,53.300454],[-6.373248,53.300561]],[[-6.373342,53.300454],[-6.373248,53.300561]],[[-6.373248,53.300561],[-6.373154,53.30065]],[[-6.373248,53.300561],[-6.372361,53.300998]],[[-6.373245,53.821468],[-6.373244,53.821486]],[[-6.373245,53.821468],[-6.367694,53.819685]],[[-6.373245,53.821468],[-6.368236,53.819818],[-6.364506,53.818869],[-6.342464,53.815492],[-6.339574,53.814841],[-6.336215,53.81377]],[[-6.373244,53.821486],[-6.367694,53.819685]],[[-6.373154,53.30065],[-6.372361,53.300998]],[[-6.373154,53.30065],[-6.371657,53.301348]],[[-6.3728,54.055218],[-6.372077,54.05652]],[[-6.3728,54.055218],[-6.372077,54.05652]],[[-6.372752,54.062694],[-6.371725,54.060829]],[[-6.372752,54.062694],[-6.371725,54.060829]],[[-6.372361,53.300998],[-6.371657,53.301348]],[[-6.372361,53.300998],[-6.368761,53.302549],[-6.365935,53.303463]],[[-6.372077,54.05652],[-6.371947,54.056716]],[[-6.372077,54.05652],[-6.371455,54.059154]],[[-6.371947,54.056716],[-6.371846,54.056966]],[[-6.371846,54.056966],[-6.37142,54.05847],[-6.371592,54.060342]],[[-6.371846,54.056966],[-6.371455,54.059154]],[[-6.371725,54.060829],[-6.371592,54.060342]],[[-6.371657,53.301348],[-6.369248,53.302376],[-6.365935,53.303463]],[[-6.371657,53.301348],[-6.36876,53.302585],[-6.364962,53.303791]],[[-6.371592,54.060342],[-6.371455,54.059154]],[[-6.371571,53.313876],[-6.371281,53.314394]],[[-6.371571,53.313876],[-6.371405,53.313497],[-6.370772,53.313578],[-6.36933,53.314385]],[[-6.371571,53.313876],[-6.368499,53.314931]],[[-6.371455,53.381536],[-6.365507,53.382192]],[[-6.370111,53.317523],[-6.37011,53.317559]],[[-6.370111,53.317523],[-6.369675,53.316367]],[[-6.370111,53.317523],[-6.369675,53.316367]],[[-6.37011,53.317559],[-6.370071,53.317793]],[[-6.37011,53.317559],[-6.369631,53.318308],[-6.368532,53.318778]],[[-6.370071,53.317793],[-6.370007,53.317882]],[[-6.370071,53.317793],[-6.370007,53.317882]],[[-6.370071,53.317793],[-6.369648,53.316295]],[[-6.370007,53.317882],[-6.369506,53.318432]],[[-6.370007,53.317882],[-6.369506,53.318432]],[[-6.369675,53.316367],[-6.369648,53.316295]],[[-6.369675,53.316367],[-6.368911,53.315943]],[[-6.369648,53.316295],[-6.368911,53.315943]],[[-6.369648,53.316295],[-6.368822,53.315906]],[[-6.369506,53.318432],[-6.368532,53.318778]],[[-6.369506,53.318432],[-6.368229,53.318864]],[[-6.36933,53.314385],[-6.36899,53.31465]],[[-6.36933,53.314385],[-6.368686,53.314736]],[[-6.369252,53.381758],[-6.365507,53.382192]],[[-6.369252,53.381758],[-6.364271,53.382301],[-6.361381,53.382387]],[[-6.36899,53.31465],[-6.368686,53.314736]],[[-6.36899,53.31465],[-6.368499,53.314931]],[[-6.368911,53.315943],[-6.368434,53.315847]],[[-6.368911,53.315943],[-6.368197,53.315772]],[[-6.368822,53.315906],[-6.368434,53.315847]],[[-6.368822,53.315906],[-6.368287,53.315773]],[[-6.368686,53.314736],[-6.368043,53.315086]],[[-6.368532,53.318778],[-6.368229,53.318864]],[[-6.368532,53.318778],[-6.36546,53.319042]],[[-6.368499,53.314931],[-6.368069,53.315177]],[[-6.368434,53.315847],[-6.368196,53.31579]],[[-6.368287,53.315773],[-6.367817,53.315497],[-6.368069,53.315177]],[[-6.368287,53.315773],[-6.367989,53.315697]],[[-6.368229,53.318864],[-6.367927,53.318914]],[[-6.368229,53.318864],[-6.367927,53.318914]],[[-6.368197,53.315772],[-6.367454,53.315582]],[[-6.368197,53.315772],[-6.367786,53.315532],[-6.368041,53.31514],[-6.36722,53.315399],[-6.366252,53.314828]],[[-6.368196,53.31579],[-6.367989,53.315697]],[[-6.368196,53.31579],[-6.366656,53.315229]],[[-6.368069,53.315177],[-6.367825,53.315299]],[[-6.368043,53.315086],[-6.367825,53.315299]],[[-6.368043,53.315086],[-6.367192,53.315362],[-6.366282,53.314811]],[[-6.367989,53.315697],[-6.367726,53.315513],[-6.367825,53.315299]],[[-6.367989,53.315697],[-6.367454,53.315582]],[[-6.367927,53.318914],[-6.367685,53.318946]],[[-6.367927,53.318914],[-6.367685,53.318946]],[[-6.367825,53.315299],[-6.367249,53.315435],[-6.366455,53.315011]],[[-6.367694,53.819685],[-6.36583,53.819192]],[[-6.367694,53.819685],[-6.36583,53.819192]],[[-6.367685,53.318946],[-6.366783,53.318988]],[[-6.367685,53.318946],[-6.366783,53.318988]],[[-6.367454,53.315582],[-6.366656,53.315229]],[[-6.367454,53.315582],[-6.366455,53.315011]],[[-6.367164,53.334956],[-6.365206,53.335109]],[[-6.367164,53.334956],[-6.365206,53.335109]],[[-6.366783,53.318988],[-6.366002,53.318995]],[[-6.366783,53.318988],[-6.366002,53.318995]],[[-6.366656,53.315229],[-6.366252,53.314828]],[[-6.366656,53.315229],[-6.366251,53.314846]],[[-6.366455,53.315011],[-6.366282,53.314811]],[[-6.366455,53.315011],[-6.366251,53.314846]],[[-6.366282,53.314811],[-6.364076,53.312857]],[[-6.366252,53.314828],[-6.364076,53.312857]],[[-6.366251,53.314846],[-6.362879,53.311978],[-6.361563,53.310288]],[[-6.366002,53.318995],[-6.36546,53.319042]],[[-6.366002,53.318995],[-6.365278,53.319093]],[[-6.365935,53.303463],[-6.365783,53.303515]],[[-6.365935,53.303463],[-6.365783,53.303515]],[[-6.36583,53.819192],[-6.362876,53.818613],[-6.342433,53.81551],[-6.338852,53.81467],[-6.336215,53.81377]],[[-6.36583,53.819192],[-6.343519,53.815705],[-6.340355,53.815068],[-6.338191,53.814499],[-6.335287,53.813416],[-6.331005,53.811109]],[[-6.365783,53.303515],[-6.365631,53.303567]],[[-6.365783,53.303515],[-6.365631,53.303567]],[[-6.365631,53.303567],[-6.364962,53.303791]],[[-6.365631,53.303567],[-6.36042,53.305652],[-6.359257,53.306229],[-6.358849,53.306691],[-6.358963,53.307628],[-6.361563,53.310288]],[[-6.365507,53.382192],[-6.36427,53.382319]],[[-6.365507,53.382192],[-6.36427,53.382319]],[[-6.36546,53.319042],[-6.365278,53.319093]],[[-6.36546,53.319042],[-6.364671,53.319265]],[[-6.365278,53.319093],[-6.364671,53.319265]],[[-6.365278,53.319093],[-6.364092,53.31949]],[[-6.365206,53.335109],[-6.364875,53.33514]],[[-6.365206,53.335109],[-6.364875,53.33514]],[[-6.364962,53.303791],[-6.362679,53.304659]],[[-6.364962,53.303791],[-6.362679,53.304659]],[[-6.364875,53.33514],[-6.363851,53.335216]],[[-6.364875,53.33514],[-6.363851,53.335216]],[[-6.364671,53.319265],[-6.364367,53.319368]],[[-6.364671,53.319265],[-6.364367,53.319368]],[[-6.364367,53.319368],[-6.364092,53.31949]],[[-6.364367,53.319368],[-6.364032,53.319489]],[[-6.36427,53.382319],[-6.362944,53.382408]],[[-6.36427,53.382319],[-6.362944,53.382408]],[[-6.364092,53.31949],[-6.364032,53.319489]],[[-6.364092,53.31949],[-6.355964,53.322417]],[[-6.364076,53.312857],[-6.363112,53.312143]],[[-6.364076,53.312857],[-6.363112,53.312143]],[[-6.364032,53.319489],[-6.360348,53.320823]],[[-6.364032,53.319489],[-6.360348,53.320823]],[[-6.363851,53.335216],[-6.359605,53.335517]],[[-6.363733,53.335142],[-6.358132,53.335551]],[[-6.363733,53.335142],[-6.35777,53.3356]],[[-6.363112,53.312143],[-6.362823,53.311869]],[[-6.363112,53.312143],[-6.362823,53.311869]],[[-6.362944,53.382408],[-6.361501,53.382407]],[[-6.362944,53.382408],[-6.361501,53.382407]],[[-6.362823,53.311869],[-6.361563,53.310288]],[[-6.362823,53.311869],[-6.361164,53.309725]],[[-6.362679,53.304659],[-6.359532,53.306107]],[[-6.362679,53.304659],[-6.359532,53.306107]],[[-6.361563,53.310288],[-6.361164,53.309725]],[[-6.361501,53.382407],[-6.361471,53.382406]],[[-6.361471,53.382406],[-6.361381,53.382387]],[[-6.361471,53.382406],[-6.360211,53.382317]],[[-6.361381,53.382387],[-6.360931,53.382363]],[[-6.361381,53.382387],[-6.360931,53.382363]],[[-6.361164,53.309725],[-6.36056,53.309034]],[[-6.361164,53.309725],[-6.36056,53.309034]],[[-6.360931,53.382363],[-6.360211,53.382317]],[[-6.360931,53.382363],[-6.357346,53.381774],[-6.35095,53.380014]],[[-6.36056,53.309034],[-6.359691,53.308231]],[[-6.36056,53.309034],[-6.359691,53.308231]],[[-6.360348,53.320823],[-6.356025,53.322381]],[[-6.360348,53.320823],[-6.356025,53.322381]],[[-6.360211,53.382317],[-6.360032,53.382296]],[[-6.360211,53.382317],[-6.360032,53.382296]],[[-6.360032,53.382296],[-6.359852,53.382276]],[[-6.360032,53.382296],[-6.359852,53.382276]],[[-6.359852,53.382276],[-6.356779,53.381659]],[[-6.359852,53.382276],[-6.356779,53.381659]],[[-6.359691,53.308231],[-6.358825,53.30732],[-6.359193,53.306336]],[[-6.359691,53.308231],[-6.358855,53.30732],[-6.359193,53.306336]],[[-6.359605,53.335517],[-6.35777,53.3356]],[[-6.359605,53.335517],[-6.35379,53.335994]],[[-6.359532,53.306107],[-6.359193,53.306336]],[[-6.359532,53.306107],[-6.359193,53.306336]],[[-6.358132,53.335551],[-6.356505,53.33569]],[[-6.35777,53.3356],[-6.356505,53.33569]],[[-6.356779,53.381659],[-6.35095,53.380014]],[[-6.356779,53.381659],[-6.351512,53.380256],[-6.346457,53.378029]],[[-6.356505,53.33569],[-6.354153,53.335927]],[[-6.356505,53.33569],[-6.354153,53.335927]],[[-6.356025,53.322381],[-6.355964,53.322417]],[[-6.356025,53.322381],[-6.347166,53.325567]],[[-6.355964,53.322417],[-6.355051,53.322745]],[[-6.355964,53.322417],[-6.355051,53.322745]],[[-6.355051,53.322745],[-6.35295,53.323507]],[[-6.355051,53.322745],[-6.35295,53.323507]],[[-6.354153,53.335927],[-6.35379,53.335994]],[[-6.354153,53.335927],[-6.349466,53.336762]],[[-6.35379,53.335994],[-6.352551,53.336193]],[[-6.35379,53.335994],[-6.352551,53.336193]],[[-6.35295,53.323507],[-6.347591,53.325447]],[[-6.35295,53.323507],[-6.347591,53.325447]],[[-6.352551,53.336193],[-6.349828,53.336713]],[[-6.352551,53.336193],[-6.349828,53.336713]],[[-6.35095,53.380014],[-6.343622,53.376713]],[[-6.35095,53.380014],[-6.343622,53.376713]],[[-6.349828,53.336713],[-6.347861,53.337099]],[[-6.349828,53.336713],[-6.347861,53.337099]],[[-6.349466,53.336762],[-6.347861,53.337099]],[[-6.349466,53.336762],[-6.345744,53.337483]],[[-6.347861,53.337099],[-6.347347,53.3372]],[[-6.347861,53.337099],[-6.347347,53.3372]],[[-6.347591,53.325447],[-6.347166,53.325567]],[[-6.347591,53.325447],[-6.342702,53.326871]],[[-6.347347,53.3372],[-6.346227,53.337418]],[[-6.347347,53.3372],[-6.346227,53.337418]],[[-6.347166,53.325567],[-6.346132,53.325894]],[[-6.347166,53.325567],[-6.346132,53.325894]],[[-6.346457,53.378029],[-6.342527,53.376284],[-6.340268,53.375624],[-6.336978,53.375201],[-6.332823,53.375358]],[[-6.346227,53.337418],[-6.345744,53.337483]],[[-6.346227,53.337418],[-6.326614,53.341279]],[[-6.346227,53.337418],[-6.32598,53.341378]],[[-6.346132,53.325894],[-6.345525,53.326065]],[[-6.346132,53.325894],[-6.345525,53.326065]],[[-6.345744,53.337483],[-6.345229,53.337584]],[[-6.345525,53.326065],[-6.342914,53.326802]],[[-6.345525,53.326065],[-6.342914,53.326802]],[[-6.345229,53.337584],[-6.342175,53.338134]],[[-6.345229,53.337584],[-6.331248,53.340301]],[[-6.343797,53.708471],[-6.342902,53.708872]],[[-6.343797,53.708471],[-6.342902,53.708872]],[[-6.343797,53.708471],[-6.341763,53.709341]],[[-6.343622,53.376713],[-6.341549,53.375929],[-6.339552,53.37547]],[[-6.343622,53.376713],[-6.341549,53.375911],[-6.339552,53.37547]],[[-6.342914,53.326802],[-6.342702,53.326871]],[[-6.342914,53.326802],[-6.339003,53.327772]],[[-6.342902,53.708872],[-6.341763,53.709341]],[[-6.342902,53.708872],[-6.339059,53.710292]],[[-6.342702,53.326871],[-6.339003,53.327772]],[[-6.342702,53.326871],[-6.33673,53.328334]],[[-6.342175,53.338134],[-6.341962,53.338185]],[[-6.342175,53.338134],[-6.341783,53.338165]],[[-6.341962,53.338185],[-6.33936,53.338689]],[[-6.341962,53.338185],[-6.338049,53.338419],[-6.335302,53.338003]],[[-6.341783,53.338165],[-6.34103,53.338226]],[[-6.341783,53.338165],[-6.340765,53.338079],[-6.338574,53.337275]],[[-6.341763,53.709341],[-6.339796,53.710051]],[[-6.341763,53.709341],[-6.339796,53.710051]],[[-6.34103,53.338226],[-6.34088,53.338224]],[[-6.34103,53.338226],[-6.34088,53.338224]],[[-6.34088,53.338224],[-6.34064,53.338221]],[[-6.34088,53.338224],[-6.340036,53.338285]],[[-6.34064,53.338221],[-6.34055,53.33822]],[[-6.34064,53.338221],[-6.34055,53.33822]],[[-6.34055,53.33822],[-6.33852,53.337886]],[[-6.340036,53.338285],[-6.339766,53.338281]],[[-6.340036,53.338285],[-6.337912,53.338075]],[[-6.339796,53.710051],[-6.338784,53.71036]],[[-6.339796,53.710051],[-6.338784,53.71036]],[[-6.339552,53.37547],[-6.338476,53.375311]],[[-6.339552,53.37547],[-6.338476,53.375311]],[[-6.33936,53.338689],[-6.339179,53.338722]],[[-6.33936,53.338689],[-6.339179,53.338722]],[[-6.339179,53.338722],[-6.338634,53.338822]],[[-6.339179,53.338722],[-6.336749,53.338634]],[[-6.339059,53.710292],[-6.33811,53.710531]],[[-6.339059,53.710292],[-6.334077,53.711392]],[[-6.339003,53.327772],[-6.336882,53.328282]],[[-6.339003,53.327772],[-6.336882,53.328282]],[[-6.338784,53.71036],[-6.33811,53.710531]],[[-6.338784,53.71036],[-6.337131,53.710787]],[[-6.338634,53.338822],[-6.338483,53.338856]],[[-6.338634,53.338822],[-6.338483,53.338856]],[[-6.338483,53.338856],[-6.338392,53.338855]],[[-6.338483,53.338856],[-6.335153,53.339511]],[[-6.338476,53.375311],[-6.337428,53.375207]],[[-6.338476,53.375311],[-6.337428,53.375207]],[[-6.338392,53.338855],[-6.338272,53.338871]],[[-6.338392,53.338855],[-6.338272,53.338871]],[[-6.338272,53.338871],[-6.337941,53.338884]],[[-6.338272,53.338871],[-6.33467,53.339576]],[[-6.33811,53.710531],[-6.337131,53.710787]],[[-6.337941,53.338884],[-6.337218,53.338928]],[[-6.337941,53.338884],[-6.336921,53.338852]],[[-6.33785,53.728664],[-6.337834,53.729077]],[[-6.33785,53.728664],[-6.337799,53.726884]],[[-6.33785,53.728664],[-6.337783,53.727297]],[[-6.33785,53.728664],[-6.337848,53.731019],[-6.337408,53.732954],[-6.327811,53.758596],[-6.323121,53.768938]],[[-6.337845,53.730318],[-6.337835,53.730569]],[[-6.337845,53.730318],[-6.337834,53.729077]],[[-6.337845,53.730318],[-6.337834,53.729077]],[[-6.337835,53.730569],[-6.337041,53.733794]],[[-6.337835,53.730569],[-6.337041,53.733794]],[[-6.337834,53.729077],[-6.337783,53.727297]],[[-6.337799,53.726884],[-6.337783,53.727297]],[[-6.337799,53.726884],[-6.337759,53.726344]],[[-6.337799,53.726884],[-6.337551,53.718576]],[[-6.337783,53.727297],[-6.337759,53.726344]],[[-6.337759,53.726344],[-6.337722,53.724977]],[[-6.337759,53.726344],[-6.337722,53.724977]],[[-6.337722,53.724977],[-6.337646,53.722316]],[[-6.337722,53.724977],[-6.337646,53.722316]],[[-6.337646,53.722316],[-6.337545,53.71872]],[[-6.337646,53.722316],[-6.337545,53.71872]],[[-6.337551,53.718576],[-6.337545,53.71872]],[[-6.337551,53.718576],[-6.337545,53.71872]],[[-6.337551,53.718576],[-6.337472,53.714423]],[[-6.337472,53.714423],[-6.337132,53.71307],[-6.336577,53.712541],[-6.335358,53.711949]],[[-6.337472,53.714423],[-6.33725,53.713143],[-6.336224,53.712266],[-6.334371,53.711611],[-6.332375,53.71153]],[[-6.337472,53.714423],[-6.337163,53.713052],[-6.336342,53.712358],[-6.334099,53.71159],[-6.331767,53.711575]],[[-6.337428,53.375207],[-6.332823,53.375358]],[[-6.337428,53.375207],[-6.332613,53.375355]],[[-6.337131,53.710787],[-6.336764,53.710872]],[[-6.337041,53.733794],[-6.334192,53.741447]],[[-6.337041,53.733794],[-6.334192,53.741447]],[[-6.336921,53.338852],[-6.336771,53.338832]],[[-6.336921,53.338852],[-6.336771,53.338832]],[[-6.336882,53.328282],[-6.33673,53.328334]],[[-6.336882,53.328282],[-6.334268,53.32909]],[[-6.336771,53.338832],[-6.336471,53.338846]],[[-6.336771,53.338832],[-6.334882,53.338752]],[[-6.336764,53.710872],[-6.333044,53.711449]],[[-6.336764,53.710872],[-6.332375,53.71153]],[[-6.336749,53.338634],[-6.33654,53.338595]],[[-6.336749,53.338634],[-6.33654,53.338595]],[[-6.33673,53.328334],[-6.335486,53.328658]],[[-6.33673,53.328334],[-6.335486,53.328658]],[[-6.33654,53.338595],[-6.336242,53.338537]],[[-6.33654,53.338595],[-6.335477,53.338149],[-6.335981,53.3383]],[[-6.336471,53.338846],[-6.33626,53.338843],[-6.336471,53.338846]],[[-6.336242,53.338537],[-6.335945,53.338461]],[[-6.336242,53.338537],[-6.333536,53.338625]],[[-6.336215,53.81377],[-6.332577,53.812066],[-6.331243,53.811239]],[[-6.336215,53.81377],[-6.332547,53.812066],[-6.331243,53.811239]],[[-6.335981,53.3383],[-6.33619,53.338339],[-6.335981,53.3383]],[[-6.335945,53.338461],[-6.335199,53.338325],[-6.334203,53.338455]],[[-6.335945,53.338461],[-6.335077,53.338395],[-6.333657,53.338591]],[[-6.335903,53.712711],[-6.33626,53.712896],[-6.335903,53.712729]],[[-6.335903,53.712711],[-6.333757,53.711818],[-6.331582,53.711644]],[[-6.335903,53.712711],[-6.334768,53.7123],[-6.330332,53.711861]],[[-6.335903,53.712729],[-6.334823,53.712444],[-6.330481,53.711917]],[[-6.335903,53.712729],[-6.334856,53.712373],[-6.330332,53.711861]],[[-6.335486,53.328658],[-6.334389,53.329056]],[[-6.335486,53.328658],[-6.334389,53.329056]],[[-6.335358,53.711949],[-6.333918,53.711587],[-6.332252,53.711564]],[[-6.335302,53.338003],[-6.335123,53.337982],[-6.335302,53.338003]],[[-6.335153,53.339511],[-6.335002,53.339527]],[[-6.335153,53.339511],[-6.335002,53.339527]],[[-6.335002,53.339527],[-6.33467,53.339576]],[[-6.335002,53.339527],[-6.332611,53.339997]],[[-6.33467,53.339576],[-6.334398,53.339626]],[[-6.334398,53.339626],[-6.332826,53.339892]],[[-6.334398,53.339626],[-6.332611,53.339997]],[[-6.334389,53.329056],[-6.334268,53.32909]],[[-6.334389,53.329056],[-6.334114,53.329178]],[[-6.334268,53.32909],[-6.334114,53.329178]],[[-6.334268,53.32909],[-6.33225,53.330015]],[[-6.334203,53.338455],[-6.333657,53.338591]],[[-6.334203,53.338455],[-6.332478,53.33879]],[[-6.334192,53.741447],[-6.33209,53.747062]],[[-6.334192,53.741447],[-6.33209,53.747062]],[[-6.334114,53.329178],[-6.332769,53.329788]],[[-6.334114,53.329178],[-6.332769,53.329788]],[[-6.334077,53.711392],[-6.333044,53.711449]],[[-6.334077,53.711392],[-6.332252,53.711564]],[[-6.333657,53.338591],[-6.333536,53.338625]],[[-6.333536,53.338625],[-6.333445,53.338642]],[[-6.333536,53.338625],[-6.333445,53.338642]],[[-6.333445,53.338642],[-6.333051,53.338726]],[[-6.333051,53.338726],[-6.332961,53.338743]],[[-6.333051,53.338726],[-6.332961,53.338743]],[[-6.333044,53.711449],[-6.331768,53.711557]],[[-6.332961,53.338743],[-6.33284,53.338759]],[[-6.332961,53.338743],[-6.33284,53.338759]],[[-6.332921,53.339749],[-6.332007,53.340078]],[[-6.33284,53.338759],[-6.332658,53.338811]],[[-6.33284,53.338759],[-6.332478,53.33879]],[[-6.332826,53.339892],[-6.333222,53.339753],[-6.332007,53.340078]],[[-6.332823,53.375358],[-6.332613,53.375355]],[[-6.332823,53.375358],[-6.318602,53.375428],[-6.313893,53.375164]],[[-6.332769,53.329788],[-6.332433,53.329945]],[[-6.332613,53.375355],[-6.331288,53.375427]],[[-6.332613,53.375355],[-6.330746,53.375437]],[[-6.332611,53.339997],[-6.331612,53.340198]],[[-6.332478,53.33879],[-6.332205,53.338858]],[[-6.332433,53.329945],[-6.33228,53.330015]],[[-6.332433,53.329945],[-6.33228,53.330015]],[[-6.332375,53.71153],[-6.331768,53.711557]],[[-6.332375,53.71153],[-6.331767,53.711575]],[[-6.33228,53.330015],[-6.33225,53.330015]],[[-6.33228,53.330015],[-6.332249,53.330033]],[[-6.332252,53.711564],[-6.330584,53.711595]],[[-6.33225,53.330015],[-6.332249,53.330033]],[[-6.33225,53.330015],[-6.332219,53.330032]],[[-6.332249,53.330033],[-6.332219,53.330032]],[[-6.332249,53.330033],[-6.331942,53.330208]],[[-6.332219,53.330032],[-6.332189,53.33005]],[[-6.332219,53.330032],[-6.332189,53.33005]],[[-6.332205,53.338858],[-6.332024,53.338874],[-6.332205,53.338858]],[[-6.332189,53.33005],[-6.332158,53.330067]],[[-6.332189,53.33005],[-6.332158,53.330067]],[[-6.332158,53.330067],[-6.332127,53.330085]],[[-6.332158,53.330067],[-6.332127,53.330085]],[[-6.332127,53.330085],[-6.332096,53.330103]],[[-6.332096,53.330103],[-6.332066,53.33012]],[[-6.332096,53.330103],[-6.332066,53.33012]],[[-6.33209,53.747062],[-6.330157,53.752212]],[[-6.33209,53.747062],[-6.330157,53.752212]],[[-6.332066,53.33012],[-6.332035,53.330138]],[[-6.332066,53.33012],[-6.332035,53.330138]],[[-6.332035,53.330138],[-6.332004,53.330155]],[[-6.332007,53.340078],[-6.331612,53.340198]],[[-6.332004,53.330155],[-6.331974,53.330173]],[[-6.332004,53.330155],[-6.331974,53.330173]],[[-6.331974,53.330173],[-6.331943,53.33019]],[[-6.331974,53.330173],[-6.331943,53.33019]],[[-6.331943,53.33019],[-6.331942,53.330208]],[[-6.331943,53.33019],[-6.331912,53.330208]],[[-6.331942,53.330208],[-6.331912,53.330208]],[[-6.331942,53.330208],[-6.331911,53.330226]],[[-6.331912,53.330208],[-6.331911,53.330226]],[[-6.331912,53.330208],[-6.331881,53.330225]],[[-6.331911,53.330226],[-6.331881,53.330225]],[[-6.331911,53.330226],[-6.331881,53.330243]],[[-6.331881,53.330225],[-6.331881,53.330243]],[[-6.331881,53.330225],[-6.331851,53.330243]],[[-6.331881,53.330243],[-6.331851,53.330243]],[[-6.331881,53.330243],[-6.33185,53.330261]],[[-6.331851,53.330243],[-6.33185,53.330261]],[[-6.331851,53.330243],[-6.33182,53.33026]],[[-6.33185,53.330261],[-6.33182,53.33026]],[[-6.33185,53.330261],[-6.331819,53.330278]],[[-6.33182,53.33026],[-6.331819,53.330278]],[[-6.33182,53.33026],[-6.331789,53.330278]],[[-6.331819,53.330278],[-6.331789,53.330278]],[[-6.331819,53.330278],[-6.331726,53.330349]],[[-6.331789,53.330278],[-6.331759,53.330296]],[[-6.331789,53.330278],[-6.331759,53.330296]],[[-6.331768,53.711557],[-6.331282,53.711568]],[[-6.331767,53.711575],[-6.331282,53.711568]],[[-6.331759,53.330296],[-6.331727,53.330331]],[[-6.331759,53.330296],[-6.331727,53.330331]],[[-6.331727,53.330331],[-6.331726,53.330349]],[[-6.331727,53.330331],[-6.331696,53.330349]],[[-6.331726,53.330349],[-6.331696,53.330349]],[[-6.331726,53.330349],[-6.331696,53.330367]],[[-6.331696,53.330349],[-6.331696,53.330367]],[[-6.331696,53.330349],[-6.331666,53.330366]],[[-6.331696,53.330367],[-6.331666,53.330366]],[[-6.331696,53.330367],[-6.331665,53.330384]],[[-6.331666,53.330366],[-6.331665,53.330384]],[[-6.331666,53.330366],[-6.330113,53.331693],[-6.329121,53.333243]],[[-6.331665,53.330384],[-6.330267,53.331587]],[[-6.331665,53.330384],[-6.330267,53.331587]],[[-6.331612,53.340198],[-6.331522,53.340215]],[[-6.331582,53.711644],[-6.330584,53.711595]],[[-6.331582,53.711644],[-6.328794,53.711677],[-6.329608,53.711779]],[[-6.331522,53.340215],[-6.331248,53.340301]],[[-6.331522,53.340215],[-6.330521,53.340453]],[[-6.331288,53.375427],[-6.330746,53.375437]],[[-6.331282,53.711568],[-6.33007,53.711569]],[[-6.331282,53.711568],[-6.33007,53.711569]],[[-6.331248,53.340301],[-6.330521,53.340453]],[[-6.331243,53.811239],[-6.331005,53.811109]],[[-6.331243,53.811239],[-6.330444,53.810706]],[[-6.331005,53.811109],[-6.330444,53.810706]],[[-6.331005,53.811109],[-6.329795,53.81023]],[[-6.330746,53.375437],[-6.329904,53.375443]],[[-6.330746,53.375437],[-6.329904,53.375443]],[[-6.330584,53.711595],[-6.328708,53.71155]],[[-6.330521,53.340453],[-6.32598,53.341378]],[[-6.330521,53.340453],[-6.320747,53.342311],[-6.309539,53.343159]],[[-6.330481,53.711917],[-6.329698,53.71178]],[[-6.330481,53.711917],[-6.328853,53.711714],[-6.329608,53.711779]],[[-6.330444,53.810706],[-6.330002,53.810376]],[[-6.330444,53.810706],[-6.330002,53.810376]],[[-6.330332,53.711861],[-6.329698,53.71178]],[[-6.330267,53.331587],[-6.329793,53.332173]],[[-6.330267,53.331587],[-6.329793,53.332173]],[[-6.330157,53.752212],[-6.329613,53.753678]],[[-6.33007,53.711569],[-6.32992,53.711549]],[[-6.33007,53.711569],[-6.327198,53.711421]],[[-6.330002,53.810376],[-6.329795,53.81023]],[[-6.330002,53.810376],[-6.32912,53.809645]],[[-6.32992,53.711549],[-6.328708,53.71155]],[[-6.32992,53.711549],[-6.327198,53.711421]],[[-6.329904,53.375443],[-6.316981,53.37537]],[[-6.329904,53.375443],[-6.316981,53.37537]],[[-6.329795,53.81023],[-6.32912,53.809645]],[[-6.329795,53.81023],[-6.328591,53.809188]],[[-6.329793,53.332173],[-6.329536,53.332601]],[[-6.329793,53.332173],[-6.329536,53.332601]],[[-6.329698,53.71178],[-6.329608,53.711779]],[[-6.329613,53.753678],[-6.329037,53.755216]],[[-6.329613,53.753678],[-6.329037,53.755216]],[[-6.329536,53.332601],[-6.329121,53.333243]],[[-6.329536,53.332601],[-6.328993,53.333457]],[[-6.329121,53.333243],[-6.328993,53.333457]],[[-6.329121,53.333243],[-6.328246,53.334111]],[[-6.32912,53.809645],[-6.328591,53.809188]],[[-6.32912,53.809645],[-6.327572,53.808096]],[[-6.329037,53.755216],[-6.328091,53.757648]],[[-6.329037,53.755216],[-6.328091,53.757648]],[[-6.328993,53.333457],[-6.328246,53.334111]],[[-6.328993,53.333457],[-6.328245,53.334129]],[[-6.328708,53.71155],[-6.328013,53.711505]],[[-6.328591,53.809188],[-6.328416,53.809006]],[[-6.328416,53.809006],[-6.327572,53.808096]],[[-6.328416,53.809006],[-6.326533,53.806733]],[[-6.328246,53.334111],[-6.328245,53.334129]],[[-6.328246,53.334111],[-6.326192,53.334424]],[[-6.328245,53.334129],[-6.327248,53.334295]],[[-6.328245,53.334129],[-6.327248,53.334295]],[[-6.328091,53.757648],[-6.324354,53.766169]],[[-6.328091,53.757648],[-6.324354,53.766169]],[[-6.328013,53.711505],[-6.327198,53.711421]],[[-6.328013,53.711505],[-6.318817,53.710369]],[[-6.327572,53.808096],[-6.32685,53.807169]],[[-6.327572,53.808096],[-6.32685,53.807169]],[[-6.327248,53.334295],[-6.326131,53.334441]],[[-6.327248,53.334295],[-6.32595,53.334474]],[[-6.327198,53.711421],[-6.318817,53.710369]],[[-6.327198,53.711421],[-6.31719,53.710131]],[[-6.32685,53.807169],[-6.326533,53.806733]],[[-6.32685,53.807169],[-6.326165,53.806063]],[[-6.326614,53.341279],[-6.324709,53.341612]],[[-6.326614,53.341279],[-6.322347,53.3421]],[[-6.326533,53.806733],[-6.326277,53.806298]],[[-6.326533,53.806733],[-6.326277,53.806298]],[[-6.326277,53.806298],[-6.326165,53.806063]],[[-6.326277,53.806298],[-6.325854,53.805483]],[[-6.326192,53.334424],[-6.326131,53.334441]],[[-6.326192,53.334424],[-6.324743,53.334619]],[[-6.326165,53.806063],[-6.325854,53.805483]],[[-6.326165,53.806063],[-6.325772,53.805249]],[[-6.326131,53.334441],[-6.32595,53.334474]],[[-6.326131,53.334441],[-6.325225,53.334572]],[[-6.32598,53.341378],[-6.324709,53.341612]],[[-6.32598,53.341378],[-6.323225,53.341914]],[[-6.32595,53.334474],[-6.325225,53.334572]],[[-6.325854,53.805483],[-6.325772,53.805249]],[[-6.325854,53.805483],[-6.325604,53.804905]],[[-6.325772,53.805249],[-6.325687,53.805086]],[[-6.325687,53.805086],[-6.325604,53.804905]],[[-6.325687,53.805086],[-6.325389,53.804183]],[[-6.325604,53.804905],[-6.325389,53.804183]],[[-6.325604,53.804905],[-6.32528,53.803876]],[[-6.325389,53.804183],[-6.32528,53.803876]],[[-6.325389,53.804183],[-6.325203,53.803515]],[[-6.32528,53.803876],[-6.325203,53.803515]],[[-6.32528,53.803876],[-6.324121,53.799438]],[[-6.325225,53.334572],[-6.324743,53.334619]],[[-6.325225,53.334572],[-6.317623,53.335436]],[[-6.325203,53.803515],[-6.325098,53.803118]],[[-6.325098,53.803118],[-6.324572,53.80108]],[[-6.325098,53.803118],[-6.324572,53.80108]],[[-6.324743,53.334619],[-6.319132,53.335259]],[[-6.324743,53.334619],[-6.319132,53.335259]],[[-6.324709,53.341612],[-6.323225,53.341914]],[[-6.324572,53.80108],[-6.324256,53.799871]],[[-6.324354,53.766169],[-6.323158,53.768795]],[[-6.324354,53.766169],[-6.323158,53.768795]],[[-6.324256,53.799871],[-6.324121,53.799438]],[[-6.324256,53.799871],[-6.323599,53.797309]],[[-6.324121,53.799438],[-6.324017,53.799005]],[[-6.324017,53.799005],[-6.323702,53.79776]],[[-6.324017,53.799005],[-6.323702,53.79776]],[[-6.323702,53.79776],[-6.323599,53.797309]],[[-6.323702,53.79776],[-6.323359,53.796479]],[[-6.323599,53.797309],[-6.323495,53.796876]],[[-6.323495,53.796876],[-6.323359,53.796479]],[[-6.323495,53.796876],[-6.322941,53.794766]],[[-6.323359,53.796479],[-6.32315,53.795613]],[[-6.323225,53.341914],[-6.323014,53.341947]],[[-6.323158,53.768795],[-6.323121,53.768938]],[[-6.323158,53.768795],[-6.32309,53.768956]],[[-6.32315,53.795613],[-6.322941,53.794766]],[[-6.32315,53.795613],[-6.32286,53.794531]],[[-6.323121,53.768938],[-6.32309,53.768956]],[[-6.323121,53.768938],[-6.322186,53.7711]],[[-6.32309,53.768956],[-6.322186,53.7711]],[[-6.32309,53.768956],[-6.322124,53.771117],[-6.321721,53.772855],[-6.321973,53.786322]],[[-6.323014,53.341947],[-6.322347,53.3421]],[[-6.323014,53.341947],[-6.31993,53.342443],[-6.317339,53.34264]],[[-6.322941,53.794766],[-6.32286,53.794531]],[[-6.322941,53.794766],[-6.322282,53.792276]],[[-6.32286,53.794531],[-6.322282,53.792276]],[[-6.32286,53.794531],[-6.322088,53.791033]],[[-6.322347,53.3421],[-6.319567,53.34251],[-6.311467,53.343025],[-6.308479,53.343378]],[[-6.322282,53.792276],[-6.322157,53.791591]],[[-6.322282,53.792276],[-6.322157,53.791591]],[[-6.322186,53.7711],[-6.321743,53.773071]],[[-6.322186,53.7711],[-6.321743,53.773071]],[[-6.322157,53.791591],[-6.322088,53.791033]],[[-6.322157,53.791591],[-6.322078,53.789775]],[[-6.322088,53.791033],[-6.322061,53.790206]],[[-6.322088,53.791033],[-6.322061,53.790206]],[[-6.322078,53.789775],[-6.322065,53.789343]],[[-6.322078,53.789775],[-6.322061,53.790206]],[[-6.322065,53.789343],[-6.32206,53.788696]],[[-6.322065,53.789343],[-6.32206,53.788696]],[[-6.322061,53.790206],[-6.322034,53.788606]],[[-6.32206,53.788696],[-6.322034,53.788606]],[[-6.32206,53.788696],[-6.321994,53.786556]],[[-6.322034,53.788606],[-6.322001,53.787131]],[[-6.322034,53.788606],[-6.322001,53.787131]],[[-6.322001,53.787131],[-6.321994,53.786556]],[[-6.322001,53.787131],[-6.321971,53.786358]],[[-6.321994,53.786556],[-6.321971,53.786358]],[[-6.321994,53.786556],[-6.321967,53.784956]],[[-6.321973,53.786322],[-6.321971,53.786358]],[[-6.321973,53.786322],[-6.321967,53.784956]],[[-6.321967,53.784956],[-6.321743,53.773071]],[[-6.321967,53.784956],[-6.321743,53.773071]],[[-6.319132,53.335259],[-6.317623,53.335436]],[[-6.319132,53.335259],[-6.316749,53.335513]],[[-6.318817,53.710369],[-6.31719,53.710131]],[[-6.318817,53.710369],[-6.313397,53.709502]],[[-6.317623,53.335436],[-6.316749,53.335513]],[[-6.317623,53.335436],[-6.314516,53.335788]],[[-6.317339,53.34264],[-6.316918,53.34267]],[[-6.317339,53.34264],[-6.316918,53.34267]],[[-6.31719,53.710131],[-6.313397,53.709502]],[[-6.31719,53.710131],[-6.310395,53.708813],[-6.301132,53.706363]],[[-6.316981,53.37537],[-6.316321,53.375342]],[[-6.316981,53.37537],[-6.316321,53.375342]],[[-6.316918,53.34267],[-6.309598,53.343196]],[[-6.316749,53.335513],[-6.315181,53.335689]],[[-6.316749,53.335513],[-6.315181,53.335689]],[[-6.316321,53.375342],[-6.314103,53.375167]],[[-6.316321,53.375342],[-6.314103,53.375167]],[[-6.315181,53.335689],[-6.314516,53.335788]],[[-6.315181,53.335689],[-6.312464,53.336028]],[[-6.314516,53.335788],[-6.314244,53.33582]],[[-6.314516,53.335788],[-6.314244,53.33582]],[[-6.314244,53.33582],[-6.312464,53.336028]],[[-6.314244,53.33582],[-6.31189,53.33611]],[[-6.314103,53.375167],[-6.305522,53.374003]],[[-6.314103,53.375167],[-6.305522,53.374003]],[[-6.313893,53.375164],[-6.304448,53.373808]],[[-6.313397,53.709502],[-6.306437,53.707804]],[[-6.313397,53.709502],[-6.306437,53.707804]],[[-6.312464,53.336028],[-6.31189,53.33611]],[[-6.312464,53.336028],[-6.31165,53.336124]],[[-6.31189,53.33611],[-6.31165,53.336124]],[[-6.31189,53.33611],[-6.310322,53.336285]],[[-6.31165,53.336124],[-6.311348,53.336156]],[[-6.311348,53.336156],[-6.310322,53.336285]],[[-6.311348,53.336156],[-6.309809,53.336332]],[[-6.310322,53.336285],[-6.31005,53.336318]],[[-6.31005,53.336318],[-6.309809,53.336332]],[[-6.31005,53.336318],[-6.306732,53.336684]],[[-6.309809,53.336332],[-6.309538,53.336364]],[[-6.309598,53.343196],[-6.308479,53.343378]],[[-6.309598,53.343196],[-6.307266,53.343666]],[[-6.309539,53.343159],[-6.307572,53.343545]],[[-6.309539,53.343159],[-6.307543,53.343508],[-6.305128,53.344571]],[[-6.309538,53.336364],[-6.306793,53.336667]],[[-6.309538,53.336364],[-6.306793,53.336667]],[[-6.308479,53.343378],[-6.30763,53.343582]],[[-6.30763,53.343582],[-6.307052,53.343771]],[[-6.30763,53.343582],[-6.305613,53.34447],[-6.304778,53.345069],[-6.304107,53.346084],[-6.304035,53.347126]],[[-6.307572,53.343545],[-6.307266,53.343666]],[[-6.307572,53.343545],[-6.305001,53.344749]],[[-6.307266,53.343666],[-6.307052,53.343771]],[[-6.307266,53.343666],[-6.30693,53.343805]],[[-6.307052,53.343771],[-6.30693,53.343805]],[[-6.30693,53.343805],[-6.305798,53.344346]],[[-6.306793,53.336667],[-6.306763,53.336666]],[[-6.306763,53.336666],[-6.306732,53.336684]],[[-6.306763,53.336666],[-6.306642,53.336683]],[[-6.306732,53.336684],[-6.306642,53.336683]],[[-6.306732,53.336684],[-6.306641,53.336701]],[[-6.306642,53.336683],[-6.306641,53.336701]],[[-6.306642,53.336683],[-6.306521,53.336699]],[[-6.306641,53.336701],[-6.306611,53.3367]],[[-6.306611,53.3367],[-6.306521,53.336699]],[[-6.306611,53.3367],[-6.306521,53.336717]],[[-6.306521,53.336699],[-6.306521,53.336717]],[[-6.306521,53.336699],[-6.30643,53.336716]],[[-6.306521,53.336717],[-6.306491,53.336716]],[[-6.306491,53.336716],[-6.30643,53.336716]],[[-6.306491,53.336716],[-6.30643,53.336734]],[[-6.306437,53.707804],[-6.30212,53.706647]],[[-6.306437,53.707804],[-6.30212,53.706647]],[[-6.30643,53.336716],[-6.30643,53.336734]],[[-6.30643,53.336716],[-6.306279,53.336749]],[[-6.30643,53.336734],[-6.3064,53.336733]],[[-6.3064,53.336733],[-6.306279,53.336749]],[[-6.3064,53.336733],[-6.305732,53.336903]],[[-6.306279,53.336749],[-6.306097,53.336801]],[[-6.306097,53.336801],[-6.305885,53.336852]],[[-6.306097,53.336801],[-6.305885,53.336852]],[[-6.305885,53.336852],[-6.305732,53.336903]],[[-6.305885,53.336852],[-6.305551,53.336937]],[[-6.305798,53.344346],[-6.305306,53.344627]],[[-6.305798,53.344346],[-6.305306,53.344627]],[[-6.305798,53.344346],[-6.303051,53.345422],[-6.29876,53.346062]],[[-6.305732,53.336903],[-6.305551,53.336937]],[[-6.305732,53.336903],[-6.30555,53.336955]],[[-6.305551,53.336937],[-6.30555,53.336955]],[[-6.305551,53.336937],[-6.30549,53.336954]],[[-6.30555,53.336955],[-6.30549,53.336954]],[[-6.30555,53.336955],[-6.305489,53.336972]],[[-6.305522,53.374003],[-6.304448,53.373808]],[[-6.305522,53.374003],[-6.302869,53.373444]],[[-6.30549,53.336954],[-6.305489,53.336972]],[[-6.30549,53.336954],[-6.305429,53.336971]],[[-6.305489,53.336972],[-6.305459,53.336971]],[[-6.305459,53.336971],[-6.305429,53.336971]],[[-6.305459,53.336971],[-6.305399,53.336989]],[[-6.305429,53.336971],[-6.305399,53.336971]],[[-6.305399,53.336971],[-6.305399,53.336989]],[[-6.305399,53.336971],[-6.305339,53.336988]],[[-6.305399,53.336989],[-6.305339,53.336988]],[[-6.305399,53.336989],[-6.305308,53.337005]],[[-6.305339,53.336988],[-6.305309,53.336987]],[[-6.305309,53.336987],[-6.305308,53.337005]],[[-6.305309,53.336987],[-6.305248,53.337004]],[[-6.305308,53.337005],[-6.305248,53.337004]],[[-6.305308,53.337005],[-6.305217,53.337022]],[[-6.305306,53.344627],[-6.305029,53.344803]],[[-6.305306,53.344627],[-6.305029,53.344803]],[[-6.305248,53.337004],[-6.305218,53.337004]],[[-6.305218,53.337004],[-6.305217,53.337022]],[[-6.305218,53.337004],[-6.305157,53.337021]],[[-6.305217,53.337022],[-6.305157,53.337021]],[[-6.305217,53.337022],[-6.305126,53.337039]],[[-6.305157,53.337021],[-6.305127,53.337021]],[[-6.305128,53.344571],[-6.305096,53.344606]],[[-6.305128,53.344571],[-6.305096,53.344606]],[[-6.305127,53.337021],[-6.305126,53.337039]],[[-6.305127,53.337021],[-6.305036,53.337037]],[[-6.305126,53.337039],[-6.305036,53.337037]],[[-6.305126,53.337039],[-6.305005,53.337055]],[[-6.305096,53.344606],[-6.305066,53.344624]],[[-6.305066,53.344624],[-6.305035,53.344641]],[[-6.305066,53.344624],[-6.305035,53.344641]],[[-6.305036,53.337037],[-6.305005,53.337055]],[[-6.305036,53.337037],[-6.304674,53.337086]],[[-6.305035,53.344641],[-6.304787,53.344835]],[[-6.305035,53.344641],[-6.304606,53.344851]],[[-6.305029,53.344803],[-6.304374,53.345405],[-6.303977,53.346334]],[[-6.305005,53.337055],[-6.304674,53.337086]],[[-6.305005,53.337055],[-6.304643,53.337104]],[[-6.305001,53.344749],[-6.304908,53.344801]],[[-6.305001,53.344749],[-6.304908,53.344801]],[[-6.304908,53.344801],[-6.304599,53.345031]],[[-6.304908,53.344801],[-6.304025,53.345867],[-6.303975,53.347125]],[[-6.304787,53.344835],[-6.304695,53.344888]],[[-6.304787,53.344835],[-6.304695,53.344888]],[[-6.304695,53.344888],[-6.304417,53.345082]],[[-6.304674,53.337086],[-6.304643,53.337104]],[[-6.304674,53.337086],[-6.299424,53.337695]],[[-6.304643,53.337104],[-6.299424,53.337695]],[[-6.304643,53.337104],[-6.29876,53.337775]],[[-6.304606,53.344851],[-6.303234,53.345353],[-6.301388,53.345704]],[[-6.304606,53.344851],[-6.302898,53.345492],[-6.30024,53.345867]],[[-6.304599,53.345031],[-6.304106,53.345347]],[[-6.304599,53.345031],[-6.304072,53.345454]],[[-6.304448,53.373808],[-6.302869,53.373444]],[[-6.304448,53.373808],[-6.299947,53.372845]],[[-6.304417,53.345082],[-6.304325,53.345134]],[[-6.304417,53.345082],[-6.304325,53.345134]],[[-6.304325,53.345134],[-6.304294,53.345152]],[[-6.304294,53.345152],[-6.304232,53.345187]],[[-6.304294,53.345152],[-6.304232,53.345187]],[[-6.304232,53.345187],[-6.303466,53.345572]],[[-6.304106,53.345347],[-6.303583,53.345645]],[[-6.304106,53.345347],[-6.303,53.345961],[-6.302,53.34618]],[[-6.304072,53.345454],[-6.304041,53.345472]],[[-6.304072,53.345454],[-6.304041,53.345472]],[[-6.304041,53.345472],[-6.304009,53.345508]],[[-6.304041,53.345472],[-6.304009,53.345508]],[[-6.304035,53.347126],[-6.304031,53.347989]],[[-6.304035,53.347126],[-6.303968,53.34655]],[[-6.304031,53.347989],[-6.304027,53.348833]],[[-6.304031,53.347989],[-6.304027,53.348833]],[[-6.304031,53.347989],[-6.303992,53.347449]],[[-6.304027,53.348833],[-6.304012,53.349984]],[[-6.304027,53.348833],[-6.303985,53.349893]],[[-6.304012,53.349984],[-6.304011,53.350002]],[[-6.304012,53.349984],[-6.303985,53.349893]],[[-6.304011,53.350002],[-6.303977,53.350109]],[[-6.304011,53.350002],[-6.303977,53.350109]],[[-6.304009,53.345508],[-6.303979,53.345525]],[[-6.304009,53.345508],[-6.303979,53.345525]],[[-6.303992,53.347449],[-6.303985,53.349893]],[[-6.303992,53.347449],[-6.303977,53.346334]],[[-6.303992,53.347449],[-6.303975,53.347125]],[[-6.303985,53.349893],[-6.30388,53.350269]],[[-6.303979,53.345525],[-6.303947,53.345561]],[[-6.303979,53.345525],[-6.303947,53.345561]],[[-6.303977,53.346334],[-6.303968,53.34655]],[[-6.303977,53.350109],[-6.30388,53.350269]],[[-6.303977,53.350109],[-6.303622,53.350715]],[[-6.303975,53.347125],[-6.303968,53.34655]],[[-6.30397,53.344986],[-6.303848,53.34502]],[[-6.30397,53.344986],[-6.303848,53.34502]],[[-6.303947,53.345561],[-6.303758,53.345792]],[[-6.303947,53.345561],[-6.303545,53.34586]],[[-6.30388,53.350269],[-6.303719,53.350555]],[[-6.30388,53.350269],[-6.303719,53.350555]],[[-6.303848,53.34502],[-6.303696,53.345072]],[[-6.303848,53.34502],[-6.303696,53.345072]],[[-6.303758,53.345792],[-6.303727,53.345809]],[[-6.303758,53.345792],[-6.303727,53.345809]],[[-6.303727,53.345809],[-6.303696,53.345845]],[[-6.303727,53.345809],[-6.303696,53.345845]],[[-6.303719,53.350555],[-6.303624,53.350679]],[[-6.303719,53.350555],[-6.303624,53.350679]],[[-6.303696,53.345072],[-6.303454,53.345122]],[[-6.303696,53.345072],[-6.303239,53.345227]],[[-6.303696,53.345845],[-6.303664,53.34588]],[[-6.303696,53.345845],[-6.303664,53.34588]],[[-6.303664,53.34588],[-6.303385,53.34611]],[[-6.303624,53.350679],[-6.303623,53.350697]],[[-6.303623,53.350697],[-6.303622,53.350715]],[[-6.303623,53.350697],[-6.303125,53.351139]],[[-6.303622,53.350715],[-6.303527,53.35084]],[[-6.303622,53.350715],[-6.303527,53.35084]],[[-6.303583,53.345645],[-6.303431,53.345697]],[[-6.303583,53.345645],[-6.303431,53.345697]],[[-6.303545,53.34586],[-6.303483,53.345896]],[[-6.303545,53.34586],[-6.303483,53.345896]],[[-6.303527,53.35084],[-6.303403,53.350946]],[[-6.303527,53.35084],[-6.303403,53.350946]],[[-6.303466,53.345572],[-6.303314,53.345623]],[[-6.303466,53.345572],[-6.303314,53.345623]],[[-6.303454,53.345122],[-6.303332,53.345156]],[[-6.303454,53.345122],[-6.303332,53.345156]],[[-6.303431,53.345697],[-6.30337,53.345732]],[[-6.303403,53.350946],[-6.303372,53.350963]],[[-6.303372,53.350963],[-6.303125,53.351139]],[[-6.303372,53.350963],[-6.301744,53.351875],[-6.298975,53.352734]],[[-6.30337,53.345732],[-6.302487,53.346025]],[[-6.30337,53.345732],[-6.301795,53.346051],[-6.300084,53.346027]],[[-6.303332,53.345156],[-6.30303,53.345206]],[[-6.303314,53.345623],[-6.303222,53.345658]],[[-6.303314,53.345623],[-6.303222,53.345658]],[[-6.303239,53.345227],[-6.303179,53.345244]],[[-6.303239,53.345227],[-6.303179,53.345244]],[[-6.303222,53.345658],[-6.301767,53.345997],[-6.300084,53.346027]],[[-6.303222,53.345658],[-6.301377,53.345991],[-6.299816,53.345969]],[[-6.303179,53.345244],[-6.30254,53.345451]],[[-6.303179,53.345244],[-6.300576,53.345728],[-6.297894,53.345942],[-6.300031,53.345828]],[[-6.303125,53.351139],[-6.303001,53.351228]],[[-6.303125,53.351139],[-6.303001,53.351228]],[[-6.30303,53.345206],[-6.302999,53.345224]],[[-6.30303,53.345206],[-6.302999,53.345224]],[[-6.303001,53.351228],[-6.30294,53.351263]],[[-6.302999,53.345224],[-6.302969,53.345223]],[[-6.302969,53.345223],[-6.302878,53.34524]],[[-6.302969,53.345223],[-6.302878,53.34524]],[[-6.30294,53.351263],[-6.299738,53.352457]],[[-6.30294,53.351263],[-6.301744,53.351857],[-6.299738,53.352457]],[[-6.302878,53.34524],[-6.302031,53.34539]],[[-6.302869,53.373444],[-6.300425,53.372924]],[[-6.302869,53.373444],[-6.300425,53.372924]],[[-6.30254,53.345451],[-6.302327,53.345502]],[[-6.30254,53.345451],[-6.302327,53.345502]],[[-6.302487,53.346025],[-6.302366,53.346041]],[[-6.302487,53.346025],[-6.302366,53.346041]],[[-6.302366,53.346041],[-6.302244,53.346076]],[[-6.302366,53.346041],[-6.302244,53.346076]],[[-6.302327,53.345502],[-6.302085,53.345552]],[[-6.302244,53.346076],[-6.302033,53.346109]],[[-6.302244,53.346076],[-6.302033,53.346109]],[[-6.30212,53.706647],[-6.301132,53.706363]],[[-6.30212,53.706647],[-6.298794,53.705755]],[[-6.302085,53.345552],[-6.301388,53.345704]],[[-6.302085,53.345552],[-6.300212,53.345813]],[[-6.302033,53.346109],[-6.298234,53.346468]],[[-6.302033,53.346109],[-6.297572,53.346476]],[[-6.302031,53.34539],[-6.301941,53.345406]],[[-6.302031,53.34539],[-6.301941,53.345406]],[[-6.302,53.34618],[-6.301939,53.346197]],[[-6.302,53.34618],[-6.301939,53.346197]],[[-6.301939,53.346197],[-6.301879,53.346196]],[[-6.301939,53.346197],[-6.301879,53.346196]],[[-6.301879,53.346196],[-6.298234,53.346468]],[[-6.301388,53.345704],[-6.301327,53.345721]],[[-6.301388,53.345704],[-6.301327,53.345721]],[[-6.301327,53.345721],[-6.301207,53.345737]],[[-6.301327,53.345721],[-6.301207,53.345737]],[[-6.301207,53.345737],[-6.300965,53.34577]],[[-6.301132,53.706363],[-6.298794,53.705737]],[[-6.301132,53.706363],[-6.298794,53.705755]],[[-6.300965,53.34577],[-6.300905,53.345769]],[[-6.300965,53.34577],[-6.300905,53.345769]],[[-6.300905,53.345769],[-6.300844,53.345786]],[[-6.300905,53.345769],[-6.300844,53.345786]],[[-6.300844,53.345786],[-6.300784,53.345785]],[[-6.300844,53.345786],[-6.300784,53.345785]],[[-6.300784,53.345785],[-6.30024,53.345867]],[[-6.300784,53.345785],[-6.300212,53.345813]],[[-6.300425,53.372924],[-6.299947,53.372845]],[[-6.300425,53.372924],[-6.299918,53.372827]],[[-6.30024,53.345867],[-6.299696,53.345949]],[[-6.300212,53.345813],[-6.300121,53.34583]],[[-6.300212,53.345813],[-6.300121,53.34583]],[[-6.300121,53.34583],[-6.300031,53.345828]],[[-6.300121,53.34583],[-6.300031,53.345828]],[[-6.300084,53.346027],[-6.299993,53.346026]],[[-6.300084,53.346027],[-6.299993,53.346026]],[[-6.299993,53.346026],[-6.299453,53.346018]],[[-6.299947,53.372845],[-6.299918,53.372827]],[[-6.299947,53.372845],[-6.293152,53.3714],[-6.289343,53.371202],[-6.287139,53.370685]],[[-6.299918,53.372827],[-6.29962,53.372769]],[[-6.299918,53.372827],[-6.29962,53.372769]],[[-6.299816,53.345969],[-6.299755,53.345986]],[[-6.299816,53.345969],[-6.299755,53.345986]],[[-6.299755,53.345986],[-6.299453,53.346018]],[[-6.299738,53.352457],[-6.298975,53.352734]],[[-6.299738,53.352457],[-6.298244,53.352993],[-6.297289,53.353591],[-6.296008,53.355568]],[[-6.299696,53.345949],[-6.299636,53.345949]],[[-6.299696,53.345949],[-6.299636,53.345949]],[[-6.299636,53.345949],[-6.299545,53.345965]],[[-6.299636,53.345949],[-6.299545,53.345965]],[[-6.29962,53.372769],[-6.298725,53.372594]],[[-6.29962,53.372769],[-6.292824,53.371323]],[[-6.299545,53.345965],[-6.299485,53.345964]],[[-6.299485,53.345964],[-6.299364,53.345981]],[[-6.299485,53.345964],[-6.299364,53.345981]],[[-6.299453,53.346018],[-6.299393,53.346017]],[[-6.299424,53.337695],[-6.29876,53.337775]],[[-6.299424,53.337695],[-6.298067,53.337819]],[[-6.299393,53.346017],[-6.299242,53.346033]],[[-6.299393,53.346017],[-6.299242,53.346033]],[[-6.299364,53.345981],[-6.298971,53.346047]],[[-6.299242,53.346033],[-6.298971,53.346047]],[[-6.298975,53.352734],[-6.298487,53.352925]],[[-6.298975,53.352734],[-6.298487,53.352925]],[[-6.298971,53.346047],[-6.29885,53.346063]],[[-6.298971,53.346047],[-6.29885,53.346063]],[[-6.29885,53.346063],[-6.29882,53.346063]],[[-6.29882,53.346063],[-6.29876,53.346062]],[[-6.29882,53.346063],[-6.29876,53.346062]],[[-6.298794,53.705737],[-6.298794,53.705755]],[[-6.298794,53.705737],[-6.298734,53.705736]],[[-6.298794,53.705737],[-6.298285,53.705604]],[[-6.298794,53.705755],[-6.298734,53.705736]],[[-6.29876,53.337775],[-6.298609,53.337791]],[[-6.29876,53.337775],[-6.298609,53.337791]],[[-6.29876,53.346062],[-6.295627,53.346305]],[[-6.298734,53.705736],[-6.298285,53.705604]],[[-6.298734,53.705736],[-6.291871,53.703895]],[[-6.298725,53.372594],[-6.292824,53.371323]],[[-6.298609,53.337791],[-6.298187,53.337821]],[[-6.298609,53.337791],[-6.298187,53.337821]],[[-6.298487,53.352925],[-6.297473,53.353486]],[[-6.298487,53.352925],[-6.297473,53.353486]],[[-6.298285,53.705604],[-6.298015,53.705528]],[[-6.298285,53.705604],[-6.298015,53.705528]],[[-6.298234,53.346468],[-6.298113,53.346466]],[[-6.298187,53.337821],[-6.298067,53.337819]],[[-6.298187,53.337821],[-6.294236,53.33825]],[[-6.298164,53.372334],[-6.298075,53.372315]],[[-6.298164,53.372334],[-6.298075,53.372315]],[[-6.298164,53.372334],[-6.297985,53.372314]],[[-6.298113,53.346466],[-6.297993,53.346464]],[[-6.298113,53.346466],[-6.297993,53.346464]],[[-6.298075,53.372315],[-6.297985,53.372314]],[[-6.298075,53.372315],[-6.297896,53.372277]],[[-6.298067,53.337819],[-6.297585,53.337866]],[[-6.298067,53.337819],[-6.297585,53.337866]],[[-6.298015,53.705528],[-6.296097,53.705015]],[[-6.298015,53.705528],[-6.296097,53.705015]],[[-6.297993,53.346464],[-6.297572,53.346476]],[[-6.297985,53.372314],[-6.297896,53.372277]],[[-6.297985,53.372314],[-6.296762,53.372063]],[[-6.297896,53.372277],[-6.297807,53.372257]],[[-6.297807,53.372257],[-6.297449,53.37218]],[[-6.297807,53.372257],[-6.297449,53.37218]],[[-6.297585,53.337866],[-6.29671,53.337961]],[[-6.297585,53.337866],[-6.29671,53.337961]],[[-6.297473,53.353486],[-6.297317,53.353627]],[[-6.297473,53.353486],[-6.297317,53.353627]],[[-6.297449,53.37218],[-6.29727,53.372142]],[[-6.297449,53.37218],[-6.29727,53.372142]],[[-6.297317,53.353627],[-6.297224,53.353698]],[[-6.297317,53.353627],[-6.297224,53.353698]],[[-6.29727,53.372142],[-6.296823,53.372046]],[[-6.29727,53.372142],[-6.296823,53.372046]],[[-6.297224,53.353698],[-6.296783,53.354231]],[[-6.297224,53.353698],[-6.296783,53.354231]],[[-6.296823,53.372046],[-6.296734,53.372026]],[[-6.296823,53.372046],[-6.296734,53.372026]],[[-6.296783,53.354231],[-6.296686,53.354391]],[[-6.296783,53.354231],[-6.296686,53.354391]],[[-6.296762,53.372063],[-6.296406,53.37195]],[[-6.296762,53.372063],[-6.29569,53.371814]],[[-6.296734,53.372026],[-6.296555,53.371988]],[[-6.296734,53.372026],[-6.296555,53.371988]],[[-6.29671,53.337961],[-6.296409,53.337993]],[[-6.296686,53.354391],[-6.296621,53.354516]],[[-6.296621,53.354516],[-6.296008,53.355568]],[[-6.296621,53.354516],[-6.2928,53.361418]],[[-6.296555,53.371988],[-6.296406,53.37195]],[[-6.296555,53.371988],[-6.296376,53.371949]],[[-6.296409,53.337993],[-6.294236,53.33825]],[[-6.296409,53.337993],[-6.29303,53.338376]],[[-6.296406,53.37195],[-6.296376,53.371949]],[[-6.296406,53.37195],[-6.295216,53.371645]],[[-6.296376,53.371949],[-6.296108,53.371892]],[[-6.296376,53.371949],[-6.296108,53.371892]],[[-6.296108,53.371892],[-6.296079,53.371873]],[[-6.296108,53.371892],[-6.29569,53.371814]],[[-6.296097,53.705015],[-6.294538,53.704598]],[[-6.296097,53.705015],[-6.294538,53.704598]],[[-6.296079,53.371873],[-6.29569,53.371814]],[[-6.296079,53.371873],[-6.295125,53.37168]],[[-6.296008,53.355568],[-6.295587,53.356335]],[[-6.296008,53.355568],[-6.295587,53.356335]],[[-6.29569,53.371814],[-6.295333,53.371737]],[[-6.29569,53.371814],[-6.295333,53.371737]],[[-6.295587,53.356335],[-6.2928,53.361418]],[[-6.295587,53.356335],[-6.291732,53.363308]],[[-6.295333,53.371737],[-6.295243,53.371718]],[[-6.295333,53.371737],[-6.295243,53.371718]],[[-6.295243,53.371718],[-6.295125,53.37168]],[[-6.295243,53.371718],[-6.294349,53.371525]],[[-6.295216,53.371645],[-6.294979,53.371552]],[[-6.295216,53.371645],[-6.290116,53.370656],[-6.288314,53.369857]],[[-6.295125,53.37168],[-6.295035,53.371661]],[[-6.295125,53.37168],[-6.295035,53.371661]],[[-6.295035,53.371661],[-6.294767,53.371603]],[[-6.295035,53.371661],[-6.294767,53.371603]],[[-6.294979,53.371552],[-6.294861,53.371514]],[[-6.294979,53.371552],[-6.294861,53.371514]],[[-6.294861,53.371514],[-6.294742,53.371477]],[[-6.294767,53.371603],[-6.294439,53.371526]],[[-6.294767,53.371603],[-6.294439,53.371526]],[[-6.294742,53.371477],[-6.294653,53.371457]],[[-6.294742,53.371477],[-6.294653,53.371457]],[[-6.294653,53.371457],[-6.290775,53.370719]],[[-6.294653,53.371457],[-6.290445,53.370696],[-6.288314,53.369857]],[[-6.294538,53.704598],[-6.291871,53.703895]],[[-6.294538,53.704598],[-6.285158,53.702091]],[[-6.294439,53.371526],[-6.294349,53.371525]],[[-6.294439,53.371526],[-6.29432,53.371507]],[[-6.294349,53.371525],[-6.29432,53.371507]],[[-6.294349,53.371525],[-6.29417,53.371487]],[[-6.29432,53.371507],[-6.29417,53.371487]],[[-6.29432,53.371507],[-6.293784,53.371391]],[[-6.294236,53.33825],[-6.29303,53.338376]],[[-6.294236,53.33825],[-6.29164,53.338572]],[[-6.29417,53.371487],[-6.293992,53.371448]],[[-6.29417,53.371487],[-6.293992,53.371448]],[[-6.293992,53.371448],[-6.293784,53.371391]],[[-6.293992,53.371448],[-6.29262,53.371177]],[[-6.293784,53.371391],[-6.293367,53.371295]],[[-6.293784,53.371391],[-6.293367,53.371295]],[[-6.293566,53.342231],[-6.293566,53.342249]],[[-6.293566,53.342231],[-6.293228,53.341687]],[[-6.293566,53.342231],[-6.293228,53.341687]],[[-6.293566,53.342249],[-6.29356,53.342392]],[[-6.293566,53.342249],[-6.29356,53.342392]],[[-6.29356,53.342392],[-6.293559,53.34241]],[[-6.293559,53.34241],[-6.293528,53.342446]],[[-6.293559,53.34241],[-6.293528,53.342446]],[[-6.293553,52.670175],[-6.291883,52.671284]],[[-6.293553,52.670175],[-6.289113,52.673293]],[[-6.293553,52.670175],[-6.289113,52.673293]],[[-6.293528,53.342446],[-6.293498,53.342445]],[[-6.293528,53.342446],[-6.293313,53.342551]],[[-6.293498,53.342445],[-6.293313,53.342551]],[[-6.293498,53.342445],[-6.293198,53.341686]],[[-6.293498,53.342445],[-6.291617,53.342904]],[[-6.293367,53.371295],[-6.293158,53.371256]],[[-6.293367,53.371295],[-6.293158,53.371256]],[[-6.293313,53.342551],[-6.291617,53.342904]],[[-6.293313,53.342551],[-6.291313,53.342989]],[[-6.293228,53.341687],[-6.2932,53.341632]],[[-6.293228,53.341687],[-6.293198,53.341686]],[[-6.2932,53.341632],[-6.293198,53.341686]],[[-6.2932,53.341632],[-6.293171,53.341614]],[[-6.2932,53.341632],[-6.293171,53.341614]],[[-6.293198,53.341686],[-6.29314,53.341613]],[[-6.293171,53.341614],[-6.29314,53.341613]],[[-6.293171,53.341614],[-6.293053,53.34154]],[[-6.293158,53.371256],[-6.293068,53.371237]],[[-6.293158,53.371256],[-6.293068,53.371237]],[[-6.29314,53.341613],[-6.293053,53.34154]],[[-6.29314,53.341613],[-6.292151,53.341563]],[[-6.293068,53.371237],[-6.292859,53.371198]],[[-6.293068,53.371237],[-6.292859,53.371198]],[[-6.293053,53.34154],[-6.293024,53.341522]],[[-6.293053,53.34154],[-6.293024,53.341522]],[[-6.29303,53.338376],[-6.291943,53.338504]],[[-6.29303,53.338376],[-6.291943,53.338504]],[[-6.293024,53.341522],[-6.292994,53.341522]],[[-6.292994,53.341522],[-6.292935,53.341503]],[[-6.292994,53.341522],[-6.292935,53.341503]],[[-6.292935,53.341503],[-6.292725,53.3415]],[[-6.292935,53.341503],[-6.292725,53.3415]],[[-6.292859,53.371198],[-6.29262,53.371177]],[[-6.292859,53.371198],[-6.292232,53.371099]],[[-6.292824,53.371323],[-6.292256,53.371261]],[[-6.292824,53.371323],[-6.292256,53.371261]],[[-6.2928,53.361418],[-6.291732,53.363308]],[[-6.2928,53.361418],[-6.291179,53.364379]],[[-6.292725,53.3415],[-6.292695,53.341499]],[[-6.292695,53.341499],[-6.292152,53.341545]],[[-6.292695,53.341499],[-6.292151,53.341563]],[[-6.29262,53.371177],[-6.2925,53.371157]],[[-6.29262,53.371177],[-6.2925,53.371157]],[[-6.2925,53.371157],[-6.292381,53.371137]],[[-6.2925,53.371157],[-6.292381,53.371137]],[[-6.292381,53.371137],[-6.292262,53.371118]],[[-6.292381,53.371137],[-6.292262,53.371118]],[[-6.292262,53.371118],[-6.292232,53.371099]],[[-6.292262,53.371118],[-6.291873,53.371058]],[[-6.292256,53.371261],[-6.289823,53.371209]],[[-6.292256,53.371261],[-6.289823,53.371209]],[[-6.292232,53.371099],[-6.292113,53.37108]],[[-6.292232,53.371099],[-6.292113,53.37108]],[[-6.292152,53.341545],[-6.292151,53.341563]],[[-6.292152,53.341545],[-6.292093,53.341527]],[[-6.292152,53.341545],[-6.292092,53.341545]],[[-6.292151,53.341563],[-6.292092,53.341545]],[[-6.292113,53.37108],[-6.291963,53.371059]],[[-6.292113,53.37108],[-6.291963,53.371059]],[[-6.292093,53.341527],[-6.292092,53.341545]],[[-6.292093,53.341527],[-6.292004,53.341489]],[[-6.292093,53.341527],[-6.292003,53.341507]],[[-6.292092,53.341545],[-6.292003,53.341507]],[[-6.292004,53.341489],[-6.292003,53.341507]],[[-6.292004,53.341489],[-6.291975,53.341471]],[[-6.292004,53.341489],[-6.291974,53.341489]],[[-6.292003,53.341507],[-6.291974,53.341489]],[[-6.291975,53.341471],[-6.291974,53.341489]],[[-6.291975,53.341471],[-6.291946,53.341435]],[[-6.291975,53.341471],[-6.291945,53.341471]],[[-6.291974,53.341489],[-6.291945,53.341471]],[[-6.291963,53.371059],[-6.291873,53.371058]],[[-6.291963,53.371059],[-6.291575,53.371]],[[-6.291946,53.341435],[-6.291945,53.341471]],[[-6.291946,53.341435],[-6.291918,53.341398]],[[-6.291946,53.341435],[-6.291916,53.341434]],[[-6.291945,53.341471],[-6.291916,53.341434]],[[-6.291943,53.338504],[-6.29164,53.338572]],[[-6.291943,53.338504],[-6.291519,53.338588]],[[-6.291918,53.341398],[-6.291916,53.341434]],[[-6.291918,53.341398],[-6.290786,53.339656]],[[-6.291918,53.341398],[-6.290786,53.339656]],[[-6.291916,53.341434],[-6.290729,53.339584]],[[-6.291883,52.671284],[-6.289113,52.673293]],[[-6.291873,53.347761],[-6.291836,53.347203]],[[-6.291873,53.347761],[-6.291828,53.347401]],[[-6.291873,53.347761],[-6.29181,53.34785]],[[-6.291873,53.347761],[-6.29181,53.34785]],[[-6.291873,53.371058],[-6.291604,53.371018]],[[-6.291873,53.371058],[-6.291604,53.371018]],[[-6.291871,53.703895],[-6.285158,53.702091]],[[-6.291871,53.703895],[-6.272607,53.698639]],[[-6.291837,53.347167],[-6.291836,53.347203]],[[-6.291837,53.347167],[-6.291836,53.347203]],[[-6.291837,53.347167],[-6.291782,53.347041]],[[-6.291837,53.347167],[-6.291231,53.343546]],[[-6.291828,53.347401],[-6.291804,53.347239]],[[-6.291828,53.347401],[-6.29178,53.34785]],[[-6.29181,53.34785],[-6.29178,53.34785]],[[-6.29181,53.34785],[-6.291687,53.34792]],[[-6.291804,53.347239],[-6.291781,53.347077]],[[-6.291804,53.347239],[-6.291776,53.347203]],[[-6.291784,53.346987],[-6.291783,53.347023]],[[-6.291784,53.346987],[-6.291783,53.347023]],[[-6.291784,53.346987],[-6.291231,53.343546]],[[-6.291783,53.347023],[-6.291782,53.347041]],[[-6.291783,53.347023],[-6.291781,53.347059]],[[-6.291782,53.347041],[-6.291781,53.347059]],[[-6.291781,53.347059],[-6.291781,53.347077]],[[-6.291781,53.347077],[-6.291778,53.347149]],[[-6.29178,53.34785],[-6.291749,53.347867]],[[-6.29178,53.34785],[-6.291749,53.347867]],[[-6.291778,53.347149],[-6.291777,53.347167]],[[-6.291778,53.347149],[-6.291006,53.343165]],[[-6.291777,53.347167],[-6.291776,53.347203]],[[-6.291777,53.347167],[-6.291776,53.347203]],[[-6.291749,53.347867],[-6.291718,53.347885]],[[-6.291749,53.347867],[-6.291718,53.347885]],[[-6.291732,53.363308],[-6.291179,53.364379]],[[-6.291732,53.363308],[-6.291084,53.364504]],[[-6.291718,53.347885],[-6.291687,53.34792]],[[-6.291718,53.347885],[-6.291627,53.347919]],[[-6.291687,53.34792],[-6.291627,53.347919]],[[-6.291687,53.34792],[-6.291626,53.347937]],[[-6.29164,53.338572],[-6.291519,53.338588]],[[-6.29164,53.338572],[-6.291183,53.338745]],[[-6.291627,53.347919],[-6.291626,53.347937]],[[-6.291627,53.347919],[-6.291536,53.347936]],[[-6.291626,53.347937],[-6.291536,53.347936]],[[-6.291626,53.347937],[-6.291535,53.347954]],[[-6.291617,53.342904],[-6.291313,53.342989]],[[-6.291617,53.342904],[-6.291253,53.342989]],[[-6.291604,53.371018],[-6.291575,53.371]],[[-6.291604,53.371018],[-6.290977,53.37092]],[[-6.291575,53.371],[-6.291455,53.37098]],[[-6.291575,53.371],[-6.291455,53.37098]],[[-6.291536,53.347936],[-6.291535,53.347954]],[[-6.291536,53.347936],[-6.290695,53.347942]],[[-6.291535,53.347954],[-6.291505,53.347954]],[[-6.291519,53.338588],[-6.291183,53.338745]],[[-6.291519,53.338588],[-6.290874,53.338957]],[[-6.291505,53.347954],[-6.290695,53.347942]],[[-6.291505,53.347954],[-6.290544,53.347958]],[[-6.291455,53.37098],[-6.291306,53.37096]],[[-6.291455,53.37098],[-6.291306,53.37096]],[[-6.291313,53.342989],[-6.291283,53.342989]],[[-6.291306,53.37096],[-6.291187,53.370941]],[[-6.291306,53.37096],[-6.291187,53.370941]],[[-6.291283,53.342989],[-6.291253,53.342989]],[[-6.291283,53.342989],[-6.291253,53.343007]],[[-6.291253,53.342989],[-6.291253,53.343007]],[[-6.291253,53.342989],[-6.291193,53.343006]],[[-6.291253,53.343007],[-6.291193,53.343006]],[[-6.291253,53.343007],[-6.291192,53.343024]],[[-6.291232,53.34351],[-6.291231,53.343546]],[[-6.291232,53.34351],[-6.291204,53.343473]],[[-6.291232,53.34351],[-6.291204,53.343473]],[[-6.291205,53.343455],[-6.291204,53.343473]],[[-6.291205,53.343455],[-6.291175,53.343437]],[[-6.291205,53.343455],[-6.291175,53.343437]],[[-6.291193,53.343006],[-6.291192,53.343024]],[[-6.291193,53.343006],[-6.29107,53.343076]],[[-6.291192,53.343024],[-6.291161,53.343041]],[[-6.291192,53.343024],[-6.291161,53.343041]],[[-6.291187,53.370941],[-6.290977,53.37092]],[[-6.291187,53.370941],[-6.290679,53.370861]],[[-6.291183,53.338745],[-6.290874,53.338957]],[[-6.291183,53.338745],[-6.290809,53.339081]],[[-6.291179,53.364379],[-6.291084,53.364504]],[[-6.291179,53.364379],[-6.290174,53.366198]],[[-6.291176,53.343419],[-6.291175,53.343437]],[[-6.291176,53.343419],[-6.291147,53.343401]],[[-6.291176,53.343419],[-6.291147,53.343401]],[[-6.291161,53.343041],[-6.29113,53.343059]],[[-6.291161,53.343041],[-6.29113,53.343059]],[[-6.291147,53.343401],[-6.291059,53.343327]],[[-6.291147,53.343401],[-6.291059,53.343327]],[[-6.29113,53.343059],[-6.2911,53.343076]],[[-6.29113,53.343059],[-6.2911,53.343076]],[[-6.2911,53.343076],[-6.29107,53.343076]],[[-6.2911,53.343076],[-6.291068,53.343112]],[[-6.291084,53.364504],[-6.290176,53.366144]],[[-6.291084,53.364504],[-6.290176,53.366144]],[[-6.29107,53.343076],[-6.291068,53.343112]],[[-6.29107,53.343076],[-6.291038,53.343111]],[[-6.291068,53.343112],[-6.291038,53.343111]],[[-6.291068,53.343112],[-6.291037,53.343147]],[[-6.291059,53.343327],[-6.291032,53.343273]],[[-6.291059,53.343327],[-6.291032,53.343273]],[[-6.291038,53.343111],[-6.291037,53.343147]],[[-6.291038,53.343111],[-6.291006,53.343165]],[[-6.291037,53.343147],[-6.291036,53.343165]],[[-6.291036,53.343165],[-6.291032,53.343255]],[[-6.291036,53.343165],[-6.291006,53.343165]],[[-6.291032,53.343255],[-6.291032,53.343273]],[[-6.291032,53.343255],[-6.291006,53.343165]],[[-6.290977,53.37092],[-6.290679,53.370861]],[[-6.290977,53.37092],[-6.289724,53.370686],[-6.28863,53.370221]],[[-6.290874,53.338957],[-6.290809,53.339081]],[[-6.290874,53.338957],[-6.290712,53.33926]],[[-6.290809,53.339081],[-6.290777,53.339135]],[[-6.290786,53.339656],[-6.290731,53.33953]],[[-6.290786,53.339656],[-6.290729,53.339584]],[[-6.290777,53.339135],[-6.290732,53.339512]],[[-6.290777,53.339135],[-6.290712,53.33926]],[[-6.290775,53.370719],[-6.290715,53.3707]],[[-6.290775,53.370719],[-6.290715,53.3707]],[[-6.290732,53.339512],[-6.290731,53.33953]],[[-6.290732,53.339512],[-6.290703,53.339475]],[[-6.290731,53.33953],[-6.290729,53.339584]],[[-6.290729,53.339584],[-6.290703,53.339475]],[[-6.290715,53.3707],[-6.289555,53.370396],[-6.288199,53.369747]],[[-6.290712,53.33926],[-6.290703,53.339475]],[[-6.290712,53.33926],[-6.290703,53.339475]],[[-6.290695,53.347942],[-6.290575,53.34794]],[[-6.290679,53.370861],[-6.29044,53.370822]],[[-6.290679,53.370861],[-6.29044,53.370822]],[[-6.290575,53.34794],[-6.290544,53.347958]],[[-6.290575,53.34794],[-6.290274,53.347954]],[[-6.290544,53.347958],[-6.290484,53.347957]],[[-6.290484,53.347957],[-6.290274,53.347954]],[[-6.290484,53.347957],[-6.285292,53.347829]],[[-6.29044,53.370822],[-6.29035,53.370803]],[[-6.29044,53.370822],[-6.29035,53.370803]],[[-6.29035,53.370803],[-6.289993,53.370726]],[[-6.29035,53.370803],[-6.289993,53.370726]],[[-6.290274,53.347954],[-6.289883,53.347966]],[[-6.290274,53.347954],[-6.289883,53.347966]],[[-6.290176,53.366144],[-6.290174,53.366198]],[[-6.290176,53.366144],[-6.290143,53.366216]],[[-6.290174,53.366198],[-6.290143,53.366216]],[[-6.290174,53.366198],[-6.289754,53.366947]],[[-6.290143,53.366216],[-6.289754,53.366947]],[[-6.290143,53.366216],[-6.288783,53.367922]],[[-6.289993,53.370726],[-6.289903,53.370706]],[[-6.289993,53.370726],[-6.289903,53.370706]],[[-6.289903,53.370706],[-6.289666,53.370631]],[[-6.289903,53.370706],[-6.289666,53.370631]],[[-6.289883,53.347966],[-6.289582,53.347962]],[[-6.289823,53.371209],[-6.287318,53.370723]],[[-6.289823,53.371209],[-6.287318,53.370723]],[[-6.289754,53.366947],[-6.289092,53.367711]],[[-6.289754,53.366947],[-6.289092,53.367711]],[[-6.289666,53.370631],[-6.289547,53.370593]],[[-6.289666,53.370631],[-6.289547,53.370593]],[[-6.289582,53.347962],[-6.285292,53.347829]],[[-6.289582,53.347962],[-6.285233,53.34781]],[[-6.289547,53.370593],[-6.289429,53.370556]],[[-6.289547,53.370593],[-6.289429,53.370556]],[[-6.289429,53.370556],[-6.289044,53.370406]],[[-6.289429,53.370556],[-6.289044,53.370406]],[[-6.289113,52.673293],[-6.287435,52.675373],[-6.286047,52.679829],[-6.28478,52.681968],[-6.282476,52.684164],[-6.277506,52.687166],[-6.276221,52.688244],[-6.274603,52.691007],[-6.270294,52.69596],[-6.269019,52.699771],[-6.267006,52.703535],[-6.261489,52.709782],[-6.258796,52.71199],[-6.25661,52.71336],[-6.25229,52.715544],[-6.250148,52.717274],[-6.240298,52.730306],[-6.238701,52.733914],[-6.237392,52.735531],[-6.235199,52.737044],[-6.22628,52.741495],[-6.22497,52.742393],[-6.223521,52.743791],[-6.222351,52.745589],[-6.217578,52.756574],[-6.21561,52.759044],[-6.212625,52.761012],[-6.209271,52.76258],[-6.182593,52.771954],[-6.166956,52.780774],[-6.164203,52.782799],[-6.162357,52.78509],[-6.161667,52.786679],[-6.160501,52.791119]],[[-6.289092,53.367711],[-6.288937,53.367834]],[[-6.289092,53.367711],[-6.288937,53.367834]],[[-6.289044,53.370406],[-6.289015,53.370388]],[[-6.289015,53.370388],[-6.28863,53.370221]],[[-6.289015,53.370388],[-6.287107,53.369246]],[[-6.288937,53.367834],[-6.288783,53.367922]],[[-6.288937,53.367834],[-6.288721,53.367975]],[[-6.288783,53.367922],[-6.288721,53.367975]],[[-6.288783,53.367922],[-6.287711,53.368428],[-6.286315,53.368749]],[[-6.288721,53.367975],[-6.288198,53.368255]],[[-6.288721,53.367975],[-6.288198,53.368255]],[[-6.28863,53.370221],[-6.288278,53.370018]],[[-6.28863,53.370221],[-6.288278,53.370018]],[[-6.288314,53.369857],[-6.288257,53.369802]],[[-6.288314,53.369857],[-6.288257,53.369802]],[[-6.288278,53.370018],[-6.287662,53.369632]],[[-6.288278,53.370018],[-6.287662,53.369632]],[[-6.288257,53.369802],[-6.288199,53.369747]],[[-6.288199,53.369747],[-6.287285,53.369285]],[[-6.288198,53.368255],[-6.287831,53.368412]],[[-6.288198,53.368255],[-6.287831,53.368412]],[[-6.287831,53.368412],[-6.287405,53.368549]],[[-6.287831,53.368412],[-6.287405,53.368549]],[[-6.287662,53.369632],[-6.287107,53.369246]],[[-6.287662,53.369632],[-6.286695,53.369025]],[[-6.287405,53.368549],[-6.286344,53.368786]],[[-6.287405,53.368549],[-6.286284,53.368767]],[[-6.287318,53.370723],[-6.287139,53.370685]],[[-6.287318,53.370723],[-6.286667,53.370462]],[[-6.287285,53.369285],[-6.287197,53.369247]],[[-6.287285,53.369285],[-6.287197,53.369247]],[[-6.287197,53.369247],[-6.287019,53.369191]],[[-6.287139,53.370685],[-6.286667,53.370462]],[[-6.287139,53.370685],[-6.284224,53.369169]],[[-6.287107,53.369246],[-6.287048,53.369209]],[[-6.287107,53.369246],[-6.287048,53.369209]],[[-6.287048,53.369209],[-6.287019,53.369191]],[[-6.287048,53.369209],[-6.286754,53.369043]],[[-6.287019,53.369191],[-6.286961,53.369136]],[[-6.287019,53.369191],[-6.286961,53.369136]],[[-6.286961,53.369136],[-6.286901,53.369117]],[[-6.286901,53.369117],[-6.286754,53.369043]],[[-6.286901,53.369117],[-6.28652,53.368878]],[[-6.286754,53.369043],[-6.286695,53.369025]],[[-6.286754,53.369043],[-6.28652,53.368878]],[[-6.286695,53.369025],[-6.286665,53.369006]],[[-6.286667,53.370462],[-6.284402,53.369243]],[[-6.286667,53.370462],[-6.284402,53.369243]],[[-6.286665,53.369006],[-6.286607,53.368969]],[[-6.286665,53.369006],[-6.286607,53.368969]],[[-6.286607,53.368969],[-6.286314,53.368785]],[[-6.28652,53.368878],[-6.286491,53.36886]],[[-6.286491,53.36886],[-6.286344,53.368786]],[[-6.286491,53.36886],[-6.286315,53.368749]],[[-6.286344,53.368786],[-6.286315,53.368749]],[[-6.286344,53.368786],[-6.286314,53.368785]],[[-6.286315,53.368749],[-6.286227,53.368694]],[[-6.286315,53.368749],[-6.284226,53.369133]],[[-6.286314,53.368785],[-6.286284,53.368767]],[[-6.286314,53.368785],[-6.284284,53.36917]],[[-6.286284,53.368767],[-6.285263,53.367997]],[[-6.286284,53.368767],[-6.284255,53.369151]],[[-6.286227,53.368694],[-6.286081,53.368584]],[[-6.286227,53.368694],[-6.286081,53.368584]],[[-6.286081,53.368584],[-6.286052,53.368566]],[[-6.286052,53.368566],[-6.285993,53.368529]],[[-6.286052,53.368566],[-6.285993,53.368529]],[[-6.285993,53.368529],[-6.285526,53.368181]],[[-6.285993,53.368529],[-6.285526,53.368181]],[[-6.285526,53.368181],[-6.285264,53.367979]],[[-6.285526,53.368181],[-6.285263,53.367997]],[[-6.285292,53.347829],[-6.285233,53.34781]],[[-6.285292,53.347829],[-6.285022,53.347807]],[[-6.285264,53.367979],[-6.285263,53.367997]],[[-6.285264,53.367979],[-6.285002,53.36776]],[[-6.285264,53.367979],[-6.285002,53.36776]],[[-6.285263,53.367997],[-6.284479,53.367321]],[[-6.285233,53.34781],[-6.285202,53.347809]],[[-6.285202,53.347809],[-6.285022,53.347807]],[[-6.285202,53.347809],[-6.284097,53.347668]],[[-6.285158,53.702091],[-6.280214,53.700762]],[[-6.285158,53.702091],[-6.280214,53.700762]],[[-6.285022,53.347807],[-6.284097,53.347668]],[[-6.285022,53.347807],[-6.284007,53.347666]],[[-6.285002,53.36776],[-6.284596,53.367395]],[[-6.285002,53.36776],[-6.284596,53.367395]],[[-6.284596,53.367395],[-6.28448,53.367285]],[[-6.284596,53.367395],[-6.284479,53.367321]],[[-6.28448,53.367285],[-6.284479,53.367321]],[[-6.28448,53.367285],[-6.284451,53.367267]],[[-6.284479,53.367321],[-6.283959,53.366792]],[[-6.284451,53.367267],[-6.284307,53.367121]],[[-6.284451,53.367267],[-6.284307,53.367121]],[[-6.284402,53.369243],[-6.284284,53.36917]],[[-6.284402,53.369243],[-6.284254,53.369169]],[[-6.284307,53.367121],[-6.284191,53.367011]],[[-6.284307,53.367121],[-6.284191,53.367011]],[[-6.284284,53.36917],[-6.284255,53.369151]],[[-6.284284,53.36917],[-6.284254,53.369169]],[[-6.284255,53.369151],[-6.284226,53.369133]],[[-6.284255,53.369151],[-6.284225,53.369151]],[[-6.284254,53.369169],[-6.284224,53.369169]],[[-6.284226,53.369133],[-6.284196,53.369132]],[[-6.284225,53.369151],[-6.284224,53.369169]],[[-6.284225,53.369151],[-6.284196,53.369132]],[[-6.284225,53.369151],[-6.284195,53.36915]],[[-6.284224,53.369169],[-6.284194,53.369168]],[[-6.284196,53.369132],[-6.284166,53.369132]],[[-6.284196,53.369132],[-6.284019,53.36904]],[[-6.284195,53.36915],[-6.284194,53.369168]],[[-6.284195,53.36915],[-6.284136,53.369132]],[[-6.284195,53.36915],[-6.281934,53.369334]],[[-6.284194,53.369168],[-6.281934,53.369334]],[[-6.284191,53.367011],[-6.284104,53.36692]],[[-6.284191,53.367011],[-6.284104,53.36692]],[[-6.284166,53.369132],[-6.284136,53.369132]],[[-6.284166,53.369132],[-6.284019,53.36904]],[[-6.284136,53.369132],[-6.282835,53.369329],[-6.281216,53.369233]],[[-6.284136,53.369132],[-6.280249,53.367134],[-6.277608,53.366287]],[[-6.284104,53.36692],[-6.283959,53.366792]],[[-6.284104,53.36692],[-6.283903,53.366701]],[[-6.284097,53.347668],[-6.284007,53.347666]],[[-6.284097,53.347668],[-6.28341,53.34755]],[[-6.284019,53.36904],[-6.281549,53.367692]],[[-6.284019,53.36904],[-6.281549,53.367692]],[[-6.284007,53.347666],[-6.28341,53.34755]],[[-6.284007,53.347666],[-6.282424,53.347428]],[[-6.283959,53.366792],[-6.283903,53.366701]],[[-6.283959,53.366792],[-6.283815,53.366646]],[[-6.283903,53.366701],[-6.283816,53.36661]],[[-6.283903,53.366701],[-6.283815,53.366646]],[[-6.283816,53.36661],[-6.283815,53.366646]],[[-6.283816,53.36661],[-6.28373,53.366519]],[[-6.283816,53.36661],[-6.28373,53.366519]],[[-6.283815,53.366646],[-6.283413,53.366173]],[[-6.28373,53.366519],[-6.283414,53.366155]],[[-6.28373,53.366519],[-6.283413,53.366173]],[[-6.283414,53.366155],[-6.283413,53.366173]],[[-6.283414,53.366155],[-6.283357,53.366082]],[[-6.283414,53.366155],[-6.283356,53.3661]],[[-6.283413,53.366173],[-6.283356,53.3661]],[[-6.28341,53.34755],[-6.282933,53.347471]],[[-6.28341,53.34755],[-6.282933,53.347471]],[[-6.283357,53.366082],[-6.283356,53.3661]],[[-6.283357,53.366082],[-6.283299,53.36601]],[[-6.283357,53.366082],[-6.283299,53.366028]],[[-6.283356,53.3661],[-6.283299,53.366028]],[[-6.283299,53.36601],[-6.283299,53.366028]],[[-6.283299,53.36601],[-6.283242,53.365937]],[[-6.283299,53.36601],[-6.283242,53.365937]],[[-6.283299,53.366028],[-6.283127,53.36581]],[[-6.283242,53.365937],[-6.283127,53.36581]],[[-6.283242,53.365937],[-6.282728,53.365282]],[[-6.283127,53.36581],[-6.28307,53.365737]],[[-6.283127,53.36581],[-6.28307,53.365737]],[[-6.28307,53.365737],[-6.283013,53.365664]],[[-6.28307,53.365737],[-6.283013,53.365664]],[[-6.283013,53.365664],[-6.282956,53.365591]],[[-6.283013,53.365664],[-6.282956,53.365591]],[[-6.282956,53.365591],[-6.282898,53.365519]],[[-6.282956,53.365591],[-6.282898,53.365519]],[[-6.282933,53.347471],[-6.282424,53.347428]],[[-6.282933,53.347471],[-6.280211,53.34718]],[[-6.282898,53.365519],[-6.282841,53.365446]],[[-6.282898,53.365519],[-6.282841,53.365446]],[[-6.282841,53.365446],[-6.282728,53.365282]],[[-6.282841,53.365446],[-6.282583,53.365137]],[[-6.282728,53.365282],[-6.28267,53.36521]],[[-6.282728,53.365282],[-6.28267,53.36521]],[[-6.28267,53.36521],[-6.282642,53.365173]],[[-6.28267,53.36521],[-6.282642,53.365173]],[[-6.282642,53.365173],[-6.282585,53.365101]],[[-6.282642,53.365173],[-6.282583,53.365137]],[[-6.282585,53.365101],[-6.282583,53.365137]],[[-6.282585,53.365101],[-6.282528,53.365028]],[[-6.282585,53.365101],[-6.282526,53.365064]],[[-6.282583,53.365137],[-6.282526,53.365064]],[[-6.282528,53.365028],[-6.282526,53.365064]],[[-6.282528,53.365028],[-6.28247,53.364955]],[[-6.282528,53.365028],[-6.28247,53.364955]],[[-6.282526,53.365064],[-6.281555,53.363809]],[[-6.28247,53.364955],[-6.282413,53.364882]],[[-6.28247,53.364955],[-6.282413,53.364882]],[[-6.282424,53.347428],[-6.28024,53.347199]],[[-6.282424,53.347428],[-6.28024,53.347199]],[[-6.282413,53.364882],[-6.282356,53.36481]],[[-6.282413,53.364882],[-6.282356,53.36481]],[[-6.282356,53.36481],[-6.282299,53.364737]],[[-6.282356,53.36481],[-6.282299,53.364737]],[[-6.282299,53.364737],[-6.282242,53.364664]],[[-6.282299,53.364737],[-6.282242,53.364664]],[[-6.282242,53.364664],[-6.282184,53.364592]],[[-6.282242,53.364664],[-6.282184,53.364592]],[[-6.282184,53.364592],[-6.281984,53.364337]],[[-6.282184,53.364592],[-6.281984,53.364337]],[[-6.281984,53.364337],[-6.281555,53.363809]],[[-6.281984,53.364337],[-6.281499,53.363701]],[[-6.281934,53.369334],[-6.281216,53.369233]],[[-6.281934,53.369334],[-6.280857,53.369192],[-6.279406,53.36865],[-6.276847,53.366528],[-6.275136,53.36573]],[[-6.281555,53.363809],[-6.281499,53.363701]],[[-6.281555,53.363809],[-6.28144,53.363664]],[[-6.281549,53.367692],[-6.280457,53.367191]],[[-6.281549,53.367692],[-6.280457,53.367191]],[[-6.281499,53.363701],[-6.28144,53.363664]],[[-6.281499,53.363701],[-6.281385,53.363555]],[[-6.28144,53.363664],[-6.281383,53.363591]],[[-6.28144,53.363664],[-6.281383,53.363591]],[[-6.281385,53.363555],[-6.281383,53.363591]],[[-6.281385,53.363555],[-6.281327,53.363483]],[[-6.281385,53.363555],[-6.281326,53.363519]],[[-6.281383,53.363591],[-6.281326,53.363519]],[[-6.281327,53.363483],[-6.281326,53.363519]],[[-6.281327,53.363483],[-6.281126,53.363264]],[[-6.281327,53.363483],[-6.280613,53.362574]],[[-6.281326,53.363519],[-6.281126,53.363264]],[[-6.281216,53.369233],[-6.279437,53.368633]],[[-6.281216,53.369233],[-6.279437,53.368633]],[[-6.281126,53.363264],[-6.281069,53.363191]],[[-6.281126,53.363264],[-6.281069,53.363191]],[[-6.281069,53.363191],[-6.280897,53.362973]],[[-6.281069,53.363191],[-6.280897,53.362973]],[[-6.280897,53.362973],[-6.280613,53.362574]],[[-6.280897,53.362973],[-6.280354,53.362282]],[[-6.280613,53.362574],[-6.280556,53.362501]],[[-6.280613,53.362574],[-6.280556,53.362501]],[[-6.280556,53.362501],[-6.280412,53.362337]],[[-6.280556,53.362501],[-6.280412,53.362337]],[[-6.280457,53.367191],[-6.279688,53.366892]],[[-6.280457,53.367191],[-6.279688,53.366892]],[[-6.280412,53.362337],[-6.280354,53.362282]],[[-6.280412,53.362337],[-6.280298,53.362192]],[[-6.280354,53.362282],[-6.280298,53.362192]],[[-6.280354,53.362282],[-6.280183,53.362064]],[[-6.280298,53.362192],[-6.28024,53.362119]],[[-6.280298,53.362192],[-6.28024,53.362119]],[[-6.28024,53.347199],[-6.28021,53.347198]],[[-6.28024,53.362119],[-6.280183,53.362046]],[[-6.28024,53.362119],[-6.280183,53.362064]],[[-6.280214,53.700762],[-6.272607,53.698639]],[[-6.280214,53.700762],[-6.272159,53.698471]],[[-6.280211,53.34718],[-6.28021,53.347198]],[[-6.280211,53.34718],[-6.280151,53.347179]],[[-6.28021,53.347198],[-6.280001,53.347177]],[[-6.280183,53.362046],[-6.280183,53.362064]],[[-6.280183,53.362046],[-6.280126,53.361973]],[[-6.280183,53.362046],[-6.280125,53.361991]],[[-6.280183,53.362064],[-6.280125,53.361991]],[[-6.280151,53.347179],[-6.280001,53.347177]],[[-6.280151,53.347179],[-6.279972,53.347159]],[[-6.280126,53.361973],[-6.280125,53.361991]],[[-6.280126,53.361973],[-6.280069,53.361901]],[[-6.280126,53.361973],[-6.280069,53.361901]],[[-6.280125,53.361991],[-6.280011,53.361846]],[[-6.280069,53.361901],[-6.280012,53.361828]],[[-6.280069,53.361901],[-6.280011,53.361846]],[[-6.280012,53.361828],[-6.280011,53.361846]],[[-6.280012,53.361828],[-6.279954,53.361773]],[[-6.280012,53.361828],[-6.279441,53.361083]],[[-6.280011,53.361846],[-6.279954,53.361773]],[[-6.280001,53.347177],[-6.279971,53.347177]],[[-6.279972,53.347159],[-6.279971,53.347177]],[[-6.279972,53.347159],[-6.279851,53.347157]],[[-6.279971,53.347177],[-6.279581,53.347153]],[[-6.279954,53.361773],[-6.27984,53.361628]],[[-6.279954,53.361773],[-6.27984,53.361628]],[[-6.279851,53.347157],[-6.279581,53.347153]],[[-6.279851,53.347157],[-6.279462,53.347133]],[[-6.27984,53.361628],[-6.279725,53.361482]],[[-6.27984,53.361628],[-6.279725,53.361482]],[[-6.279725,53.361482],[-6.279668,53.361409]],[[-6.279725,53.361482],[-6.279668,53.361409]],[[-6.279688,53.366892],[-6.277758,53.366289]],[[-6.279688,53.366892],[-6.277728,53.366289]],[[-6.279668,53.361409],[-6.279639,53.361373]],[[-6.279668,53.361409],[-6.279639,53.361373]],[[-6.279639,53.361373],[-6.279611,53.361337]],[[-6.279639,53.361373],[-6.279611,53.361337]],[[-6.279611,53.361337],[-6.279582,53.3613]],[[-6.279611,53.361337],[-6.279582,53.3613]],[[-6.279582,53.3613],[-6.279554,53.361264]],[[-6.279582,53.3613],[-6.279554,53.361264]],[[-6.279581,53.347153],[-6.279462,53.347133]],[[-6.279581,53.347153],[-6.278921,53.347144]],[[-6.279554,53.361264],[-6.279525,53.361228]],[[-6.279554,53.361264],[-6.279525,53.361228]],[[-6.279525,53.361228],[-6.279496,53.361191]],[[-6.279525,53.361228],[-6.279496,53.361191]],[[-6.279496,53.361191],[-6.279468,53.361155]],[[-6.279496,53.361191],[-6.279468,53.361155]],[[-6.279468,53.361155],[-6.279439,53.361119]],[[-6.279468,53.361155],[-6.279439,53.361119]],[[-6.279462,53.347133],[-6.279372,53.347132]],[[-6.279441,53.361083],[-6.279439,53.361119]],[[-6.279441,53.361083],[-6.279412,53.361046]],[[-6.279441,53.361083],[-6.279412,53.361046]],[[-6.279439,53.361119],[-6.279325,53.360973]],[[-6.279437,53.368633],[-6.277082,53.366657]],[[-6.279437,53.368633],[-6.277082,53.366657]],[[-6.279412,53.361046],[-6.279384,53.36101]],[[-6.279412,53.361046],[-6.279384,53.36101]],[[-6.279384,53.36101],[-6.279355,53.360974]],[[-6.279384,53.36101],[-6.279355,53.360974]],[[-6.279372,53.347132],[-6.279102,53.347128]],[[-6.279372,53.347132],[-6.279102,53.347128]],[[-6.279355,53.360974],[-6.279325,53.360973]],[[-6.279355,53.360974],[-6.279269,53.360864]],[[-6.279325,53.360973],[-6.279269,53.360864]],[[-6.279325,53.360973],[-6.27924,53.360846]],[[-6.279269,53.360864],[-6.279241,53.36081]],[[-6.279269,53.360864],[-6.27924,53.360846]],[[-6.279241,53.36081],[-6.27924,53.360846]],[[-6.279241,53.36081],[-6.279126,53.360701]],[[-6.279241,53.36081],[-6.278984,53.360483]],[[-6.27924,53.360846],[-6.279126,53.360701]],[[-6.279126,53.360701],[-6.279097,53.360664]],[[-6.279126,53.360701],[-6.279097,53.360664]],[[-6.279102,53.347128],[-6.278951,53.347126]],[[-6.279097,53.360664],[-6.279068,53.360628]],[[-6.279097,53.360664],[-6.279068,53.360628]],[[-6.279068,53.360628],[-6.279011,53.360555]],[[-6.279068,53.360628],[-6.279011,53.360555]],[[-6.279011,53.360555],[-6.278983,53.360519]],[[-6.279011,53.360555],[-6.278983,53.360519]],[[-6.278984,53.360483],[-6.278983,53.360519]],[[-6.278984,53.360483],[-6.278897,53.36041]],[[-6.278984,53.360483],[-6.27887,53.360337]],[[-6.278983,53.360519],[-6.278897,53.36041]],[[-6.278951,53.347126],[-6.278921,53.347144]],[[-6.278951,53.347126],[-6.278711,53.347141]],[[-6.278921,53.347144],[-6.278891,53.347143]],[[-6.278897,53.36041],[-6.27887,53.360337]],[[-6.278897,53.36041],[-6.278811,53.360301]],[[-6.278891,53.347143],[-6.278711,53.347141]],[[-6.278891,53.347143],[-6.27868,53.347158]],[[-6.27887,53.360337],[-6.278811,53.360301]],[[-6.27887,53.360337],[-6.278784,53.360228]],[[-6.278811,53.360301],[-6.278783,53.360264]],[[-6.278811,53.360301],[-6.278783,53.360264]],[[-6.278784,53.360228],[-6.278783,53.360264]],[[-6.278784,53.360228],[-6.278725,53.360191]],[[-6.278784,53.360228],[-6.278698,53.360119]],[[-6.278783,53.360264],[-6.278725,53.360191]],[[-6.278725,53.360191],[-6.278697,53.360155]],[[-6.278725,53.360191],[-6.278697,53.360155]],[[-6.278711,53.347141],[-6.27868,53.347158]],[[-6.278711,53.347141],[-6.27853,53.347156]],[[-6.278698,53.360119],[-6.278697,53.360155]],[[-6.278698,53.360119],[-6.278468,53.359864]],[[-6.278698,53.360119],[-6.278355,53.359683]],[[-6.278697,53.360155],[-6.278468,53.359864]],[[-6.27868,53.347158],[-6.27853,53.347156]],[[-6.27868,53.347158],[-6.278439,53.347173]],[[-6.27853,53.347156],[-6.27844,53.347155]],[[-6.278468,53.359864],[-6.278355,53.359683]],[[-6.278468,53.359864],[-6.278268,53.35961]],[[-6.27844,53.347155],[-6.278439,53.347173]],[[-6.27844,53.347155],[-6.278109,53.34715]],[[-6.278439,53.347173],[-6.278319,53.347171]],[[-6.278355,53.359683],[-6.278327,53.359646]],[[-6.278355,53.359683],[-6.278327,53.359646]],[[-6.278327,53.359646],[-6.278268,53.35961]],[[-6.278327,53.359646],[-6.278155,53.359428]],[[-6.278319,53.347171],[-6.278229,53.34717]],[[-6.278319,53.347171],[-6.278229,53.34717]],[[-6.278268,53.35961],[-6.278155,53.359428]],[[-6.278268,53.35961],[-6.277668,53.358846]],[[-6.278229,53.34717],[-6.278109,53.347168]],[[-6.278155,53.359428],[-6.277668,53.358846]],[[-6.278155,53.359428],[-6.277611,53.358755]],[[-6.278109,53.34715],[-6.278109,53.347168]],[[-6.278109,53.34715],[-6.27727,53.347102]],[[-6.278109,53.347168],[-6.276039,53.347102]],[[-6.277758,53.366289],[-6.277163,53.366155]],[[-6.277758,53.366289],[-6.271641,53.364475],[-6.250832,53.359642]],[[-6.277728,53.366289],[-6.275264,53.365552]],[[-6.277728,53.366289],[-6.275167,53.365713]],[[-6.277668,53.358846],[-6.277611,53.358755]],[[-6.277668,53.358846],[-6.27744,53.358537]],[[-6.277611,53.358755],[-6.277554,53.358683]],[[-6.277611,53.358755],[-6.277554,53.358683]],[[-6.277608,53.366287],[-6.277163,53.366155]],[[-6.277608,53.366287],[-6.275493,53.365825]],[[-6.277554,53.358683],[-6.277526,53.358628]],[[-6.277554,53.358683],[-6.277526,53.358628]],[[-6.277526,53.358628],[-6.277469,53.358555]],[[-6.277526,53.358628],[-6.277469,53.358555]],[[-6.277469,53.358555],[-6.277441,53.358501]],[[-6.277469,53.358555],[-6.27744,53.358537]],[[-6.277441,53.358501],[-6.27744,53.358537]],[[-6.277441,53.358501],[-6.277359,53.358302]],[[-6.277441,53.358501],[-6.277359,53.358302]],[[-6.27744,53.358537],[-6.27733,53.358284]],[[-6.277362,53.356756],[-6.27736,53.356792]],[[-6.277362,53.356756],[-6.277339,53.356576]],[[-6.277362,53.356756],[-6.277333,53.35672]],[[-6.27736,53.356792],[-6.277334,53.358176]],[[-6.27736,53.356792],[-6.277306,53.358122]],[[-6.277359,53.358302],[-6.277334,53.358176]],[[-6.277359,53.358302],[-6.27733,53.358284]],[[-6.277339,53.356576],[-6.277333,53.35672]],[[-6.277339,53.356576],[-6.277312,53.356504]],[[-6.277339,53.356576],[-6.277309,53.356558]],[[-6.277334,53.358176],[-6.27733,53.358284]],[[-6.277334,53.358176],[-6.277305,53.358158]],[[-6.277333,53.35672],[-6.277309,53.356558]],[[-6.277333,53.35672],[-6.277306,53.358122]],[[-6.27733,53.358284],[-6.277305,53.358158]],[[-6.277312,53.356504],[-6.277309,53.356558]],[[-6.277312,53.356504],[-6.277257,53.356359]],[[-6.277312,53.356504],[-6.277257,53.356359]],[[-6.277309,53.356558],[-6.277142,53.356232]],[[-6.277306,53.358122],[-6.277305,53.358158]],[[-6.27727,53.347102],[-6.2764,53.347089]],[[-6.27727,53.347102],[-6.2764,53.347089]],[[-6.277257,53.356359],[-6.277229,53.356323]],[[-6.277257,53.356359],[-6.277229,53.356323]],[[-6.277229,53.356323],[-6.277201,53.356269]],[[-6.277229,53.356323],[-6.277201,53.356269]],[[-6.277201,53.356269],[-6.277142,53.356232]],[[-6.277201,53.356269],[-6.276858,53.355832]],[[-6.277163,53.366155],[-6.275264,53.365552]],[[-6.277163,53.366155],[-6.27499,53.365638]],[[-6.277142,53.356232],[-6.276857,53.355868]],[[-6.277142,53.356232],[-6.276857,53.355868]],[[-6.277082,53.366657],[-6.275493,53.365825]],[[-6.277082,53.366657],[-6.275434,53.365806]],[[-6.276858,53.355832],[-6.276857,53.355868]],[[-6.276858,53.355832],[-6.276801,53.35576]],[[-6.276858,53.355832],[-6.276801,53.35576]],[[-6.276857,53.355868],[-6.276742,53.355723]],[[-6.276801,53.35576],[-6.276744,53.355687]],[[-6.276801,53.35576],[-6.276742,53.355723]],[[-6.276744,53.355687],[-6.276742,53.355723]],[[-6.276744,53.355687],[-6.276686,53.355614]],[[-6.276744,53.355687],[-6.276685,53.35565]],[[-6.276742,53.355723],[-6.276685,53.35565]],[[-6.276686,53.355614],[-6.276685,53.35565]],[[-6.276686,53.355614],[-6.276543,53.35545]],[[-6.276686,53.355614],[-6.276543,53.35545]],[[-6.276685,53.35565],[-6.275396,53.354085],[-6.274864,53.35388]],[[-6.276543,53.35545],[-6.276486,53.355377]],[[-6.276543,53.35545],[-6.276486,53.355377]],[[-6.276486,53.355377],[-6.276429,53.355305]],[[-6.276486,53.355377],[-6.276429,53.355305]],[[-6.276429,53.355305],[-6.276371,53.355232]],[[-6.276429,53.355305],[-6.276371,53.355232]],[[-6.2764,53.347089],[-6.276279,53.347087]],[[-6.276371,53.355232],[-6.276142,53.354959]],[[-6.276371,53.355232],[-6.276142,53.354959]],[[-6.276279,53.347087],[-6.276189,53.347086]],[[-6.276279,53.347087],[-6.276189,53.347086]],[[-6.276279,53.347087],[-6.276159,53.347086]],[[-6.276189,53.347086],[-6.276159,53.347086]],[[-6.276189,53.347086],[-6.276099,53.347085]],[[-6.276159,53.347086],[-6.276099,53.347085]],[[-6.276159,53.347086],[-6.275169,53.347071]],[[-6.276142,53.354959],[-6.276085,53.354886]],[[-6.276142,53.354959],[-6.276085,53.354886]],[[-6.276099,53.347085],[-6.276039,53.347102]],[[-6.276099,53.347085],[-6.276039,53.347102]],[[-6.276085,53.354886],[-6.276028,53.354814]],[[-6.276085,53.354886],[-6.276028,53.354814]],[[-6.276039,53.347102],[-6.275918,53.3471]],[[-6.276039,53.347102],[-6.275918,53.3471]],[[-6.276028,53.354814],[-6.275971,53.354741]],[[-6.276028,53.354814],[-6.275971,53.354741]],[[-6.275971,53.354741],[-6.275192,53.353939]],[[-6.275971,53.354741],[-6.275192,53.353939]],[[-6.275918,53.3471],[-6.275228,53.34709]],[[-6.275918,53.3471],[-6.275228,53.34709]],[[-6.275493,53.365825],[-6.275434,53.365806]],[[-6.275493,53.365825],[-6.275136,53.36573]],[[-6.275434,53.365806],[-6.275167,53.365713]],[[-6.275434,53.365806],[-6.27499,53.365638]],[[-6.275264,53.365552],[-6.271877,53.364569]],[[-6.275264,53.365552],[-6.271877,53.364569]],[[-6.275228,53.34709],[-6.275168,53.347089]],[[-6.275192,53.353939],[-6.274864,53.35388]],[[-6.275192,53.353939],[-6.274834,53.353862]],[[-6.275169,53.347071],[-6.275168,53.347089]],[[-6.275169,53.347071],[-6.275109,53.347071]],[[-6.275168,53.347089],[-6.275018,53.347069]],[[-6.275167,53.365713],[-6.274454,53.365505]],[[-6.275136,53.36573],[-6.274454,53.365505]],[[-6.275109,53.347071],[-6.275018,53.347069]],[[-6.275109,53.347071],[-6.274989,53.347051]],[[-6.275018,53.347069],[-6.274988,53.347069]],[[-6.27499,53.365638],[-6.271743,53.364926],[-6.265141,53.364669]],[[-6.274989,53.347051],[-6.274988,53.347069]],[[-6.274989,53.347051],[-6.274959,53.34705]],[[-6.274988,53.347069],[-6.274869,53.347049]],[[-6.274959,53.34705],[-6.274869,53.347049]],[[-6.274959,53.34705],[-6.27484,53.347031]],[[-6.274869,53.347049],[-6.274839,53.347049]],[[-6.274864,53.35388],[-6.274834,53.353862]],[[-6.274864,53.35388],[-6.274442,53.35391]],[[-6.27484,53.347031],[-6.274839,53.347049]],[[-6.27484,53.347031],[-6.27481,53.34703]],[[-6.274839,53.347049],[-6.274182,53.346949]],[[-6.274834,53.353862],[-6.274714,53.35386]],[[-6.27481,53.34703],[-6.274182,53.346949]],[[-6.27481,53.34703],[-6.274153,53.346931]],[[-6.274714,53.35386],[-6.274442,53.35391]],[[-6.274714,53.35386],[-6.274382,53.353909]],[[-6.274454,53.365505],[-6.271622,53.364942]],[[-6.274454,53.365505],[-6.271622,53.364942]],[[-6.274442,53.35391],[-6.274382,53.353909]],[[-6.274442,53.35391],[-6.274108,53.353995]],[[-6.274382,53.353909],[-6.274321,53.353926]],[[-6.274382,53.353909],[-6.274321,53.353926]],[[-6.274321,53.353926],[-6.274169,53.35396]],[[-6.274321,53.353926],[-6.274169,53.35396]],[[-6.274182,53.346949],[-6.274152,53.346949]],[[-6.274169,53.35396],[-6.274108,53.353995]],[[-6.274169,53.35396],[-6.273926,53.354028]],[[-6.274153,53.346931],[-6.274152,53.346949]],[[-6.274153,53.346931],[-6.274123,53.34693]],[[-6.274152,53.346949],[-6.274033,53.346929]],[[-6.274123,53.34693],[-6.274033,53.346929]],[[-6.274123,53.34693],[-6.274003,53.346911]],[[-6.274108,53.353995],[-6.274047,53.354012]],[[-6.274108,53.353995],[-6.274047,53.354012]],[[-6.274047,53.354012],[-6.273926,53.354028]],[[-6.274047,53.354012],[-6.273562,53.354131]],[[-6.274033,53.346929],[-6.274003,53.346911]],[[-6.274033,53.346929],[-6.273883,53.346909]],[[-6.274003,53.346911],[-6.273973,53.34691]],[[-6.273973,53.34691],[-6.273883,53.346909]],[[-6.273973,53.34691],[-6.273824,53.34689]],[[-6.273926,53.354028],[-6.273835,53.354045]],[[-6.273926,53.354028],[-6.273835,53.354045]],[[-6.273883,53.346909],[-6.273853,53.346909]],[[-6.273853,53.346909],[-6.273824,53.34689]],[[-6.273853,53.346909],[-6.272836,53.346804]],[[-6.273835,53.354045],[-6.273775,53.354062]],[[-6.273835,53.354045],[-6.273775,53.354062]],[[-6.273824,53.34689],[-6.273794,53.34689]],[[-6.273794,53.34689],[-6.272836,53.346804]],[[-6.273794,53.34689],[-6.272747,53.346785]],[[-6.273775,53.354062],[-6.273562,53.354131]],[[-6.273775,53.354062],[-6.273289,53.354181]],[[-6.273562,53.354131],[-6.273501,53.354148]],[[-6.273562,53.354131],[-6.273501,53.354148]],[[-6.273501,53.354148],[-6.273289,53.354181]],[[-6.273501,53.354148],[-6.273228,53.354216]],[[-6.273289,53.354181],[-6.273228,53.354216]],[[-6.273289,53.354181],[-6.272955,53.354266]],[[-6.273228,53.354216],[-6.272955,53.354266]],[[-6.273228,53.354216],[-6.272742,53.354335]],[[-6.272955,53.354266],[-6.272742,53.354335]],[[-6.272955,53.354266],[-6.272318,53.354418]],[[-6.272836,53.346804],[-6.272746,53.346803]],[[-6.272747,53.346785],[-6.272746,53.346803]],[[-6.272747,53.346785],[-6.272627,53.346783]],[[-6.272746,53.346803],[-6.272626,53.346801]],[[-6.272742,53.354335],[-6.272469,53.354403]],[[-6.272742,53.354335],[-6.272469,53.354403]],[[-6.272627,53.346783],[-6.272626,53.346801]],[[-6.272627,53.346783],[-6.272386,53.346797]],[[-6.272626,53.346801],[-6.272536,53.3468]],[[-6.272607,53.698639],[-6.272159,53.698471]],[[-6.272607,53.698639],[-6.270248,53.697814]],[[-6.272536,53.3468],[-6.272386,53.346797]],[[-6.272536,53.3468],[-6.272355,53.346815]],[[-6.272469,53.354403],[-6.272318,53.354418]],[[-6.272469,53.354403],[-6.272287,53.354436]],[[-6.272386,53.346797],[-6.272355,53.346815]],[[-6.272386,53.346797],[-6.270243,53.347036]],[[-6.272355,53.346815],[-6.270243,53.347036]],[[-6.272355,53.346815],[-6.268189,53.34733]],[[-6.272318,53.354418],[-6.272287,53.354436]],[[-6.272318,53.354418],[-6.271958,53.354413]],[[-6.272287,53.354436],[-6.271958,53.354413]],[[-6.272287,53.354436],[-6.271838,53.354393]],[[-6.272159,53.698471],[-6.270248,53.697814]],[[-6.272159,53.698471],[-6.266882,53.696417]],[[-6.271958,53.354413],[-6.271838,53.354393]],[[-6.271958,53.354413],[-6.271662,53.354301]],[[-6.271877,53.364569],[-6.253513,53.360221]],[[-6.271877,53.364569],[-6.253513,53.360221]],[[-6.271838,53.354393],[-6.271662,53.354301]],[[-6.271838,53.354393],[-6.271189,53.354114]],[[-6.271662,53.354301],[-6.271189,53.354114]],[[-6.271662,53.354301],[-6.271012,53.354022]],[[-6.271622,53.364942],[-6.270212,53.364868]],[[-6.271622,53.364942],[-6.270212,53.364868]],[[-6.271189,53.354114],[-6.271012,53.354022]],[[-6.271189,53.354114],[-6.269948,53.353593]],[[-6.271012,53.354022],[-6.270569,53.353836]],[[-6.271012,53.354022],[-6.270569,53.353836]],[[-6.270569,53.353836],[-6.269948,53.353593]],[[-6.270569,53.353836],[-6.26986,53.353538]],[[-6.270248,53.697814],[-6.270188,53.697795]],[[-6.270243,53.347036],[-6.26837,53.347297]],[[-6.270243,53.347036],[-6.26837,53.347297]],[[-6.270212,53.364868],[-6.26535,53.364708]],[[-6.270212,53.364868],[-6.26535,53.364708]],[[-6.270188,53.697795],[-6.266882,53.696417]],[[-6.270188,53.697795],[-6.265098,53.695619],[-6.259654,53.692502],[-6.245199,53.681775],[-6.242605,53.679365]],[[-6.269948,53.353593],[-6.26986,53.353538]],[[-6.269948,53.353593],[-6.269327,53.353332]],[[-6.26986,53.353538],[-6.269683,53.353463]],[[-6.26986,53.353538],[-6.269683,53.353463]],[[-6.269683,53.353463],[-6.269505,53.353389]],[[-6.269683,53.353463],[-6.269505,53.353389]],[[-6.269505,53.353389],[-6.269387,53.353333]],[[-6.269505,53.353389],[-6.269387,53.353333]],[[-6.269387,53.353333],[-6.269327,53.353332]],[[-6.269387,53.353333],[-6.269062,53.353203]],[[-6.269327,53.353332],[-6.26915,53.353258]],[[-6.269327,53.353332],[-6.26915,53.353258]],[[-6.26915,53.353258],[-6.269062,53.353203]],[[-6.26915,53.353258],[-6.269032,53.353202]],[[-6.269062,53.353203],[-6.269032,53.353202]],[[-6.269062,53.353203],[-6.268974,53.353166]],[[-6.269032,53.353202],[-6.268974,53.353166]],[[-6.269032,53.353202],[-6.267764,53.352609]],[[-6.268974,53.353166],[-6.267971,53.352702]],[[-6.268974,53.353166],[-6.267971,53.352702]],[[-6.26837,53.347297],[-6.268249,53.347313]],[[-6.26837,53.347297],[-6.268249,53.347313]],[[-6.268249,53.347313],[-6.268219,53.347312]],[[-6.268219,53.347312],[-6.268189,53.34733]],[[-6.268219,53.347312],[-6.268069,53.347328]],[[-6.268189,53.34733],[-6.268069,53.347328]],[[-6.268189,53.34733],[-6.267586,53.347375]],[[-6.268069,53.347328],[-6.267586,53.347375]],[[-6.268069,53.347328],[-6.264111,53.347882]],[[-6.267971,53.352702],[-6.267942,53.352683]],[[-6.267942,53.352683],[-6.267764,53.352609]],[[-6.267942,53.352683],[-6.267442,53.352406]],[[-6.267764,53.352609],[-6.267706,53.352572]],[[-6.267706,53.352572],[-6.267471,53.352443]],[[-6.267706,53.352572],[-6.267471,53.352443]],[[-6.267586,53.347375],[-6.264111,53.347882]],[[-6.267586,53.347375],[-6.26411,53.3479]],[[-6.267471,53.352443],[-6.267442,53.352406]],[[-6.267471,53.352443],[-6.267001,53.352166]],[[-6.267442,53.352406],[-6.267413,53.352388]],[[-6.267413,53.352388],[-6.267001,53.352166]],[[-6.267413,53.352388],[-6.266679,53.351964]],[[-6.267001,53.352166],[-6.26656,53.351926]],[[-6.267001,53.352166],[-6.26656,53.351926]],[[-6.266882,53.696417],[-6.26258,53.694252]],[[-6.266882,53.696417],[-6.26258,53.694252]],[[-6.266679,53.351964],[-6.266443,53.351852]],[[-6.266679,53.351964],[-6.265153,53.351079],[-6.264551,53.351106]],[[-6.26656,53.351926],[-6.266443,53.351852]],[[-6.26656,53.351926],[-6.266354,53.351815]],[[-6.266443,53.351852],[-6.266354,53.351815]],[[-6.266443,53.351852],[-6.265063,53.351077],[-6.264551,53.351106]],[[-6.266354,53.351815],[-6.265032,53.351095],[-6.264458,53.351159]],[[-6.26535,53.364708],[-6.265141,53.364669]],[[-6.26535,53.364708],[-6.263231,53.364353],[-6.260438,53.363557]],[[-6.265141,53.364669],[-6.263232,53.364335],[-6.260438,53.363557]],[[-6.265141,53.364669],[-6.259964,53.363407]],[[-6.264551,53.351106],[-6.264458,53.351159]],[[-6.264551,53.351106],[-6.264428,53.351158]],[[-6.264458,53.351159],[-6.264428,53.351158]],[[-6.264458,53.351159],[-6.264061,53.351332]],[[-6.264428,53.351158],[-6.264184,53.351262]],[[-6.264428,53.351158],[-6.264184,53.351262]],[[-6.264184,53.351262],[-6.264061,53.351332]],[[-6.264184,53.351262],[-6.263878,53.351402]],[[-6.264111,53.347882],[-6.26411,53.3479]],[[-6.264111,53.347882],[-6.263628,53.347947]],[[-6.26411,53.3479],[-6.263989,53.347916]],[[-6.26411,53.3479],[-6.263989,53.347916]],[[-6.264061,53.351332],[-6.263878,53.351402]],[[-6.264061,53.351332],[-6.263632,53.351542]],[[-6.263989,53.347916],[-6.263898,53.347933]],[[-6.263989,53.347916],[-6.263898,53.347933]],[[-6.263898,53.347933],[-6.263868,53.347932]],[[-6.263878,53.351402],[-6.263755,53.351454]],[[-6.263878,53.351402],[-6.263755,53.351454]],[[-6.263868,53.347932],[-6.263748,53.347948]],[[-6.263868,53.347932],[-6.263748,53.347948]],[[-6.263755,53.351454],[-6.263694,53.351489]],[[-6.263755,53.351454],[-6.263694,53.351489]],[[-6.263748,53.347948],[-6.263628,53.347947]],[[-6.263748,53.347948],[-6.263627,53.347965]],[[-6.263694,53.351489],[-6.263632,53.351542]],[[-6.263694,53.351489],[-6.263387,53.351646]],[[-6.263632,53.351542],[-6.263387,53.351646]],[[-6.263632,53.351542],[-6.263171,53.351787]],[[-6.263628,53.347947],[-6.263627,53.347965]],[[-6.263628,53.347947],[-6.263477,53.347962]],[[-6.263627,53.347965],[-6.263597,53.347964]],[[-6.263597,53.347964],[-6.263477,53.347962]],[[-6.263597,53.347964],[-6.263446,53.34798]],[[-6.263477,53.347962],[-6.263446,53.34798]],[[-6.263477,53.347962],[-6.263326,53.347978]],[[-6.263446,53.34798],[-6.263416,53.34798]],[[-6.263416,53.34798],[-6.263326,53.347978]],[[-6.263416,53.34798],[-6.263295,53.347996]],[[-6.263387,53.351646],[-6.263202,53.351751]],[[-6.263326,53.347978],[-6.263295,53.347996]],[[-6.263326,53.347978],[-6.263205,53.347994]],[[-6.263313,53.335736],[-6.263309,53.335826]],[[-6.263313,53.335736],[-6.263309,53.335826]],[[-6.263313,53.335736],[-6.263291,53.335538]],[[-6.263313,53.335736],[-6.263291,53.335538]],[[-6.263309,53.335826],[-6.263306,53.335898]],[[-6.263309,53.335826],[-6.263306,53.335898]],[[-6.263306,53.335898],[-6.263303,53.335988]],[[-6.263306,53.335898],[-6.263303,53.335988]],[[-6.263303,53.335988],[-6.263271,53.336023]],[[-6.263303,53.335988],[-6.263188,53.336579]],[[-6.263295,53.347996],[-6.263205,53.347994]],[[-6.263295,53.347996],[-6.263174,53.348012]],[[-6.263291,53.335538],[-6.263263,53.335484]],[[-6.263291,53.335538],[-6.263198,53.334872]],[[-6.263271,53.336023],[-6.263263,53.335484]],[[-6.263271,53.336023],[-6.263194,53.336436]],[[-6.263263,53.335484],[-6.263216,53.33516]],[[-6.263263,53.335484],[-6.263216,53.33516]],[[-6.263216,53.33516],[-6.263198,53.334872]],[[-6.263216,53.33516],[-6.263168,53.334853]],[[-6.263205,53.347994],[-6.263175,53.347994]],[[-6.263202,53.351751],[-6.263171,53.351787]],[[-6.263202,53.351751],[-6.262373,53.352189]],[[-6.263198,53.334872],[-6.263173,53.334745]],[[-6.263198,53.334872],[-6.263168,53.334853]],[[-6.263194,53.336436],[-6.263188,53.336579]],[[-6.263194,53.336436],[-6.263124,53.336686]],[[-6.263188,53.336579],[-6.263124,53.336686]],[[-6.263188,53.336579],[-6.263121,53.336758]],[[-6.263175,53.347994],[-6.263174,53.348012]],[[-6.263175,53.347994],[-6.263054,53.34801]],[[-6.263174,53.348012],[-6.263144,53.348012]],[[-6.263173,53.334745],[-6.263169,53.334835]],[[-6.263173,53.334745],[-6.263147,53.334637]],[[-6.263173,53.334745],[-6.263144,53.334727]],[[-6.263171,53.351787],[-6.262986,53.351892]],[[-6.263171,53.351787],[-6.262986,53.351892]],[[-6.263169,53.334835],[-6.263168,53.334853]],[[-6.263169,53.334835],[-6.263144,53.334727]],[[-6.263147,53.334637],[-6.263144,53.334709]],[[-6.263147,53.334637],[-6.263121,53.334547]],[[-6.263147,53.334637],[-6.263118,53.334619]],[[-6.263144,53.334709],[-6.263144,53.334727]],[[-6.263144,53.334709],[-6.263118,53.334619]],[[-6.263144,53.348012],[-6.263054,53.34801]],[[-6.263144,53.348012],[-6.263053,53.348028]],[[-6.263124,53.336686],[-6.263121,53.336758]],[[-6.263124,53.336686],[-6.262894,53.337168]],[[-6.263121,53.334547],[-6.263118,53.334619]],[[-6.263121,53.334547],[-6.263094,53.334475]],[[-6.263121,53.334547],[-6.263091,53.334547]],[[-6.263121,53.336758],[-6.262894,53.337168]],[[-6.263121,53.336758],[-6.262827,53.337347]],[[-6.263118,53.334619],[-6.263091,53.334547]],[[-6.263094,53.334475],[-6.263092,53.334529]],[[-6.263094,53.334475],[-6.263067,53.334402]],[[-6.263094,53.334475],[-6.263064,53.334456]],[[-6.263092,53.334529],[-6.263091,53.334547]],[[-6.263092,53.334529],[-6.263064,53.334456]],[[-6.263067,53.334402],[-6.263064,53.334456]],[[-6.263067,53.334402],[-6.26304,53.33433]],[[-6.263067,53.334402],[-6.263037,53.334384]],[[-6.263064,53.334456],[-6.263037,53.334384]],[[-6.263054,53.34801],[-6.263053,53.348028]],[[-6.263054,53.34801],[-6.262933,53.348026]],[[-6.263053,53.348028],[-6.263023,53.348028]],[[-6.26304,53.33433],[-6.263037,53.334384]],[[-6.26304,53.33433],[-6.263012,53.334276]],[[-6.26304,53.33433],[-6.26301,53.334312]],[[-6.263037,53.334384],[-6.26301,53.334312]],[[-6.263023,53.348028],[-6.262933,53.348026]],[[-6.263023,53.348028],[-6.262933,53.348044]],[[-6.263012,53.334276],[-6.26301,53.334312]],[[-6.263012,53.334276],[-6.262985,53.334203]],[[-6.263012,53.334276],[-6.262982,53.334257]],[[-6.26301,53.334312],[-6.262982,53.334257]],[[-6.262986,53.351892],[-6.262802,53.351997]],[[-6.262986,53.351892],[-6.262802,53.351997]],[[-6.262985,53.334203],[-6.262982,53.334257]],[[-6.262985,53.334203],[-6.262957,53.334149]],[[-6.262985,53.334203],[-6.262955,53.334203]],[[-6.262982,53.334257],[-6.262955,53.334203]],[[-6.262957,53.334149],[-6.262955,53.334185]],[[-6.262957,53.334149],[-6.26293,53.334077]],[[-6.262957,53.334149],[-6.262928,53.334131]],[[-6.262955,53.334185],[-6.262955,53.334203]],[[-6.262955,53.334185],[-6.262928,53.334131]],[[-6.262933,53.348026],[-6.262933,53.348044]],[[-6.262933,53.348026],[-6.262148,53.348123]],[[-6.262933,53.348044],[-6.262903,53.348044]],[[-6.26293,53.334077],[-6.262928,53.334131]],[[-6.26293,53.334077],[-6.2629,53.334076]],[[-6.26293,53.334077],[-6.262408,53.332883]],[[-6.262928,53.334131],[-6.2629,53.334076]],[[-6.262903,53.348044],[-6.262148,53.348123]],[[-6.262903,53.348044],[-6.262148,53.348141]],[[-6.2629,53.334058],[-6.2629,53.334076]],[[-6.2629,53.334058],[-6.262408,53.332883]],[[-6.2629,53.334058],[-6.262318,53.332864]],[[-6.262894,53.337168],[-6.262827,53.337347]],[[-6.262894,53.337168],[-6.262765,53.337382]],[[-6.262827,53.337347],[-6.262795,53.337382]],[[-6.262827,53.337347],[-6.262795,53.337382]],[[-6.262802,53.351997],[-6.262373,53.352189]],[[-6.262802,53.351997],[-6.262189,53.352294]],[[-6.262795,53.337382],[-6.262765,53.337382]],[[-6.262795,53.337382],[-6.262732,53.337471]],[[-6.262765,53.337382],[-6.262765,53.3374]],[[-6.262765,53.3374],[-6.262733,53.337436]],[[-6.262765,53.3374],[-6.262733,53.337436]],[[-6.262733,53.337436],[-6.262732,53.337471]],[[-6.262733,53.337436],[-6.262702,53.337471]],[[-6.262732,53.337471],[-6.262702,53.337471]],[[-6.262732,53.337471],[-6.2627,53.337507]],[[-6.262702,53.337471],[-6.2627,53.337507]],[[-6.262702,53.337471],[-6.26267,53.337507]],[[-6.2627,53.337507],[-6.26267,53.337507]],[[-6.2627,53.337507],[-6.262669,53.337524]],[[-6.26267,53.337507],[-6.262669,53.337524]],[[-6.26267,53.337507],[-6.262639,53.337524]],[[-6.262669,53.337524],[-6.262639,53.337524]],[[-6.262669,53.337524],[-6.262638,53.33756]],[[-6.262639,53.337524],[-6.262638,53.33756]],[[-6.262639,53.337524],[-6.262608,53.33756]],[[-6.262638,53.33756],[-6.262608,53.33756]],[[-6.262638,53.33756],[-6.262451,53.337719]],[[-6.262608,53.33756],[-6.262451,53.337719]],[[-6.262608,53.33756],[-6.262421,53.337719]],[[-6.26258,53.694252],[-6.259567,53.692393]],[[-6.26258,53.694252],[-6.259567,53.692393]],[[-6.262451,53.337719],[-6.262421,53.337719]],[[-6.262451,53.337719],[-6.262421,53.337737]],[[-6.262421,53.337719],[-6.262421,53.337737]],[[-6.262421,53.337719],[-6.262391,53.337736]],[[-6.262421,53.337737],[-6.262391,53.337736]],[[-6.262421,53.337737],[-6.261946,53.338323]],[[-6.262408,53.332883],[-6.262319,53.332846]],[[-6.262408,53.332883],[-6.262318,53.332864]],[[-6.262391,53.337736],[-6.261884,53.338376]],[[-6.262391,53.337736],[-6.261759,53.3385]],[[-6.262373,53.352189],[-6.262312,53.352224]],[[-6.262319,53.332846],[-6.262318,53.332864]],[[-6.262319,53.332846],[-6.26229,53.332827]],[[-6.262319,53.332846],[-6.26229,53.332827]],[[-6.262318,53.332864],[-6.26208,53.332806]],[[-6.262312,53.352224],[-6.262189,53.352294]],[[-6.262312,53.352224],[-6.261976,53.352363]],[[-6.26229,53.332827],[-6.26223,53.332808]],[[-6.26229,53.332827],[-6.26223,53.332808]],[[-6.26223,53.332808],[-6.2622,53.332808]],[[-6.2622,53.332808],[-6.26208,53.332806]],[[-6.2622,53.332808],[-6.261089,53.33281]],[[-6.262189,53.352294],[-6.262066,53.352364]],[[-6.262148,53.348123],[-6.262148,53.348141]],[[-6.262148,53.348123],[-6.262028,53.348139]],[[-6.262148,53.348141],[-6.262118,53.34814]],[[-6.262118,53.34814],[-6.262028,53.348139]],[[-6.262118,53.34814],[-6.261997,53.348157]],[[-6.26208,53.332806],[-6.26196,53.332804]],[[-6.262066,53.352364],[-6.262036,53.352364]],[[-6.262066,53.352364],[-6.261057,53.352799]],[[-6.262036,53.352364],[-6.261976,53.352363]],[[-6.262036,53.352364],[-6.261056,53.352817]],[[-6.262028,53.348139],[-6.261997,53.348139]],[[-6.261997,53.348139],[-6.261997,53.348157]],[[-6.261997,53.348139],[-6.261877,53.348155]],[[-6.261997,53.348157],[-6.261967,53.348156]],[[-6.261976,53.352363],[-6.261643,53.35243],[-6.26135,53.352228]],[[-6.261967,53.348156],[-6.261877,53.348155]],[[-6.261967,53.348156],[-6.261816,53.348172]],[[-6.26196,53.332804],[-6.261479,53.332815]],[[-6.26196,53.332804],[-6.261479,53.332815]],[[-6.261946,53.338323],[-6.261884,53.338376]],[[-6.261946,53.338323],[-6.261566,53.338821]],[[-6.261884,53.338376],[-6.261852,53.338411]],[[-6.261884,53.338376],[-6.261852,53.338411]],[[-6.261877,53.348155],[-6.261847,53.348154]],[[-6.261852,53.338411],[-6.261821,53.338447]],[[-6.261852,53.338411],[-6.261821,53.338447]],[[-6.261847,53.348154],[-6.261816,53.348172]],[[-6.261847,53.348154],[-6.261696,53.34817]],[[-6.261821,53.338447],[-6.261759,53.3385]],[[-6.261821,53.338447],[-6.261631,53.338678]],[[-6.261816,53.348172],[-6.261696,53.34817]],[[-6.261816,53.348172],[-6.261303,53.348218]],[[-6.261759,53.3385],[-6.261664,53.338624]],[[-6.261696,53.34817],[-6.261303,53.348218]],[[-6.261696,53.34817],[-6.260067,53.348326]],[[-6.261664,53.338624],[-6.261631,53.338678]],[[-6.261664,53.338624],[-6.26163,53.338714]],[[-6.261631,53.338678],[-6.26163,53.338714]],[[-6.261631,53.338678],[-6.261156,53.339282]],[[-6.26163,53.338714],[-6.261598,53.338749]],[[-6.26163,53.338714],[-6.261598,53.338749]],[[-6.261598,53.338749],[-6.261566,53.338821]],[[-6.261598,53.338749],[-6.261156,53.339282]],[[-6.261566,53.338821],[-6.260965,53.339549]],[[-6.261479,53.332815],[-6.261089,53.33281]],[[-6.261479,53.332815],[-6.260818,53.332824]],[[-6.261378,53.3523],[-6.261351,53.35221]],[[-6.261378,53.3523],[-6.26135,53.352228]],[[-6.261378,53.3523],[-6.26118,53.352729]],[[-6.261351,53.35221],[-6.26135,53.352228]],[[-6.261351,53.35221],[-6.259734,53.348393]],[[-6.261303,53.348218],[-6.259976,53.348343]],[[-6.261303,53.348218],[-6.259795,53.348376]],[[-6.26118,53.352729],[-6.261057,53.352799]],[[-6.26118,53.352729],[-6.261056,53.352817]],[[-6.261156,53.339282],[-6.26103,53.339442]],[[-6.261156,53.339282],[-6.26103,53.339442]],[[-6.261089,53.33281],[-6.260818,53.332824]],[[-6.261089,53.33281],[-6.260789,53.332805]],[[-6.261057,53.352799],[-6.261056,53.352817]],[[-6.261056,53.352817],[-6.260903,53.352886]],[[-6.26103,53.339442],[-6.260965,53.339549]],[[-6.26103,53.339442],[-6.260535,53.339794]],[[-6.260965,53.339549],[-6.260535,53.339794]],[[-6.260965,53.339549],[-6.260474,53.339811]],[[-6.260903,53.352886],[-6.260872,53.352904]],[[-6.260903,53.352886],[-6.260872,53.352904]],[[-6.260872,53.352904],[-6.260168,53.353217]],[[-6.260818,53.332824],[-6.260789,53.332805]],[[-6.260818,53.332824],[-6.260699,53.332804]],[[-6.260789,53.332805],[-6.2607,53.332786]],[[-6.260789,53.332805],[-6.260699,53.332804]],[[-6.2607,53.332786],[-6.260699,53.332804]],[[-6.2607,53.332786],[-6.260641,53.332767]],[[-6.2607,53.332786],[-6.26064,53.332785]],[[-6.260699,53.332804],[-6.26064,53.332785]],[[-6.260641,53.332767],[-6.26064,53.332785]],[[-6.260641,53.332767],[-6.260611,53.332749]],[[-6.260641,53.332767],[-6.260611,53.332749]],[[-6.26064,53.332785],[-6.260493,53.332693]],[[-6.260611,53.332749],[-6.260553,53.332712]],[[-6.260611,53.332749],[-6.260553,53.332712]],[[-6.260553,53.332712],[-6.260523,53.332694]],[[-6.260553,53.332712],[-6.260523,53.332694]],[[-6.260535,53.339794],[-6.260474,53.339811]],[[-6.260535,53.339794],[-6.260445,53.339793]],[[-6.260523,53.332694],[-6.260495,53.332657]],[[-6.260523,53.332694],[-6.260493,53.332693]],[[-6.260495,53.332657],[-6.260493,53.332693]],[[-6.260495,53.332657],[-6.260467,53.332603]],[[-6.260495,53.332657],[-6.260465,53.332657]],[[-6.260493,53.332693],[-6.260465,53.332657]],[[-6.260474,53.339811],[-6.260445,53.339793]],[[-6.260474,53.339811],[-6.260235,53.339772]],[[-6.260467,53.332603],[-6.260465,53.332657]],[[-6.260467,53.332603],[-6.260362,53.332242]],[[-6.260467,53.332603],[-6.260362,53.332242]],[[-6.260465,53.332657],[-6.260332,53.332223]],[[-6.260445,53.339793],[-6.260235,53.339772]],[[-6.260445,53.339793],[-6.260028,53.339697]],[[-6.260438,53.363557],[-6.259964,53.363407]],[[-6.260438,53.363557],[-6.259101,53.363178]],[[-6.260362,53.332242],[-6.260334,53.332187]],[[-6.260362,53.332242],[-6.260332,53.332223]],[[-6.260334,53.332187],[-6.260332,53.332223]],[[-6.260334,53.332187],[-6.260304,53.332187]],[[-6.260334,53.332187],[-6.260277,53.332115]],[[-6.260332,53.332223],[-6.260304,53.332187]],[[-6.260305,53.332169],[-6.260304,53.332187]],[[-6.260305,53.332169],[-6.260276,53.332133]],[[-6.260305,53.332169],[-6.260276,53.332133]],[[-6.260277,53.332115],[-6.260276,53.332133]],[[-6.260277,53.332115],[-6.260248,53.332078]],[[-6.260277,53.332115],[-6.260247,53.332114]],[[-6.260276,53.332133],[-6.260247,53.332114]],[[-6.260248,53.332078],[-6.260247,53.332096]],[[-6.260248,53.332078],[-6.26022,53.332042]],[[-6.260248,53.332078],[-6.260218,53.332078]],[[-6.260247,53.332096],[-6.260247,53.332114]],[[-6.260247,53.332096],[-6.260218,53.332078]],[[-6.260235,53.339772],[-6.260028,53.339697]],[[-6.260235,53.339772],[-6.259967,53.339714]],[[-6.26022,53.332042],[-6.260218,53.332078]],[[-6.26022,53.332042],[-6.26019,53.332024]],[[-6.26022,53.332042],[-6.26019,53.332042]],[[-6.260218,53.332078],[-6.26019,53.332042]],[[-6.26019,53.332024],[-6.26019,53.332042]],[[-6.26019,53.332024],[-6.260161,53.332005]],[[-6.26019,53.332024],[-6.26016,53.332023]],[[-6.26019,53.332042],[-6.26016,53.332023]],[[-6.260168,53.353217],[-6.260138,53.353235]],[[-6.260168,53.353217],[-6.260138,53.353235]],[[-6.260161,53.332005],[-6.26016,53.332023]],[[-6.260161,53.332005],[-6.260131,53.332005]],[[-6.260161,53.332005],[-6.260044,53.331932]],[[-6.26016,53.332023],[-6.260131,53.332005]],[[-6.260138,53.353235],[-6.260107,53.353252]],[[-6.260138,53.353235],[-6.260107,53.353252]],[[-6.260131,53.332005],[-6.260102,53.331986]],[[-6.260131,53.332005],[-6.260102,53.331986]],[[-6.260107,53.353252],[-6.259744,53.353319],[-6.259451,53.353135],[-6.25816,53.350168]],[[-6.260102,53.331986],[-6.260072,53.331968]],[[-6.260102,53.331986],[-6.260072,53.331968]],[[-6.260072,53.331968],[-6.260043,53.33195]],[[-6.260072,53.331968],[-6.260043,53.33195]],[[-6.260067,53.348326],[-6.259976,53.348343]],[[-6.260067,53.348326],[-6.259652,53.348194]],[[-6.260044,53.331932],[-6.260043,53.33195]],[[-6.260044,53.331932],[-6.260015,53.331913]],[[-6.260044,53.331932],[-6.260014,53.331931]],[[-6.260043,53.33195],[-6.260014,53.331931]],[[-6.260028,53.339697],[-6.259731,53.339621]],[[-6.260028,53.339697],[-6.259582,53.339583]],[[-6.260015,53.331913],[-6.260014,53.331931]],[[-6.260015,53.331913],[-6.259985,53.331895]],[[-6.260015,53.331913],[-6.259985,53.331913]],[[-6.260014,53.331931],[-6.259985,53.331913]],[[-6.259985,53.331895],[-6.259985,53.331913]],[[-6.259985,53.331895],[-6.259925,53.331894]],[[-6.259985,53.331895],[-6.259897,53.331857]],[[-6.259985,53.331913],[-6.259925,53.331894]],[[-6.259976,53.348343],[-6.259826,53.348359]],[[-6.259976,53.348343],[-6.259826,53.348359]],[[-6.259967,53.339714],[-6.259908,53.339695]],[[-6.259967,53.339714],[-6.259908,53.339695]],[[-6.259964,53.363407],[-6.259101,53.363178]],[[-6.259964,53.363407],[-6.256724,53.362515]],[[-6.259925,53.331894],[-6.259896,53.331875]],[[-6.259925,53.331894],[-6.259896,53.331875]],[[-6.259908,53.339695],[-6.259879,53.339677]],[[-6.259908,53.339695],[-6.259879,53.339677]],[[-6.259897,53.331857],[-6.259896,53.331875]],[[-6.259897,53.331857],[-6.259837,53.331839]],[[-6.259897,53.331857],[-6.259837,53.331857]],[[-6.259896,53.331875],[-6.259837,53.331857]],[[-6.259879,53.339677],[-6.259849,53.339676]],[[-6.259849,53.339676],[-6.259731,53.339621]],[[-6.259849,53.339676],[-6.259433,53.339563]],[[-6.259837,53.331839],[-6.259837,53.331857]],[[-6.259837,53.331839],[-6.259778,53.33182]],[[-6.259837,53.331839],[-6.259778,53.33182]],[[-6.259837,53.331857],[-6.259098,53.331558],[-6.258824,53.330925]],[[-6.259826,53.348359],[-6.259795,53.348376]],[[-6.259826,53.348359],[-6.259705,53.348357]],[[-6.259795,53.348376],[-6.259765,53.348376]],[[-6.259778,53.33182],[-6.259187,53.331577],[-6.258826,53.330871]],[[-6.259778,53.33182],[-6.259157,53.331577],[-6.258824,53.330925]],[[-6.259765,53.348376],[-6.259735,53.348375]],[[-6.259765,53.348376],[-6.259734,53.348393]],[[-6.259735,53.348375],[-6.259734,53.348393]],[[-6.259735,53.348375],[-6.259705,53.348375]],[[-6.259734,53.348393],[-6.259644,53.348392]],[[-6.259731,53.339621],[-6.259672,53.339602]],[[-6.259731,53.339621],[-6.259672,53.339602]],[[-6.259705,53.348357],[-6.259705,53.348375]],[[-6.259705,53.348357],[-6.259675,53.348374]],[[-6.259705,53.348357],[-6.259652,53.348194]],[[-6.259705,53.348375],[-6.259675,53.348374]],[[-6.259675,53.348374],[-6.259644,53.348392]],[[-6.259675,53.348374],[-6.259524,53.34839]],[[-6.259672,53.339602],[-6.259642,53.339584]],[[-6.259672,53.339602],[-6.259642,53.339584]],[[-6.259653,53.348176],[-6.259652,53.348194]],[[-6.259653,53.348176],[-6.259625,53.348122]],[[-6.259653,53.348176],[-6.259623,53.348158]],[[-6.259652,53.348194],[-6.259623,53.348158]],[[-6.259644,53.348392],[-6.259614,53.348392]],[[-6.259642,53.339584],[-6.259582,53.339583]],[[-6.259625,53.348122],[-6.259623,53.348158]],[[-6.259625,53.348122],[-6.259018,53.346801],[-6.25912,53.345023]],[[-6.259614,53.348392],[-6.259524,53.34839]],[[-6.259614,53.348392],[-6.259493,53.348408]],[[-6.259582,53.339583],[-6.259523,53.339564]],[[-6.259582,53.339583],[-6.259523,53.339564]],[[-6.259567,53.692393],[-6.258508,53.69164]],[[-6.259567,53.692393],[-6.258508,53.69164]],[[-6.259524,53.34839],[-6.259493,53.348408]],[[-6.259524,53.34839],[-6.259403,53.348406]],[[-6.259523,53.339564],[-6.259433,53.339563]],[[-6.259523,53.339564],[-6.258956,53.339466],[-6.25868,53.339605],[-6.25805,53.341807]],[[-6.259493,53.348408],[-6.259403,53.348406]],[[-6.259493,53.348408],[-6.259372,53.348424]],[[-6.259433,53.339563],[-6.259374,53.339544]],[[-6.259433,53.339563],[-6.259374,53.339544]],[[-6.259403,53.348406],[-6.259373,53.348406]],[[-6.259374,53.339544],[-6.258708,53.33966],[-6.258116,53.341665]],[[-6.259374,53.339544],[-6.258986,53.339484],[-6.258678,53.339659],[-6.258116,53.341665]],[[-6.259373,53.348406],[-6.259372,53.348424]],[[-6.259373,53.348406],[-6.259282,53.348423]],[[-6.259372,53.348424],[-6.259342,53.348423]],[[-6.259342,53.348423],[-6.259282,53.348423]],[[-6.259342,53.348423],[-6.259251,53.34844]],[[-6.259303,53.343497],[-6.259239,53.343586]],[[-6.259303,53.343497],[-6.259221,53.343281]],[[-6.259303,53.343497],[-6.259223,53.343982],[-6.25953,53.344543],[-6.259216,53.344898]],[[-6.259303,53.343497],[-6.259135,53.343189],[-6.257944,53.342938]],[[-6.259282,53.348423],[-6.259252,53.348422]],[[-6.259252,53.348422],[-6.259251,53.34844]],[[-6.259252,53.348422],[-6.259161,53.348439]],[[-6.259251,53.34844],[-6.259221,53.34844]],[[-6.259239,53.343586],[-6.259221,53.343281]],[[-6.259239,53.343586],[-6.259203,53.34373]],[[-6.259239,53.343586],[-6.259203,53.34373]],[[-6.259221,53.343281],[-6.258538,53.343091]],[[-6.259221,53.343281],[-6.258538,53.343091]],[[-6.259221,53.34844],[-6.259161,53.348439]],[[-6.259221,53.34844],[-6.259131,53.348456]],[[-6.259218,53.344844],[-6.259216,53.344898]],[[-6.259218,53.344844],[-6.259476,53.344399],[-6.259193,53.343981]],[[-6.259218,53.344844],[-6.259158,53.344844]],[[-6.259216,53.344898],[-6.259151,53.345005]],[[-6.259203,53.34373],[-6.259194,53.343963]],[[-6.259203,53.34373],[-6.259194,53.343963]],[[-6.259194,53.343963],[-6.259193,53.343981]],[[-6.259193,53.343981],[-6.25941,53.344542],[-6.259158,53.344844]],[[-6.259161,53.348439],[-6.259131,53.348438]],[[-6.259158,53.344844],[-6.258663,53.345178],[-6.257203,53.345642]],[[-6.259151,53.345005],[-6.25912,53.345023]],[[-6.259151,53.345005],[-6.25912,53.345023]],[[-6.259131,53.348438],[-6.259131,53.348456]],[[-6.259131,53.348438],[-6.259071,53.348455]],[[-6.259131,53.348456],[-6.259101,53.348456]],[[-6.259101,53.348456],[-6.259071,53.348455]],[[-6.259101,53.348456],[-6.25901,53.348473]],[[-6.259101,53.363178],[-6.258804,53.363102]],[[-6.259071,53.348455],[-6.259041,53.348455]],[[-6.259041,53.348455],[-6.25901,53.348473]],[[-6.259041,53.348455],[-6.25895,53.348472]],[[-6.25901,53.348473],[-6.25895,53.348472]],[[-6.25901,53.348473],[-6.258919,53.348489]],[[-6.25895,53.348472],[-6.25892,53.348471]],[[-6.25892,53.348471],[-6.258919,53.348489]],[[-6.25892,53.348471],[-6.25759,53.348668]],[[-6.258919,53.348489],[-6.258889,53.348489]],[[-6.258889,53.348489],[-6.257316,53.348753]],[[-6.258889,53.348489],[-6.257257,53.348735]],[[-6.258826,53.330871],[-6.258824,53.330925]],[[-6.258826,53.330871],[-6.258767,53.330834]],[[-6.258826,53.330871],[-6.258627,53.330581]],[[-6.258824,53.330925],[-6.258767,53.330834]],[[-6.258804,53.363102],[-6.256813,53.362552]],[[-6.258804,53.363102],[-6.256813,53.362552]],[[-6.258767,53.330834],[-6.258739,53.33078]],[[-6.258767,53.330834],[-6.258739,53.33078]],[[-6.258739,53.33078],[-6.258627,53.330581]],[[-6.258739,53.33078],[-6.256825,53.328379],[-6.255766,53.324912]],[[-6.258627,53.330581],[-6.257191,53.328978],[-6.256477,53.327349]],[[-6.258627,53.330581],[-6.257306,53.329105],[-6.256477,53.327349]],[[-6.258538,53.343091],[-6.258151,53.343013]],[[-6.258538,53.343091],[-6.258151,53.343013]],[[-6.258508,53.69164],[-6.255335,53.689275]],[[-6.258508,53.69164],[-6.255335,53.689275]],[[-6.25816,53.350168],[-6.258132,53.350114]],[[-6.25816,53.350168],[-6.258132,53.350114]],[[-6.258151,53.343013],[-6.257972,53.342975]],[[-6.258151,53.343013],[-6.257972,53.342975]],[[-6.258132,53.350114],[-6.25759,53.348668]],[[-6.258116,53.341665],[-6.25805,53.341807]],[[-6.258116,53.341665],[-6.257944,53.342938]],[[-6.25805,53.341807],[-6.257826,53.342883]],[[-6.25805,53.341807],[-6.257826,53.342883]],[[-6.257972,53.342975],[-6.257944,53.342938]],[[-6.257972,53.342975],[-6.257826,53.342883]],[[-6.257944,53.342938],[-6.257826,53.342883]],[[-6.257596,53.348524],[-6.257594,53.34856]],[[-6.257596,53.348524],[-6.257567,53.348487]],[[-6.257596,53.348524],[-6.257566,53.348505]],[[-6.257594,53.34856],[-6.25759,53.348668]],[[-6.257594,53.34856],[-6.257316,53.348753]],[[-6.25759,53.348668],[-6.257257,53.348735]],[[-6.257568,53.34847],[-6.257567,53.348487]],[[-6.257568,53.34847],[-6.257566,53.348505]],[[-6.257568,53.34847],[-6.257407,53.348]],[[-6.257567,53.348487],[-6.257566,53.348505]],[[-6.257407,53.348],[-6.257261,53.347153]],[[-6.257407,53.348],[-6.257261,53.347153]],[[-6.257316,53.348753],[-6.256984,53.348803]],[[-6.257261,53.347153],[-6.257009,53.345963]],[[-6.257257,53.348735],[-6.257075,53.348768]],[[-6.257257,53.348735],[-6.252928,53.349534],[-6.252426,53.350048]],[[-6.257203,53.345642],[-6.257172,53.345659]],[[-6.257203,53.345642],[-6.257172,53.345659]],[[-6.257172,53.345659],[-6.25698,53.345944]],[[-6.257075,53.348768],[-6.256984,53.348803]],[[-6.257075,53.348768],[-6.255169,53.3491]],[[-6.257009,53.345963],[-6.25698,53.345944]],[[-6.257009,53.345963],[-6.25698,53.345944]],[[-6.256984,53.348803],[-6.255169,53.3491]],[[-6.256813,53.362552],[-6.256724,53.362515]],[[-6.256813,53.362552],[-6.254728,53.36209]],[[-6.256724,53.362515],[-6.254728,53.36209]],[[-6.256724,53.362515],[-6.25455,53.362033],[-6.246466,53.361304],[-6.244496,53.360987],[-6.242456,53.360166],[-6.241013,53.358725]],[[-6.256477,53.327349],[-6.256372,53.326988]],[[-6.256477,53.327349],[-6.256372,53.326988]],[[-6.256372,53.326988],[-6.255766,53.324912]],[[-6.256372,53.326988],[-6.254306,53.31948]],[[-6.255766,53.324912],[-6.254251,53.319353]],[[-6.255766,53.324912],[-6.254196,53.319245]],[[-6.255335,53.689275],[-6.254571,53.688707]],[[-6.255335,53.689275],[-6.254571,53.688707]],[[-6.255169,53.3491],[-6.254896,53.349167]],[[-6.255169,53.3491],[-6.254896,53.349167]],[[-6.254896,53.349167],[-6.254744,53.349201]],[[-6.254896,53.349167],[-6.254744,53.349201]],[[-6.254744,53.349201],[-6.252806,53.349586],[-6.252426,53.350048]],[[-6.254744,53.349201],[-6.252866,53.349587],[-6.252239,53.350225],[-6.251046,53.35001]],[[-6.254728,53.36209],[-6.254339,53.362048]],[[-6.254571,53.688707],[-6.253954,53.688249]],[[-6.254571,53.688707],[-6.253954,53.688249]],[[-6.254511,53.347544],[-6.254509,53.347598]],[[-6.254511,53.347544],[-6.254457,53.347417]],[[-6.254511,53.347544],[-6.254457,53.347417]],[[-6.254511,53.347544],[-6.254579,53.348821],[-6.253723,53.349923]],[[-6.254509,53.347598],[-6.254585,53.348696],[-6.253723,53.349923]],[[-6.254509,53.347598],[-6.253596,53.346416]],[[-6.254509,53.347598],[-6.25452,53.348802],[-6.253414,53.350134]],[[-6.254457,53.347417],[-6.254233,53.347019]],[[-6.254457,53.347417],[-6.253596,53.346416]],[[-6.254339,53.362048],[-6.25413,53.362027]],[[-6.254339,53.362048],[-6.25413,53.362027]],[[-6.254306,53.31948],[-6.254251,53.319353]],[[-6.254306,53.31948],[-6.253153,53.315365]],[[-6.254251,53.319353],[-6.254223,53.319317]],[[-6.254233,53.347019],[-6.251218,53.344332]],[[-6.254223,53.319317],[-6.254196,53.319245]],[[-6.254223,53.319317],[-6.253359,53.316212]],[[-6.254196,53.319245],[-6.253359,53.316212]],[[-6.25413,53.362027],[-6.253411,53.361963]],[[-6.25413,53.362027],[-6.253411,53.361963]],[[-6.253954,53.688249],[-6.253484,53.6879]],[[-6.253954,53.688249],[-6.253484,53.6879]],[[-6.253723,53.349923],[-6.253414,53.350134]],[[-6.253723,53.349923],[-6.250924,53.351518]],[[-6.253596,53.346416],[-6.251218,53.344332]],[[-6.253596,53.346416],[-6.250454,53.343925],[-6.246292,53.342857]],[[-6.253513,53.360221],[-6.250832,53.359642]],[[-6.253513,53.360221],[-6.249523,53.359317],[-6.24728,53.358314]],[[-6.253484,53.6879],[-6.25225,53.686984]],[[-6.253484,53.6879],[-6.25225,53.686984]],[[-6.253414,53.350134],[-6.250433,53.351763]],[[-6.253414,53.350134],[-6.25025,53.351832]],[[-6.253411,53.361963],[-6.253142,53.361941]],[[-6.253411,53.361963],[-6.253142,53.361941]],[[-6.253359,53.316212],[-6.253153,53.315365]],[[-6.253359,53.316212],[-6.252496,53.31309]],[[-6.253153,53.315365],[-6.252496,53.31309]],[[-6.253153,53.315365],[-6.252132,53.3117]],[[-6.253142,53.361941],[-6.252693,53.361898]],[[-6.253142,53.361941],[-6.252693,53.361898]],[[-6.252693,53.361898],[-6.248022,53.36147]],[[-6.252693,53.361898],[-6.248022,53.36147]],[[-6.252496,53.31309],[-6.252132,53.3117]],[[-6.252496,53.31309],[-6.251631,53.309284]],[[-6.252426,53.350048],[-6.25203,53.350186],[-6.251078,53.349956]],[[-6.252426,53.350048],[-6.251939,53.350203],[-6.251077,53.349992]],[[-6.25225,53.686984],[-6.25178,53.686635]],[[-6.252132,53.3117],[-6.251949,53.311051]],[[-6.252132,53.3117],[-6.251949,53.311051]],[[-6.251949,53.311051],[-6.251705,53.309663]],[[-6.251949,53.311051],[-6.251705,53.309663]],[[-6.25178,53.686635],[-6.251075,53.686104]],[[-6.25178,53.686635],[-6.251075,53.686104]],[[-6.251705,53.309663],[-6.251682,53.309501]],[[-6.251682,53.309501],[-6.251631,53.309284]],[[-6.251682,53.309501],[-6.251568,53.308618]],[[-6.251631,53.309284],[-6.251568,53.308618]],[[-6.251631,53.309284],[-6.251517,53.308402]],[[-6.251568,53.308618],[-6.251546,53.30842]],[[-6.251568,53.308618],[-6.251546,53.30842]],[[-6.251546,53.30842],[-6.251517,53.308402]],[[-6.251546,53.30842],[-6.251479,53.307862]],[[-6.251517,53.308402],[-6.251472,53.308024]],[[-6.251517,53.308402],[-6.251472,53.308024]],[[-6.25148,53.307844],[-6.251479,53.307862]],[[-6.25148,53.307844],[-6.25145,53.307825]],[[-6.25148,53.307844],[-6.251368,53.306907]],[[-6.251479,53.307862],[-6.251473,53.308006]],[[-6.251473,53.308006],[-6.251472,53.308024]],[[-6.251473,53.308006],[-6.25145,53.307825]],[[-6.25145,53.307825],[-6.251368,53.306907]],[[-6.25145,53.307825],[-6.251339,53.306871]],[[-6.251368,53.306907],[-6.251339,53.306871]],[[-6.251368,53.306907],[-6.251032,53.304098]],[[-6.251339,53.306871],[-6.251032,53.304098]],[[-6.251339,53.306871],[-6.250737,53.301793]],[[-6.251218,53.344332],[-6.249864,53.343665],[-6.247246,53.343051]],[[-6.251218,53.344332],[-6.249982,53.343721],[-6.245669,53.342687]],[[-6.251078,53.349956],[-6.250989,53.349937]],[[-6.251078,53.349956],[-6.250989,53.349937]],[[-6.251077,53.349992],[-6.250839,53.349935]],[[-6.251077,53.349992],[-6.250837,53.349971]],[[-6.251075,53.686104],[-6.248872,53.684472]],[[-6.251075,53.686104],[-6.248872,53.684472]],[[-6.251046,53.35001],[-6.250897,53.34999]],[[-6.251046,53.35001],[-6.250897,53.34999]],[[-6.251032,53.304098],[-6.250737,53.301793]],[[-6.251032,53.304098],[-6.250563,53.300155]],[[-6.250989,53.349937],[-6.250839,53.349935]],[[-6.250989,53.349937],[-6.250059,53.349906]],[[-6.250924,53.351518],[-6.250433,53.351763]],[[-6.250924,53.351518],[-6.25025,53.351832]],[[-6.250897,53.34999],[-6.250837,53.349971]],[[-6.250897,53.34999],[-6.250372,53.350324]],[[-6.250839,53.349935],[-6.250718,53.349951]],[[-6.250839,53.349935],[-6.250207,53.349944]],[[-6.250837,53.349971],[-6.250807,53.34997]],[[-6.250832,53.359642],[-6.248812,53.359055],[-6.24728,53.358314]],[[-6.250832,53.359642],[-6.248488,53.358907],[-6.244486,53.356852]],[[-6.250807,53.34997],[-6.250718,53.349951]],[[-6.250807,53.34997],[-6.250407,53.350216]],[[-6.250737,53.301793],[-6.250563,53.300155]],[[-6.250737,53.301793],[-6.249876,53.297879]],[[-6.250718,53.349951],[-6.25041,53.350126]],[[-6.250718,53.349951],[-6.250296,53.349981]],[[-6.250563,53.300155],[-6.250389,53.299289]],[[-6.250563,53.300155],[-6.250389,53.299289]],[[-6.250433,53.351763],[-6.249852,53.352024]],[[-6.250433,53.351763],[-6.24976,53.352076]],[[-6.25041,53.350126],[-6.25041,53.350144]],[[-6.25041,53.350126],[-6.250296,53.349981]],[[-6.25041,53.350144],[-6.250407,53.350216]],[[-6.25041,53.350144],[-6.250378,53.35018]],[[-6.250407,53.350216],[-6.250372,53.350324]],[[-6.250407,53.350216],[-6.250343,53.350305]],[[-6.250389,53.299289],[-6.250258,53.29882]],[[-6.250389,53.299289],[-6.250258,53.29882]],[[-6.250378,53.35018],[-6.250377,53.350198]],[[-6.250378,53.35018],[-6.250176,53.349979]],[[-6.250377,53.350198],[-6.250346,53.350233]],[[-6.250377,53.350198],[-6.250343,53.350305]],[[-6.250372,53.350324],[-6.250277,53.350448]],[[-6.250346,53.350233],[-6.250313,53.350305]],[[-6.250346,53.350233],[-6.250313,53.350305]],[[-6.250346,53.350233],[-6.250027,53.349941]],[[-6.250343,53.350305],[-6.250248,53.35043]],[[-6.250313,53.350305],[-6.250248,53.35043]],[[-6.250296,53.349981],[-6.250266,53.349981]],[[-6.250277,53.350448],[-6.250183,53.350537]],[[-6.250277,53.350448],[-6.250149,53.350644],[-6.250183,53.350537]],[[-6.250266,53.349981],[-6.250207,53.349944]],[[-6.250266,53.349981],[-6.250176,53.349979]],[[-6.250258,53.29882],[-6.249876,53.297879]],[[-6.250258,53.29882],[-6.24949,53.297047]],[[-6.25025,53.351832],[-6.249975,53.351954]],[[-6.250248,53.35043],[-6.250183,53.350537]],[[-6.250248,53.35043],[-6.250089,53.350643]],[[-6.250248,53.35043],[-6.249832,53.351053],[-6.250089,53.350643]],[[-6.250207,53.349944],[-6.250177,53.349943]],[[-6.250183,53.350537],[-6.250089,53.350643]],[[-6.250177,53.349943],[-6.250059,53.349906]],[[-6.250177,53.349943],[-6.250028,53.349923]],[[-6.250176,53.349979],[-6.250028,53.349923]],[[-6.250176,53.349979],[-6.250027,53.349941]],[[-6.250059,53.349906],[-6.24917,53.349605],[-6.244855,53.349326]],[[-6.250028,53.349923],[-6.249701,53.349828]],[[-6.250027,53.349941],[-6.249701,53.349828]],[[-6.249975,53.351954],[-6.249852,53.352024]],[[-6.249975,53.351954],[-6.248999,53.352317]],[[-6.249876,53.297879],[-6.24949,53.297047]],[[-6.249876,53.297879],[-6.247873,53.294776]],[[-6.249852,53.352024],[-6.249821,53.352041]],[[-6.249852,53.352024],[-6.249821,53.352041]],[[-6.249821,53.352041],[-6.24976,53.352076]],[[-6.249821,53.352041],[-6.24976,53.352076]],[[-6.24976,53.352076],[-6.249638,53.35211]],[[-6.24976,53.352076],[-6.249638,53.35211]],[[-6.24976,53.352076],[-6.249423,53.352215]],[[-6.249701,53.349828],[-6.249258,53.349642]],[[-6.249701,53.349828],[-6.249258,53.349642]],[[-6.249638,53.35211],[-6.249607,53.352128]],[[-6.249607,53.352128],[-6.249423,53.352215]],[[-6.249607,53.352128],[-6.248694,53.35242]],[[-6.24949,53.297047],[-6.249125,53.296448]],[[-6.24949,53.297047],[-6.249125,53.296448]],[[-6.249423,53.352215],[-6.249241,53.352266]],[[-6.249258,53.349642],[-6.248959,53.34962]],[[-6.249258,53.349642],[-6.248959,53.34962]],[[-6.249241,53.352266],[-6.249119,53.352319]],[[-6.249241,53.352266],[-6.249119,53.352319]],[[-6.249125,53.296448],[-6.24887,53.296067]],[[-6.249125,53.296448],[-6.24887,53.296067]],[[-6.249119,53.352319],[-6.248391,53.352488]],[[-6.249119,53.352319],[-6.246341,53.353374]],[[-6.248999,53.352317],[-6.248694,53.35242]],[[-6.248999,53.352317],[-6.247663,53.352657],[-6.245278,53.353664]],[[-6.248959,53.34962],[-6.245903,53.349413]],[[-6.248959,53.34962],[-6.245903,53.349413]],[[-6.248872,53.684472],[-6.248637,53.684288]],[[-6.248872,53.684472],[-6.248637,53.684288]],[[-6.24887,53.296067],[-6.248757,53.295904]],[[-6.248757,53.295904],[-6.247873,53.294776]],[[-6.248757,53.295904],[-6.247212,53.294065]],[[-6.248694,53.35242],[-6.248391,53.352488]],[[-6.248694,53.35242],[-6.245704,53.353527]],[[-6.248637,53.684288],[-6.248431,53.684142]],[[-6.248431,53.684142],[-6.247727,53.68361]],[[-6.248431,53.684142],[-6.247727,53.68361]],[[-6.248391,53.352488],[-6.245612,53.353579]],[[-6.248022,53.36147],[-6.246466,53.361322]],[[-6.248022,53.36147],[-6.246466,53.361322]],[[-6.247873,53.294776],[-6.247701,53.294576]],[[-6.247873,53.294776],[-6.247701,53.294576]],[[-6.247727,53.68361],[-6.247609,53.683518]],[[-6.247701,53.294576],[-6.247643,53.294521]],[[-6.247701,53.294576],[-6.247643,53.294521]],[[-6.247643,53.294521],[-6.247212,53.294065]],[[-6.247643,53.294521],[-6.245905,53.293003]],[[-6.247609,53.683518],[-6.24664,53.682803]],[[-6.247609,53.683518],[-6.24664,53.682803]],[[-6.24728,53.358314],[-6.245102,53.357203]],[[-6.24728,53.358314],[-6.244485,53.35687]],[[-6.247246,53.343051],[-6.246205,53.342802]],[[-6.247212,53.294065],[-6.24669,53.293626]],[[-6.247212,53.294065],[-6.24669,53.293626]],[[-6.24669,53.293626],[-6.245905,53.293003]],[[-6.24669,53.293626],[-6.245616,53.292747]],[[-6.24664,53.682803],[-6.244556,53.681227]],[[-6.24664,53.682803],[-6.244556,53.681227]],[[-6.246466,53.361322],[-6.244109,53.360892]],[[-6.246466,53.361322],[-6.244109,53.360892]],[[-6.246341,53.353374],[-6.245975,53.353513]],[[-6.246341,53.353374],[-6.245612,53.353579]],[[-6.246292,53.342857],[-6.245669,53.342687]],[[-6.246292,53.342857],[-6.243709,53.342136],[-6.239513,53.340457]],[[-6.246205,53.342802],[-6.245282,53.342591]],[[-6.246205,53.342802],[-6.244779,53.342404]],[[-6.246018,53.353208],[-6.244851,53.35382]],[[-6.245975,53.353513],[-6.245487,53.353685]],[[-6.245975,53.353513],[-6.245424,53.353756]],[[-6.245905,53.293003],[-6.245847,53.292967]],[[-6.245905,53.293003],[-6.245847,53.292967]],[[-6.245903,53.349413],[-6.244855,53.349326]],[[-6.245903,53.349413],[-6.24096,53.349089]],[[-6.245847,53.292967],[-6.245615,53.292765]],[[-6.245847,53.292967],[-6.245615,53.292765]],[[-6.245704,53.353527],[-6.244967,53.353911]],[[-6.245704,53.353527],[-6.244909,53.353857]],[[-6.245704,53.353527],[-6.244656,53.354176]],[[-6.245669,53.342687],[-6.245282,53.342591]],[[-6.245669,53.342687],[-6.241935,53.341445],[-6.237891,53.339714]],[[-6.245616,53.292747],[-6.245615,53.292765]],[[-6.245616,53.292747],[-6.245556,53.292729]],[[-6.245616,53.292747],[-6.242705,53.290565]],[[-6.245615,53.292765],[-6.245556,53.292729]],[[-6.245612,53.353579],[-6.24555,53.353614]],[[-6.245556,53.292729],[-6.245353,53.292564]],[[-6.245556,53.292729],[-6.245353,53.292564]],[[-6.24555,53.353614],[-6.245459,53.353649]],[[-6.24555,53.353614],[-6.245459,53.353649]],[[-6.245487,53.353685],[-6.245365,53.353737]],[[-6.245487,53.353685],[-6.245365,53.353737]],[[-6.245459,53.353649],[-6.245367,53.353684]],[[-6.245459,53.353649],[-6.245367,53.353684]],[[-6.245424,53.353756],[-6.244994,53.354002]],[[-6.245424,53.353756],[-6.244656,53.354176]],[[-6.245367,53.353684],[-6.245029,53.353876]],[[-6.245367,53.353684],[-6.244909,53.353857]],[[-6.245365,53.353737],[-6.245029,53.353876]],[[-6.245365,53.353737],[-6.244597,53.35414]],[[-6.245353,53.292564],[-6.243373,53.291097]],[[-6.245353,53.292564],[-6.243373,53.291097]],[[-6.245282,53.342591],[-6.245223,53.342572]],[[-6.245278,53.353664],[-6.245156,53.353716]],[[-6.245278,53.353664],[-6.245156,53.353716]],[[-6.245223,53.342572],[-6.244779,53.342404]],[[-6.245223,53.342572],[-6.240251,53.340773]],[[-6.24519,53.353609],[-6.244851,53.35382]],[[-6.24519,53.353609],[-6.24381,53.35429]],[[-6.245156,53.353716],[-6.244909,53.353857]],[[-6.245102,53.357203],[-6.244486,53.356852]],[[-6.245102,53.357203],[-6.242379,53.355473]],[[-6.245045,53.353481],[-6.244952,53.353552]],[[-6.245045,53.353481],[-6.244952,53.353552]],[[-6.245029,53.353876],[-6.244967,53.353911]],[[-6.245029,53.353876],[-6.244906,53.353928]],[[-6.244994,53.354002],[-6.244869,53.354108],[-6.244994,53.354002]],[[-6.244967,53.353911],[-6.244906,53.353928]],[[-6.244952,53.353552],[-6.24381,53.35429]],[[-6.244909,53.353857],[-6.244726,53.353944]],[[-6.244909,53.353857],[-6.244726,53.353944]],[[-6.244909,53.353857],[-6.236744,53.358051]],[[-6.244906,53.353928],[-6.244845,53.353964]],[[-6.244865,53.353478],[-6.244989,53.35339],[-6.244865,53.353478]],[[-6.244865,53.353478],[-6.24474,53.353584]],[[-6.244855,53.349326],[-6.241949,53.349139]],[[-6.244855,53.349326],[-6.241949,53.349139]],[[-6.244851,53.35382],[-6.244605,53.35396]],[[-6.244845,53.353964],[-6.244597,53.35414]],[[-6.244845,53.353964],[-6.244568,53.354121]],[[-6.244845,53.353964],[-6.244568,53.354121]],[[-6.244779,53.342404],[-6.244364,53.342272]],[[-6.24474,53.353584],[-6.244617,53.353655]],[[-6.24474,53.353584],[-6.244617,53.353655]],[[-6.244726,53.353944],[-6.243033,53.354926]],[[-6.244656,53.354176],[-6.243942,53.354723],[-6.243552,53.355454],[-6.244077,53.356577]],[[-6.244617,53.353655],[-6.242981,53.354709]],[[-6.244605,53.35396],[-6.244083,53.354222]],[[-6.244605,53.35396],[-6.243836,53.354398]],[[-6.244597,53.35414],[-6.244474,53.35421]],[[-6.244597,53.35414],[-6.244474,53.35421]],[[-6.244568,53.354121],[-6.243033,53.354926]],[[-6.244568,53.354121],[-6.24248,53.355223]],[[-6.244556,53.681227],[-6.244351,53.681062]],[[-6.244556,53.681227],[-6.244351,53.681062]],[[-6.244486,53.356852],[-6.244427,53.356816]],[[-6.244485,53.35687],[-6.244222,53.356687]],[[-6.244485,53.35687],[-6.242176,53.35529]],[[-6.244474,53.35421],[-6.24432,53.354315]],[[-6.244474,53.35421],[-6.24432,53.354315]],[[-6.244427,53.356816],[-6.244222,53.356687]],[[-6.244427,53.356816],[-6.24305,53.355968]],[[-6.244364,53.342272],[-6.241465,53.341187]],[[-6.244364,53.342272],[-6.239633,53.340458]],[[-6.244351,53.681062],[-6.242663,53.679419]],[[-6.244351,53.681062],[-6.242663,53.679419]],[[-6.24432,53.354315],[-6.242264,53.355364]],[[-6.244222,53.356687],[-6.244193,53.356668]],[[-6.244193,53.356668],[-6.244077,53.356577]],[[-6.244193,53.356668],[-6.244077,53.356577]],[[-6.244109,53.360892],[-6.243517,53.360685]],[[-6.244109,53.360892],[-6.243517,53.360685]],[[-6.244083,53.354222],[-6.243533,53.354448]],[[-6.244083,53.354222],[-6.243315,53.354624]],[[-6.243836,53.354398],[-6.243315,53.354624]],[[-6.243836,53.354398],[-6.240765,53.356007]],[[-6.24381,53.35429],[-6.243657,53.354359]],[[-6.24381,53.35429],[-6.243657,53.354359]],[[-6.243657,53.354359],[-6.243533,53.354448]],[[-6.243533,53.354448],[-6.243349,53.354535]],[[-6.243533,53.354448],[-6.243349,53.354535]],[[-6.243517,53.360685],[-6.242838,53.360387]],[[-6.243517,53.360685],[-6.242838,53.360387]],[[-6.243373,53.291097],[-6.242705,53.290565]],[[-6.243373,53.291097],[-6.237643,53.286734]],[[-6.243349,53.354535],[-6.242981,53.354709]],[[-6.243315,53.354624],[-6.242827,53.354815]],[[-6.243315,53.354624],[-6.240123,53.356267]],[[-6.24305,53.355968],[-6.242379,53.355473]],[[-6.24305,53.355968],[-6.242176,53.35529]],[[-6.243033,53.354926],[-6.24248,53.355223]],[[-6.242981,53.354709],[-6.242827,53.354815]],[[-6.242838,53.360387],[-6.242485,53.360202]],[[-6.242827,53.354815],[-6.242674,53.354884]],[[-6.242827,53.354815],[-6.242674,53.354884]],[[-6.242705,53.290565],[-6.24163,53.289723]],[[-6.242705,53.290565],[-6.24163,53.289723]],[[-6.242674,53.354884],[-6.237666,53.357561]],[[-6.242663,53.679419],[-6.242605,53.679365]],[[-6.242663,53.679419],[-6.242374,53.679074]],[[-6.242605,53.679365],[-6.242546,53.67931]],[[-6.242546,53.67931],[-6.242374,53.679074]],[[-6.242546,53.67931],[-6.241313,53.677656],[-6.232135,53.662583]],[[-6.242485,53.360202],[-6.241697,53.359634]],[[-6.242485,53.360202],[-6.241697,53.359634]],[[-6.24248,53.355223],[-6.242387,53.355276]],[[-6.24248,53.355223],[-6.242387,53.355276]],[[-6.242387,53.355276],[-6.242264,53.355364]],[[-6.242387,53.355276],[-6.24205,53.35545]],[[-6.242379,53.355473],[-6.240889,53.354445],[-6.240143,53.353607],[-6.242176,53.35529]],[[-6.242374,53.679074],[-6.241887,53.678419]],[[-6.242374,53.679074],[-6.241887,53.678419]],[[-6.242264,53.355364],[-6.242233,53.355381]],[[-6.242264,53.355364],[-6.242233,53.355381]],[[-6.242233,53.355381],[-6.242048,53.355486]],[[-6.242233,53.355381],[-6.241896,53.355538]],[[-6.242176,53.35529],[-6.240948,53.354463],[-6.239771,53.353152],[-6.239354,53.350881]],[[-6.24205,53.35545],[-6.241897,53.35552]],[[-6.24205,53.35545],[-6.241897,53.35552]],[[-6.242048,53.355486],[-6.241711,53.355643]],[[-6.242048,53.355486],[-6.241648,53.355714]],[[-6.241949,53.349139],[-6.24096,53.349089]],[[-6.241949,53.349139],[-6.240391,53.349026]],[[-6.241897,53.35552],[-6.241896,53.355538]],[[-6.241897,53.35552],[-6.241866,53.355538]],[[-6.241896,53.355538],[-6.241866,53.355538]],[[-6.241896,53.355538],[-6.241803,53.355591]],[[-6.241887,53.678419],[-6.241858,53.678383]],[[-6.241866,53.355538],[-6.241803,53.355591]],[[-6.241866,53.355538],[-6.240765,53.356007]],[[-6.241858,53.678383],[-6.241289,53.677512]],[[-6.241858,53.678383],[-6.241289,53.677512]],[[-6.241803,53.355591],[-6.241711,53.355643]],[[-6.241803,53.355591],[-6.241648,53.355714]],[[-6.241711,53.355643],[-6.241055,53.356245]],[[-6.241711,53.355643],[-6.240182,53.356286]],[[-6.241697,53.359634],[-6.241266,53.35916]],[[-6.241697,53.359634],[-6.241266,53.35916]],[[-6.241648,53.355714],[-6.241555,53.355785]],[[-6.241648,53.355714],[-6.241555,53.355785]],[[-6.24163,53.289723],[-6.237643,53.286734]],[[-6.24163,53.289723],[-6.236887,53.286147],[-6.23545,53.285353]],[[-6.241555,53.355785],[-6.241055,53.356245]],[[-6.241555,53.355785],[-6.240989,53.356405]],[[-6.241465,53.341187],[-6.241289,53.341094]],[[-6.241465,53.341187],[-6.236657,53.339066]],[[-6.241289,53.341094],[-6.241082,53.341001]],[[-6.241289,53.341094],[-6.241082,53.341001]],[[-6.241289,53.677512],[-6.241261,53.677457]],[[-6.241266,53.35916],[-6.241209,53.359087]],[[-6.241266,53.35916],[-6.241209,53.359087]],[[-6.241261,53.677457],[-6.241148,53.677276]],[[-6.241261,53.677457],[-6.241148,53.677276]],[[-6.241209,53.359087],[-6.24118,53.359051]],[[-6.241209,53.359087],[-6.24118,53.359051]],[[-6.24118,53.359051],[-6.240983,53.358724]],[[-6.24118,53.359051],[-6.240983,53.358724]],[[-6.241148,53.677276],[-6.240977,53.677004]],[[-6.241148,53.677276],[-6.240977,53.677004]],[[-6.241082,53.341001],[-6.240964,53.340963]],[[-6.241082,53.341001],[-6.240847,53.340872]],[[-6.241055,53.356245],[-6.240989,53.356405]],[[-6.241055,53.356245],[-6.240959,53.356405]],[[-6.241013,53.358725],[-6.240871,53.358525]],[[-6.241013,53.358725],[-6.240667,53.357659]],[[-6.240989,53.356405],[-6.240959,53.356405]],[[-6.240989,53.356405],[-6.240891,53.356584]],[[-6.240983,53.358724],[-6.240926,53.358652]],[[-6.240983,53.358724],[-6.240926,53.358652]],[[-6.240983,53.358724],[-6.240667,53.357659]],[[-6.240983,53.358724],[-6.240479,53.357836],[-6.239294,53.353792],[-6.238521,53.352846]],[[-6.240977,53.677004],[-6.240637,53.676442]],[[-6.240977,53.677004],[-6.240637,53.676442]],[[-6.240964,53.340963],[-6.240757,53.340871],[-6.240964,53.340963]],[[-6.24096,53.349089],[-6.240391,53.349026]],[[-6.24096,53.349089],[-6.236586,53.34879]],[[-6.240959,53.356405],[-6.240891,53.356584]],[[-6.240959,53.356405],[-6.240761,53.356833]],[[-6.240926,53.358652],[-6.240871,53.358525]],[[-6.240926,53.358652],[-6.240503,53.35798],[-6.239318,53.353918],[-6.238692,53.353082]],[[-6.240891,53.356584],[-6.240719,53.357121]],[[-6.240891,53.356584],[-6.240719,53.357121]],[[-6.240871,53.358525],[-6.240843,53.358489]],[[-6.240843,53.358489],[-6.240641,53.357551]],[[-6.240843,53.358489],[-6.239323,53.35381],[-6.238551,53.352846]],[[-6.240765,53.356007],[-6.240182,53.356286]],[[-6.240765,53.356007],[-6.240123,53.356267]],[[-6.240761,53.356833],[-6.240681,53.3573]],[[-6.240761,53.356833],[-6.240648,53.357389]],[[-6.240719,53.357121],[-6.240717,53.357156]],[[-6.240717,53.357156],[-6.240681,53.3573]],[[-6.240717,53.357156],[-6.240681,53.3573]],[[-6.240681,53.3573],[-6.240681,53.357318]],[[-6.240681,53.3573],[-6.240673,53.357515]],[[-6.240681,53.357318],[-6.240678,53.357372]],[[-6.240681,53.357318],[-6.240678,53.357372]],[[-6.240678,53.357372],[-6.240673,53.357515]],[[-6.240678,53.357372],[-6.240648,53.357389]],[[-6.240673,53.357515],[-6.240668,53.357623]],[[-6.240668,53.357623],[-6.240667,53.357659]],[[-6.240668,53.357623],[-6.240641,53.357551]],[[-6.240648,53.357389],[-6.240641,53.357551]],[[-6.240637,53.676442],[-6.240524,53.67626]],[[-6.240637,53.676442],[-6.240524,53.67626]],[[-6.240524,53.67626],[-6.24041,53.676079]],[[-6.24041,53.676079],[-6.237973,53.672088]],[[-6.24041,53.676079],[-6.237973,53.672088]],[[-6.240391,53.349026],[-6.238355,53.34887]],[[-6.240391,53.349026],[-6.238355,53.34887]],[[-6.240251,53.340773],[-6.239633,53.340458]],[[-6.240251,53.340773],[-6.239513,53.340457]],[[-6.240182,53.356286],[-6.236927,53.357981]],[[-6.240123,53.356267],[-6.237666,53.357561]],[[-6.239633,53.340458],[-6.237568,53.339547]],[[-6.239513,53.340457],[-6.235418,53.338509]],[[-6.238716,53.356138],[-6.239112,53.354562],[-6.238521,53.352846]],[[-6.238716,53.356138],[-6.239082,53.354544],[-6.238491,53.352863]],[[-6.238716,53.356138],[-6.237985,53.357116],[-6.236745,53.358033]],[[-6.238716,53.356138],[-6.237826,53.357312],[-6.236744,53.358051]],[[-6.238692,53.353082],[-6.238551,53.352846]],[[-6.238692,53.353082],[-6.238491,53.352863]],[[-6.238692,53.353082],[-6.239125,53.354239],[-6.239009,53.355585],[-6.238201,53.356975],[-6.237267,53.357753]],[[-6.238551,53.352846],[-6.237886,53.352225]],[[-6.238521,53.352846],[-6.237177,53.351927],[-6.233679,53.351516]],[[-6.238491,53.352863],[-6.237855,53.352261]],[[-6.238355,53.34887],[-6.236586,53.34879]],[[-6.238355,53.34887],[-6.230414,53.348393]],[[-6.237973,53.672088],[-6.236896,53.670329]],[[-6.237973,53.672088],[-6.236896,53.670329]],[[-6.237891,53.339714],[-6.237568,53.339547]],[[-6.237886,53.352225],[-6.236702,53.351794],[-6.233679,53.351516]],[[-6.237886,53.352225],[-6.236764,53.351759],[-6.233202,53.351419],[-6.23338,53.351475]],[[-6.237855,53.352261],[-6.236611,53.351811],[-6.234247,53.351596]],[[-6.237855,53.352261],[-6.23658,53.351846],[-6.234245,53.351632]],[[-6.237666,53.357561],[-6.237267,53.357753]],[[-6.237643,53.286734],[-6.235066,53.285203]],[[-6.237643,53.286734],[-6.235066,53.285203]],[[-6.237568,53.339547],[-6.236657,53.339066]],[[-6.237568,53.339547],[-6.235155,53.338343]],[[-6.237267,53.357753],[-6.236927,53.357981]],[[-6.237267,53.357753],[-6.236745,53.358033]],[[-6.236927,53.357981],[-6.235883,53.358523]],[[-6.236896,53.670329],[-6.236159,53.669132]],[[-6.236896,53.670329],[-6.236159,53.669132]],[[-6.236745,53.358033],[-6.236592,53.358102]],[[-6.236744,53.358051],[-6.233304,53.359851]],[[-6.236657,53.339066],[-6.236008,53.338769]],[[-6.236592,53.358102],[-6.235883,53.358523]],[[-6.236592,53.358102],[-6.233827,53.359553]],[[-6.236586,53.34879],[-6.235626,53.34874]],[[-6.236586,53.34879],[-6.235626,53.34874]],[[-6.236159,53.669132],[-6.236131,53.669077]],[[-6.236131,53.669077],[-6.235366,53.667826]],[[-6.236131,53.669077],[-6.235366,53.667826]],[[-6.236008,53.338769],[-6.235418,53.338509]],[[-6.236008,53.338769],[-6.233865,53.337569]],[[-6.235883,53.358523],[-6.235822,53.358558]],[[-6.235822,53.358558],[-6.235328,53.358874]],[[-6.235822,53.358558],[-6.234716,53.359135]],[[-6.235626,53.34874],[-6.234817,53.348692]],[[-6.235626,53.34874],[-6.234817,53.348692]],[[-6.23545,53.285353],[-6.235066,53.285203]],[[-6.23545,53.285353],[-6.234683,53.285036]],[[-6.235418,53.338509],[-6.235155,53.338343]],[[-6.235366,53.667826],[-6.232986,53.663944]],[[-6.235366,53.667826],[-6.232904,53.663745]],[[-6.235328,53.358874],[-6.235297,53.358892]],[[-6.235328,53.358874],[-6.235267,53.358892]],[[-6.235297,53.358892],[-6.235267,53.358892]],[[-6.235297,53.358892],[-6.235205,53.358945]],[[-6.235267,53.358892],[-6.235205,53.358945]],[[-6.235267,53.358892],[-6.232964,53.360098]],[[-6.235205,53.358945],[-6.233113,53.360118]],[[-6.235155,53.338343],[-6.233865,53.337569]],[[-6.235155,53.338343],[-6.233279,53.337219]],[[-6.235066,53.285203],[-6.234683,53.285036]],[[-6.235066,53.285203],[-6.233974,53.284774]],[[-6.234817,53.348692],[-6.231941,53.348506]],[[-6.234817,53.348692],[-6.231941,53.348506]],[[-6.234716,53.359135],[-6.233827,53.359553]],[[-6.234716,53.359135],[-6.233304,53.359851]],[[-6.234683,53.285036],[-6.233974,53.284774]],[[-6.234683,53.285036],[-6.231573,53.284073]],[[-6.234247,53.351596],[-6.233647,53.351569]],[[-6.234247,53.351596],[-6.23359,53.351496]],[[-6.234245,53.351632],[-6.233647,53.351569]],[[-6.234245,53.351632],[-6.232123,53.351367]],[[-6.233974,53.284774],[-6.231573,53.284073]],[[-6.233974,53.284774],[-6.22952,53.283665],[-6.224925,53.283076]],[[-6.233865,53.337569],[-6.233807,53.337532]],[[-6.233827,53.359553],[-6.233736,53.359588]],[[-6.233807,53.337532],[-6.233279,53.337219]],[[-6.233807,53.337532],[-6.227834,53.333093]],[[-6.233736,53.359588],[-6.232786,53.360023]],[[-6.233736,53.359588],[-6.231432,53.360794]],[[-6.233679,53.351516],[-6.23359,53.351496]],[[-6.233647,53.351569],[-6.232752,53.351412]],[[-6.23359,53.351496],[-6.23338,53.351475]],[[-6.23338,53.351475],[-6.233172,53.351436]],[[-6.233304,53.359851],[-6.23094,53.361075]],[[-6.233304,53.359851],[-6.23094,53.361075]],[[-6.233279,53.337219],[-6.231617,53.336008]],[[-6.233279,53.337219],[-6.231617,53.336008]],[[-6.233172,53.351436],[-6.233142,53.351436]],[[-6.233172,53.351436],[-6.233052,53.351435]],[[-6.233142,53.351436],[-6.233052,53.351435]],[[-6.233142,53.351436],[-6.233052,53.351435]],[[-6.233113,53.360118],[-6.232716,53.360274]],[[-6.233113,53.360118],[-6.232376,53.360503],[-6.232716,53.360274]],[[-6.233052,53.351435],[-6.232752,53.351412]],[[-6.233052,53.351435],[-6.232455,53.351336]],[[-6.233052,53.351435],[-6.228048,53.35039]],[[-6.232986,53.663944],[-6.232904,53.663745]],[[-6.232986,53.663944],[-6.232135,53.662583]],[[-6.232964,53.360098],[-6.232716,53.360274]],[[-6.232964,53.360098],[-6.23238,53.360413]],[[-6.232904,53.663745],[-6.232847,53.663654]],[[-6.232847,53.663654],[-6.232024,53.662348]],[[-6.232847,53.663654],[-6.230636,53.66008]],[[-6.232786,53.360023],[-6.232297,53.360232]],[[-6.232786,53.360023],[-6.231432,53.360794]],[[-6.232752,53.351412],[-6.232662,53.351411]],[[-6.232752,53.351412],[-6.232662,53.351411]],[[-6.232716,53.360274],[-6.23238,53.360413]],[[-6.232662,53.351411],[-6.232123,53.351367]],[[-6.232662,53.351411],[-6.231916,53.351292]],[[-6.232455,53.351336],[-6.232216,53.351296]],[[-6.232455,53.351336],[-6.232216,53.351296]],[[-6.23238,53.360413],[-6.228509,53.362441]],[[-6.232297,53.360232],[-6.232113,53.360319],[-6.232297,53.360232]],[[-6.232216,53.351296],[-6.231739,53.351217]],[[-6.232216,53.351296],[-6.231446,53.351033]],[[-6.232135,53.662583],[-6.232024,53.662348]],[[-6.232135,53.662583],[-6.231994,53.662347]],[[-6.232123,53.351367],[-6.232063,53.351366]],[[-6.232063,53.351366],[-6.231493,53.35134]],[[-6.232063,53.351366],[-6.231105,53.35128]],[[-6.232024,53.662348],[-6.231994,53.662347]],[[-6.232024,53.662348],[-6.231911,53.662166]],[[-6.231994,53.662347],[-6.231911,53.662166]],[[-6.231994,53.662347],[-6.21736,53.638349]],[[-6.231941,53.348506],[-6.230592,53.348432]],[[-6.231916,53.351292],[-6.231617,53.351252]],[[-6.231916,53.351292],[-6.231617,53.351252]],[[-6.231911,53.662166],[-6.231401,53.661332]],[[-6.231911,53.662166],[-6.231401,53.661332]],[[-6.231739,53.351217],[-6.231233,53.351102]],[[-6.231739,53.351217],[-6.228526,53.350451]],[[-6.231617,53.336008],[-6.229347,53.334248]],[[-6.231617,53.336008],[-6.227512,53.332891]],[[-6.231617,53.351252],[-6.227599,53.350347],[-6.228048,53.35039]],[[-6.231573,53.284073],[-6.229074,53.283569]],[[-6.231573,53.284073],[-6.229074,53.283569]],[[-6.231493,53.35134],[-6.231283,53.351336]],[[-6.231493,53.35134],[-6.231283,53.351336]],[[-6.231493,53.35134],[-6.231013,53.351332]],[[-6.231446,53.351033],[-6.231269,53.350941],[-6.231446,53.351033]],[[-6.231432,53.360794],[-6.215952,53.368815]],[[-6.231401,53.661332],[-6.230636,53.66008]],[[-6.231401,53.661332],[-6.230493,53.659881]],[[-6.231355,52.832647],[-6.231298,52.832592]],[[-6.231355,52.832647],[-6.231298,52.832592]],[[-6.231355,52.832647],[-6.232032,52.834239],[-6.232152,52.835679],[-6.231699,52.837326],[-6.231002,52.838413],[-6.22912,52.840146],[-6.218814,52.847489],[-6.215802,52.850715],[-6.214985,52.852519],[-6.21515,52.862247],[-6.215941,52.863985],[-6.218178,52.866643],[-6.219032,52.869011],[-6.21891,52.871257],[-6.218098,52.873672],[-6.218173,52.874751],[-6.218785,52.875767],[-6.223424,52.879306],[-6.225496,52.881692],[-6.228308,52.885618],[-6.229084,52.887715],[-6.229245,52.889605],[-6.228356,52.89245],[-6.225307,52.897222],[-6.223253,52.898756],[-6.218601,52.900538],[-6.216529,52.901783],[-6.214936,52.903647],[-6.214377,52.905652]],[[-6.231298,52.832592],[-6.22968,52.83077],[-6.226113,52.828703],[-6.223928,52.8277],[-6.221024,52.826865],[-6.217779,52.825648],[-6.215568,52.824554],[-6.209586,52.820617],[-6.205949,52.817416],[-6.203203,52.815666],[-6.200838,52.814732],[-6.193511,52.812517],[-6.189272,52.811014],[-6.18285,52.809909],[-6.180829,52.809267],[-6.178792,52.808319],[-6.177175,52.807269],[-6.173823,52.804431],[-6.171829,52.80316],[-6.169095,52.801859],[-6.163627,52.799995],[-6.161971,52.79916],[-6.160061,52.797333],[-6.159496,52.795257]],[[-6.231283,53.351336],[-6.231013,53.351332]],[[-6.231283,53.351336],[-6.229445,53.351471],[-6.226836,53.35136]],[[-6.231013,53.351332],[-6.226869,53.351289]],[[-6.23094,53.361075],[-6.22747,53.362857]],[[-6.23094,53.361075],[-6.225719,53.363783]],[[-6.230636,53.66008],[-6.230493,53.659881]],[[-6.230636,53.66008],[-6.229985,53.65901]],[[-6.230592,53.348432],[-6.230414,53.348393]],[[-6.230592,53.348432],[-6.230233,53.348409],[-6.230414,53.348393]],[[-6.230493,53.659881],[-6.229985,53.65901]],[[-6.229985,53.65901],[-6.229079,53.657523]],[[-6.229985,53.65901],[-6.229079,53.657523]],[[-6.229347,53.334248],[-6.227834,53.333093]],[[-6.229079,53.657523],[-6.229051,53.657469]],[[-6.229074,53.283569],[-6.225404,53.283101]],[[-6.229074,53.283569],[-6.225404,53.283101]],[[-6.229051,53.657469],[-6.227182,53.654421]],[[-6.229051,53.657469],[-6.227182,53.654421]],[[-6.228526,53.350451],[-6.228376,53.35043]],[[-6.228526,53.350451],[-6.228376,53.35043]],[[-6.228509,53.362441],[-6.228355,53.362546]],[[-6.228509,53.362441],[-6.228201,53.362616]],[[-6.228376,53.35043],[-6.228048,53.35039]],[[-6.228355,53.362546],[-6.228293,53.362581]],[[-6.228355,53.362546],[-6.228568,53.362459],[-6.228231,53.362634]],[[-6.228293,53.362581],[-6.228231,53.362634]],[[-6.228293,53.362581],[-6.228201,53.362616]],[[-6.228231,53.362634],[-6.228138,53.362705]],[[-6.228231,53.362634],[-6.228138,53.362705]],[[-6.228201,53.362616],[-6.228048,53.362685]],[[-6.228201,53.362616],[-6.228048,53.362685]],[[-6.228138,53.362705],[-6.22786,53.36288]],[[-6.228048,53.362685],[-6.225719,53.363783]],[[-6.22786,53.36288],[-6.227706,53.362968],[-6.22786,53.36288]],[[-6.227834,53.333093],[-6.227077,53.332507]],[[-6.227834,53.333093],[-6.223612,53.329903]],[[-6.227512,53.332891],[-6.227077,53.332507]],[[-6.227512,53.332891],[-6.223612,53.329903]],[[-6.22747,53.362857],[-6.222095,53.365653]],[[-6.227182,53.654421],[-6.225852,53.652226]],[[-6.227182,53.654421],[-6.225852,53.652226]],[[-6.227077,53.332507],[-6.221285,53.328088]],[[-6.227048,53.35131],[-6.226927,53.351326]],[[-6.227048,53.35131],[-6.227378,53.351314],[-6.226869,53.351289]],[[-6.227048,53.35131],[-6.226598,53.351303]],[[-6.227048,53.35131],[-6.226118,53.351278]],[[-6.226927,53.351326],[-6.226598,53.351303]],[[-6.226927,53.351326],[-6.226597,53.351321]],[[-6.226869,53.351289],[-6.22252,53.351098]],[[-6.226836,53.35136],[-6.226597,53.351321]],[[-6.226836,53.35136],[-6.227104,53.3514],[-6.226177,53.351297]],[[-6.226598,53.351303],[-6.226178,53.351279]],[[-6.226597,53.351321],[-6.226507,53.351319]],[[-6.226507,53.351319],[-6.226178,53.351279]],[[-6.226507,53.351319],[-6.226177,53.351297]],[[-6.226433,52.929347],[-6.226428,52.929473]],[[-6.226433,52.929347],[-6.225912,52.931173]],[[-6.226433,52.929347],[-6.226167,52.927114],[-6.224363,52.923959],[-6.223628,52.921557]],[[-6.226428,52.929473],[-6.225912,52.931173]],[[-6.226428,52.929473],[-6.225842,52.931441]],[[-6.226178,53.351279],[-6.226118,53.351278]],[[-6.226177,53.351297],[-6.225728,53.351272]],[[-6.226118,53.351278],[-6.225728,53.351272]],[[-6.226118,53.351278],[-6.225608,53.351252]],[[-6.225912,52.931173],[-6.225879,52.931262]],[[-6.225879,52.931262],[-6.225842,52.931441]],[[-6.225879,52.931262],[-6.225807,52.931567]],[[-6.225852,53.652226],[-6.22503,53.650902]],[[-6.225852,53.652226],[-6.22503,53.650902]],[[-6.225842,52.931441],[-6.225807,52.931567]],[[-6.225807,52.931567],[-6.224562,52.934353],[-6.22239,52.936531],[-6.218826,52.938545],[-6.215022,52.939873],[-6.212231,52.940442],[-6.206077,52.941014],[-6.192955,52.940977],[-6.190469,52.941353],[-6.188115,52.942144],[-6.18653,52.943037],[-6.182839,52.945893],[-6.177407,52.949099],[-6.173011,52.953113],[-6.171568,52.954169],[-6.169895,52.955006],[-6.13707,52.968627],[-6.13481,52.969939],[-6.117023,52.981794],[-6.109004,52.986035]],[[-6.225728,53.351272],[-6.225638,53.351271]],[[-6.225719,53.363783],[-6.222095,53.365653]],[[-6.225638,53.351271],[-6.225608,53.351252]],[[-6.225638,53.351271],[-6.223088,53.351161]],[[-6.225608,53.351252],[-6.223089,53.351143]],[[-6.225608,53.351252],[-6.2227,53.351119]],[[-6.225404,53.283101],[-6.224925,53.283076]],[[-6.225404,53.283101],[-6.224208,53.283011]],[[-6.22503,53.650902],[-6.224719,53.650376]],[[-6.22503,53.650902],[-6.224719,53.650376]],[[-6.224925,53.283076],[-6.224208,53.283011]],[[-6.224925,53.283076],[-6.222295,53.282857]],[[-6.224719,53.650376],[-6.21736,53.638349]],[[-6.224719,53.650376],[-6.217164,53.637968]],[[-6.224208,53.283011],[-6.222295,53.282857]],[[-6.224208,53.283011],[-6.219585,53.282367]],[[-6.223628,52.921557],[-6.22321,52.920148]],[[-6.223628,52.921557],[-6.22321,52.920148]],[[-6.223612,53.329903],[-6.212581,53.321541]],[[-6.223612,53.329903],[-6.212581,53.321541]],[[-6.22321,52.920148],[-6.222625,52.91845],[-6.221785,52.917179],[-6.22011,52.915967],[-6.218972,52.915429]],[[-6.223089,53.351143],[-6.222789,53.351138]],[[-6.223089,53.351143],[-6.2227,53.351119]],[[-6.223088,53.351161],[-6.222789,53.351138]],[[-6.223088,53.351161],[-6.222699,53.351137]],[[-6.222789,53.351138],[-6.222699,53.351137]],[[-6.222789,53.351138],[-6.22249,53.351098]],[[-6.2227,53.351119],[-6.22252,53.351098]],[[-6.2227,53.351119],[-6.22249,53.351098]],[[-6.222699,53.351137],[-6.22012,53.351027]],[[-6.222699,53.351137],[-6.22012,53.351027]],[[-6.22252,53.351098],[-6.222041,53.351073]],[[-6.22249,53.351098],[-6.221771,53.351051]],[[-6.22249,53.351098],[-6.22168,53.351068]],[[-6.222295,53.282857],[-6.221191,53.282696]],[[-6.222295,53.282857],[-6.221191,53.282696]],[[-6.222095,53.365653],[-6.215952,53.368815]],[[-6.222095,53.365653],[-6.213281,53.370141],[-6.207523,53.371996]],[[-6.222041,53.351073],[-6.221771,53.351051]],[[-6.222041,53.351073],[-6.221622,53.351031]],[[-6.221771,53.351051],[-6.221622,53.351031]],[[-6.221771,53.351051],[-6.221591,53.351049]],[[-6.22168,53.351068],[-6.22159,53.351067]],[[-6.22168,53.351068],[-6.22159,53.351067]],[[-6.221622,53.351031],[-6.221175,53.350935]],[[-6.221622,53.351031],[-6.221175,53.350935]],[[-6.221591,53.351049],[-6.221411,53.351046]],[[-6.221591,53.351049],[-6.221382,53.351027]],[[-6.22159,53.351067],[-6.221411,53.351046]],[[-6.22159,53.351067],[-6.220121,53.350991]],[[-6.221411,53.351046],[-6.221382,53.351027]],[[-6.221411,53.351046],[-6.220121,53.350991]],[[-6.221382,53.351027],[-6.221025,53.350932]],[[-6.221382,53.351027],[-6.221025,53.350932]],[[-6.221285,53.328088],[-6.212466,53.321413],[-6.204962,53.316375]],[[-6.221191,53.282696],[-6.219585,53.282367]],[[-6.221191,53.282696],[-6.218634,53.282155],[-6.213899,53.280628]],[[-6.221175,53.350935],[-6.220677,53.350639]],[[-6.221175,53.350935],[-6.220677,53.350639]],[[-6.221025,53.350932],[-6.220848,53.350858]],[[-6.221025,53.350932],[-6.220848,53.350858]],[[-6.220848,53.350858],[-6.220558,53.350602]],[[-6.220848,53.350858],[-6.220558,53.350602]],[[-6.220677,53.350639],[-6.22062,53.350567]],[[-6.22062,53.350567],[-6.220514,53.350206],[-6.22062,53.350567]],[[-6.220558,53.350602],[-6.220502,53.350511]],[[-6.220502,53.350511],[-6.22045,53.350313],[-6.220502,53.350511]],[[-6.220121,53.350991],[-6.214844,53.35075]],[[-6.220121,53.350991],[-6.214843,53.350768]],[[-6.22012,53.351027],[-6.21961,53.351001]],[[-6.21961,53.351001],[-6.214692,53.350784]],[[-6.21961,53.351001],[-6.214661,53.350801]],[[-6.219585,53.282367],[-6.213899,53.280628]],[[-6.219585,53.282367],[-6.213397,53.280441]],[[-6.218972,52.915429],[-6.21827,52.91513]],[[-6.218972,52.915429],[-6.21827,52.91513]],[[-6.21827,52.91513],[-6.217164,52.914539]],[[-6.21736,53.638349],[-6.215358,53.635623]],[[-6.21736,53.638349],[-6.215358,53.635623]],[[-6.217164,52.914539],[-6.2167,52.914262]],[[-6.217164,52.914539],[-6.2167,52.914262]],[[-6.217164,53.637968],[-6.215476,53.635696],[-6.213848,53.634126]],[[-6.2167,52.914262],[-6.215184,52.912801],[-6.214498,52.911406],[-6.214663,52.908838],[-6.214266,52.906189]],[[-6.215952,53.368815],[-6.212579,53.3704],[-6.207523,53.371996]],[[-6.215952,53.368815],[-6.211878,53.370641],[-6.207463,53.371995]],[[-6.215358,53.635623],[-6.213848,53.634126]],[[-6.215358,53.635623],[-6.213204,53.633631],[-6.21065,53.631795],[-6.20162,53.627238]],[[-6.214844,53.35075],[-6.214753,53.350767]],[[-6.214844,53.35075],[-6.208126,53.35047]],[[-6.214843,53.350768],[-6.214753,53.350767]],[[-6.214843,53.350768],[-6.214723,53.350766]],[[-6.214753,53.350767],[-6.214723,53.350766]],[[-6.214753,53.350767],[-6.214692,53.350784]],[[-6.214723,53.350766],[-6.214662,53.350783]],[[-6.214723,53.350766],[-6.208725,53.350515]],[[-6.214692,53.350784],[-6.214662,53.350783]],[[-6.214662,53.350783],[-6.214661,53.350801]],[[-6.214662,53.350783],[-6.214601,53.3508]],[[-6.214662,53.350783],[-6.210733,53.350617]],[[-6.214661,53.350801],[-6.214601,53.3508]],[[-6.214601,53.3508],[-6.210733,53.350617]],[[-6.214377,52.905652],[-6.214266,52.906189]],[[-6.214377,52.905652],[-6.214266,52.906189]],[[-6.213899,53.280628],[-6.213397,53.280441]],[[-6.213899,53.280628],[-6.210615,53.279536]],[[-6.213848,53.634126],[-6.213702,53.633998]],[[-6.213702,53.633998],[-6.210091,53.631428],[-6.206896,53.629762]],[[-6.213702,53.633998],[-6.210711,53.631778],[-6.206896,53.629762]],[[-6.213397,53.280441],[-6.210615,53.279536]],[[-6.213397,53.280441],[-6.20594,53.27801]],[[-6.212581,53.321541],[-6.211268,53.320622]],[[-6.212581,53.321541],[-6.211268,53.320622]],[[-6.211268,53.320622],[-6.211238,53.320622]],[[-6.211268,53.320622],[-6.21051,53.320089]],[[-6.211238,53.320622],[-6.21051,53.320089]],[[-6.210913,53.263793],[-6.210902,53.264044]],[[-6.210913,53.263793],[-6.210902,53.264044]],[[-6.210913,53.263793],[-6.210863,53.263541]],[[-6.210913,53.263793],[-6.210863,53.263541]],[[-6.210902,53.264044],[-6.210567,53.265603]],[[-6.210902,53.264044],[-6.210567,53.265603]],[[-6.210863,53.263541],[-6.210032,53.262629]],[[-6.210863,53.263541],[-6.210032,53.262629]],[[-6.210733,53.350617],[-6.208725,53.350515]],[[-6.210733,53.350617],[-6.208304,53.350508]],[[-6.210615,53.279536],[-6.205849,53.278026]],[[-6.210615,53.279536],[-6.205762,53.277971]],[[-6.210567,53.265603],[-6.210535,53.265657]],[[-6.210535,53.265657],[-6.209713,53.266669]],[[-6.210535,53.265657],[-6.209462,53.266935]],[[-6.21051,53.320089],[-6.204962,53.316375]],[[-6.21051,53.320089],[-6.195614,53.310247]],[[-6.210032,53.262629],[-6.207049,53.261542]],[[-6.210032,53.262629],[-6.205337,53.260905]],[[-6.209713,53.266669],[-6.209492,53.266935]],[[-6.209713,53.266669],[-6.209492,53.266935]],[[-6.209713,53.266669],[-6.210759,53.265319],[-6.210868,53.263415],[-6.210004,53.262575],[-6.207346,53.261618]],[[-6.209492,53.266935],[-6.209462,53.266935]],[[-6.209492,53.266935],[-6.208499,53.26773],[-6.206044,53.268376]],[[-6.209462,53.266935],[-6.20841,53.267728]],[[-6.209462,53.266935],[-6.20841,53.267728]],[[-6.208725,53.350515],[-6.208304,53.350508]],[[-6.208725,53.350515],[-6.208185,53.350488]],[[-6.20841,53.267728],[-6.207287,53.268035]],[[-6.20841,53.267728],[-6.207287,53.268035]],[[-6.208304,53.350508],[-6.208185,53.350488]],[[-6.208304,53.350508],[-6.208155,53.350488]],[[-6.208304,53.350508],[-6.208155,53.350488]],[[-6.208304,53.350508],[-6.206835,53.35045]],[[-6.208185,53.350488],[-6.208126,53.35047]],[[-6.208185,53.350488],[-6.208095,53.350487]],[[-6.208155,53.350488],[-6.208095,53.350487]],[[-6.208155,53.350488],[-6.206956,53.350434]],[[-6.208126,53.35047],[-6.208096,53.350469]],[[-6.208126,53.35047],[-6.208066,53.350469]],[[-6.208096,53.350469],[-6.208095,53.350487]],[[-6.208096,53.350469],[-6.208066,53.350469]],[[-6.208096,53.350469],[-6.20792,53.350359]],[[-6.208095,53.350487],[-6.207016,53.350435]],[[-6.208066,53.350469],[-6.20792,53.350359]],[[-6.208066,53.350469],[-6.207016,53.350417]],[[-6.208025,53.3493],[-6.208013,53.349587]],[[-6.208025,53.3493],[-6.208013,53.349587]],[[-6.208025,53.3493],[-6.207997,53.349245]],[[-6.208025,53.3493],[-6.208033,53.349102],[-6.207997,53.349245]],[[-6.208013,53.349587],[-6.207972,53.349838]],[[-6.208013,53.349587],[-6.207972,53.349838]],[[-6.207997,53.349245],[-6.207906,53.349981]],[[-6.207997,53.349245],[-6.208003,53.349102],[-6.207865,53.350232]],[[-6.207972,53.349838],[-6.207906,53.349981]],[[-6.207972,53.349838],[-6.207865,53.350232]],[[-6.20792,53.350359],[-6.207865,53.350232]],[[-6.20792,53.350359],[-6.207865,53.350232]],[[-6.207906,53.349981],[-6.207865,53.350232]],[[-6.207906,53.349981],[-6.207865,53.350232]],[[-6.207523,53.371996],[-6.207463,53.371995]],[[-6.207523,53.371996],[-6.207005,53.37215]],[[-6.207463,53.371995],[-6.207005,53.37215]],[[-6.207463,53.371995],[-6.204111,53.373059],[-6.201295,53.374275]],[[-6.207346,53.261618],[-6.207049,53.261542]],[[-6.207346,53.261618],[-6.205337,53.260905]],[[-6.207287,53.268035],[-6.206713,53.268152]],[[-6.207287,53.268035],[-6.206713,53.268152]],[[-6.207049,53.261542],[-6.203334,53.260048]],[[-6.207016,53.350417],[-6.206925,53.350434]],[[-6.207016,53.350417],[-6.205517,53.350358]],[[-6.207016,53.350435],[-6.206956,53.350434]],[[-6.207016,53.350435],[-6.206925,53.350434]],[[-6.207005,53.37215],[-6.206609,53.37227]],[[-6.207005,53.37215],[-6.206609,53.37227]],[[-6.206956,53.350434],[-6.206835,53.350432]],[[-6.206956,53.350434],[-6.206835,53.35045]],[[-6.206925,53.350434],[-6.206835,53.350432]],[[-6.206925,53.350434],[-6.205517,53.350358]],[[-6.206896,53.629762],[-6.205473,53.629076]],[[-6.206896,53.629762],[-6.205473,53.629076]],[[-6.206835,53.350432],[-6.205426,53.350375]],[[-6.206835,53.35045],[-6.205276,53.350373]],[[-6.206713,53.268152],[-6.206501,53.268203]],[[-6.206609,53.37227],[-6.204415,53.372992]],[[-6.206609,53.37227],[-6.203163,53.373459]],[[-6.206501,53.268203],[-6.206288,53.268272]],[[-6.206501,53.268203],[-6.206288,53.268272]],[[-6.206288,53.268272],[-6.206044,53.268358]],[[-6.206288,53.268272],[-6.206044,53.268358]],[[-6.206044,53.268358],[-6.206044,53.268376]],[[-6.206044,53.268358],[-6.205461,53.268673]],[[-6.206044,53.268376],[-6.205461,53.268673]],[[-6.206044,53.268376],[-6.204457,53.269736],[-6.202053,53.271282]],[[-6.20594,53.27801],[-6.205526,53.277878]],[[-6.20594,53.27801],[-6.203931,53.277278]],[[-6.205849,53.278026],[-6.205762,53.277971]],[[-6.205849,53.278026],[-6.204223,53.27748]],[[-6.205762,53.277971],[-6.205702,53.277952]],[[-6.205702,53.277952],[-6.205526,53.277878]],[[-6.205702,53.277952],[-6.203959,53.277333]],[[-6.205526,53.277878],[-6.204313,53.277464]],[[-6.205517,53.350358],[-6.205426,53.350375]],[[-6.205517,53.350358],[-6.205397,53.350357]],[[-6.205517,53.350358],[-6.205397,53.350357]],[[-6.205517,53.350358],[-6.204557,53.350308]],[[-6.205473,53.629076],[-6.20162,53.627238]],[[-6.205473,53.629076],[-6.198067,53.625459]],[[-6.205461,53.268673],[-6.204305,53.269788],[-6.202424,53.271018]],[[-6.205461,53.268673],[-6.20449,53.269683],[-6.202424,53.271018]],[[-6.205426,53.350375],[-6.205276,53.350373]],[[-6.205426,53.350375],[-6.205246,53.350372]],[[-6.205397,53.350357],[-6.205246,53.350372]],[[-6.205397,53.350357],[-6.204647,53.350327]],[[-6.205337,53.260905],[-6.203334,53.260048]],[[-6.205337,53.260905],[-6.20047,53.258998]],[[-6.205276,53.350373],[-6.204735,53.350365]],[[-6.205246,53.350372],[-6.204736,53.350347]],[[-6.204962,53.316375],[-6.195614,53.310247]],[[-6.204962,53.316375],[-6.195556,53.310193]],[[-6.204736,53.350347],[-6.204647,53.350327]],[[-6.204736,53.350347],[-6.204616,53.350345]],[[-6.204735,53.350365],[-6.204616,53.350345]],[[-6.204735,53.350365],[-6.204466,53.350343]],[[-6.204647,53.350327],[-6.204557,53.350308]],[[-6.204647,53.350327],[-6.204557,53.350326]],[[-6.204616,53.350345],[-6.204557,53.350326]],[[-6.204616,53.350345],[-6.204467,53.350325]],[[-6.204557,53.350308],[-6.204527,53.350308]],[[-6.204557,53.350308],[-6.204353,53.350161]],[[-6.204557,53.350326],[-6.204527,53.350308]],[[-6.204557,53.350326],[-6.204197,53.350303]],[[-6.204527,53.350308],[-6.204353,53.350161]],[[-6.204527,53.350308],[-6.203898,53.35028]],[[-6.204524,53.348959],[-6.204571,53.348565],[-6.204494,53.348959]],[[-6.204524,53.348959],[-6.204491,53.349031]],[[-6.204524,53.348959],[-6.204481,53.349264]],[[-6.204494,53.348959],[-6.204491,53.349031]],[[-6.204494,53.348959],[-6.204459,53.349066]],[[-6.204491,53.349031],[-6.204481,53.349264]],[[-6.204491,53.349031],[-6.204426,53.349156]],[[-6.204481,53.349264],[-6.204365,53.349874]],[[-6.204481,53.349264],[-6.204362,53.349964]],[[-6.204467,53.350325],[-6.204197,53.350303]],[[-6.204467,53.350325],[-6.204166,53.35032]],[[-6.204466,53.350343],[-6.204166,53.35032]],[[-6.204466,53.350343],[-6.203746,53.350314]],[[-6.204459,53.349066],[-6.204426,53.349156]],[[-6.204459,53.349066],[-6.204426,53.349156]],[[-6.204459,53.349066],[-6.204511,53.348564],[-6.204426,53.349156]],[[-6.204426,53.349156],[-6.204365,53.349874]],[[-6.204426,53.349156],[-6.204332,53.349963]],[[-6.204415,53.372992],[-6.203163,53.373459]],[[-6.204365,53.349874],[-6.204362,53.349964]],[[-6.204365,53.349874],[-6.204332,53.349963]],[[-6.204362,53.349964],[-6.204329,53.350017]],[[-6.204353,53.350161],[-6.204325,53.350107]],[[-6.204353,53.350161],[-6.204325,53.350107]],[[-6.204332,53.349963],[-6.204329,53.350017]],[[-6.204329,53.350017],[-6.204325,53.350107]],[[-6.204329,53.350017],[-6.204325,53.350107]],[[-6.204313,53.277464],[-6.204225,53.277426]],[[-6.204313,53.277464],[-6.204225,53.277426]],[[-6.204225,53.277426],[-6.204017,53.277369]],[[-6.204225,53.277426],[-6.203931,53.277278]],[[-6.204223,53.27748],[-6.204017,53.277369]],[[-6.204223,53.27748],[-6.202953,53.277012]],[[-6.204197,53.350303],[-6.204167,53.350302]],[[-6.204167,53.350302],[-6.203898,53.35028]],[[-6.204167,53.350302],[-6.203897,53.350298]],[[-6.204166,53.35032],[-6.204106,53.350319]],[[-6.204106,53.350319],[-6.203897,53.350298]],[[-6.204106,53.350319],[-6.203747,53.350296]],[[-6.204017,53.277369],[-6.203959,53.277333]],[[-6.204017,53.277369],[-6.203959,53.277333]],[[-6.203959,53.277333],[-6.203463,53.277002],[-6.203305,53.275759],[-6.203928,53.273773]],[[-6.203959,53.277333],[-6.203781,53.277276]],[[-6.203931,53.277278],[-6.203466,53.27693],[-6.203335,53.275759],[-6.203427,53.275006],[-6.204037,53.274044],[-6.203928,53.273773]],[[-6.203928,53.273773],[-6.201231,53.273013]],[[-6.203928,53.273773],[-6.200791,53.272791]],[[-6.203898,53.35028],[-6.203508,53.350256]],[[-6.203897,53.350298],[-6.203627,53.350276]],[[-6.203781,53.277276],[-6.203367,53.277144]],[[-6.203781,53.277276],[-6.203405,53.276947],[-6.203296,53.275255],[-6.203954,53.273863],[-6.203606,53.273588],[-6.201231,53.273013]],[[-6.203747,53.350296],[-6.203657,53.350295]],[[-6.203747,53.350296],[-6.203597,53.350294]],[[-6.203746,53.350314],[-6.203657,53.350295]],[[-6.203746,53.350314],[-6.203088,53.35025]],[[-6.203657,53.350295],[-6.203627,53.350276]],[[-6.203657,53.350295],[-6.203597,53.350294]],[[-6.203627,53.350276],[-6.203508,53.350256]],[[-6.203627,53.350276],[-6.203507,53.350274]],[[-6.203597,53.350294],[-6.203507,53.350274]],[[-6.203597,53.350294],[-6.203267,53.350271]],[[-6.203508,53.350256],[-6.203268,53.350253]],[[-6.203507,53.350274],[-6.203267,53.350271]],[[-6.203367,53.277144],[-6.20322,53.27707]],[[-6.203367,53.277144],[-6.20313,53.277068]],[[-6.203334,53.260048],[-6.203187,53.259992]],[[-6.203268,53.350253],[-6.203238,53.350252]],[[-6.203268,53.350253],[-6.203178,53.350251]],[[-6.203267,53.350271],[-6.203238,53.350252]],[[-6.203267,53.350271],[-6.203147,53.350269]],[[-6.203267,53.350271],[-6.203147,53.350269]],[[-6.203238,53.350252],[-6.203178,53.350251]],[[-6.20322,53.27707],[-6.203191,53.277051]],[[-6.20322,53.27707],[-6.203191,53.277051]],[[-6.203191,53.277051],[-6.203162,53.277033]],[[-6.203191,53.277051],[-6.203162,53.277033]],[[-6.203187,53.259992],[-6.201384,53.259371]],[[-6.203187,53.259992],[-6.201384,53.259371]],[[-6.203178,53.350251],[-6.203088,53.35025]],[[-6.203163,53.373459],[-6.200649,53.374625]],[[-6.203163,53.373459],[-6.196386,53.376628]],[[-6.203162,53.277033],[-6.203134,53.276979]],[[-6.203162,53.277033],[-6.202957,53.276904]],[[-6.203147,53.350269],[-6.203088,53.35025]],[[-6.203147,53.350269],[-6.203088,53.35025]],[[-6.203134,53.276979],[-6.203076,53.276924]],[[-6.203134,53.276979],[-6.203076,53.276924]],[[-6.20313,53.277068],[-6.203043,53.276995]],[[-6.20313,53.277068],[-6.202953,53.277012]],[[-6.203088,53.35025],[-6.203058,53.35025]],[[-6.203076,53.276924],[-6.203048,53.276887]],[[-6.203076,53.276924],[-6.203022,53.276779]],[[-6.203058,53.35025],[-6.202998,53.350231]],[[-6.203058,53.35025],[-6.202998,53.350231]],[[-6.203058,53.35025],[-6.202699,53.350208]],[[-6.203048,53.276887],[-6.200064,53.275818]],[[-6.203048,53.276887],[-6.200032,53.275853]],[[-6.203043,53.276995],[-6.203014,53.276977]],[[-6.203043,53.276995],[-6.203014,53.276977]],[[-6.203022,53.276779],[-6.202995,53.276707]],[[-6.203022,53.276779],[-6.200064,53.275818]],[[-6.203014,53.276977],[-6.200145,53.276017]],[[-6.203014,53.276977],[-6.199968,53.275942]],[[-6.202998,53.350231],[-6.20273,53.350191]],[[-6.202957,53.276904],[-6.200032,53.275853]],[[-6.202957,53.276904],[-6.199791,53.275886]],[[-6.202953,53.277012],[-6.200145,53.276017]],[[-6.20273,53.350191],[-6.202489,53.350187]],[[-6.20273,53.350191],[-6.201442,53.350099],[-6.20231,53.350166]],[[-6.202699,53.350208],[-6.202489,53.350187]],[[-6.202699,53.350208],[-6.202489,53.350187]],[[-6.202489,53.350187],[-6.20231,53.350166]],[[-6.202489,53.350187],[-6.202069,53.350181]],[[-6.202424,53.271018],[-6.202053,53.271282]],[[-6.202424,53.271018],[-6.201282,53.271791]],[[-6.20231,53.350166],[-6.202069,53.350181]],[[-6.202069,53.350181],[-6.198584,53.350182]],[[-6.202069,53.350181],[-6.198584,53.350182]],[[-6.202053,53.271282],[-6.201282,53.271791]],[[-6.202053,53.271282],[-6.200681,53.272555]],[[-6.20162,53.627238],[-6.200464,53.626681]],[[-6.20162,53.627238],[-6.200464,53.626681]],[[-6.201384,53.259371],[-6.20047,53.258998]],[[-6.201384,53.259371],[-6.197899,53.258132]],[[-6.201295,53.374275],[-6.200649,53.374625]],[[-6.201295,53.374275],[-6.199669,53.375042]],[[-6.201282,53.271791],[-6.200876,53.272181]],[[-6.201282,53.271791],[-6.200876,53.272181]],[[-6.201231,53.273013],[-6.201024,53.272956]],[[-6.201231,53.273013],[-6.201024,53.272956]],[[-6.201024,53.272956],[-6.200906,53.2729]],[[-6.201024,53.272956],[-6.200906,53.2729]],[[-6.200906,53.2729],[-6.200818,53.272845]],[[-6.200906,53.2729],[-6.200818,53.272845]],[[-6.200876,53.272181],[-6.200719,53.272358]],[[-6.200876,53.272181],[-6.200719,53.272358]],[[-6.200818,53.272845],[-6.200791,53.272791]],[[-6.200818,53.272845],[-6.200704,53.272717]],[[-6.200791,53.272791],[-6.200704,53.272717]],[[-6.200791,53.272791],[-6.200681,53.272555]],[[-6.200719,53.272358],[-6.200681,53.272555]],[[-6.200719,53.272358],[-6.200676,53.272663]],[[-6.200704,53.272717],[-6.200676,53.272663]],[[-6.200681,53.272555],[-6.200676,53.272663]],[[-6.200649,53.374625],[-6.200342,53.374764]],[[-6.20047,53.258998],[-6.199674,53.25868]],[[-6.20047,53.258998],[-6.199674,53.25868]],[[-6.200464,53.626681],[-6.198067,53.625459]],[[-6.200464,53.626681],[-6.196353,53.624516],[-6.19327,53.622385],[-6.18758,53.616852]],[[-6.200342,53.374764],[-6.199669,53.375042]],[[-6.200342,53.374764],[-6.196386,53.376628]],[[-6.200145,53.276017],[-6.199968,53.275942]],[[-6.200064,53.275818],[-6.199974,53.275816]],[[-6.200064,53.275818],[-6.199974,53.275816]],[[-6.200032,53.275853],[-6.199942,53.275852]],[[-6.200032,53.275853],[-6.199942,53.275852]],[[-6.199974,53.275816],[-6.199732,53.275849]],[[-6.199968,53.275942],[-6.199879,53.275923]],[[-6.199968,53.275942],[-6.199879,53.275923]],[[-6.199942,53.275852],[-6.199732,53.275849]],[[-6.199879,53.275923],[-6.199791,53.275886]],[[-6.199791,53.275886],[-6.199643,53.275829]],[[-6.199732,53.275849],[-6.199643,53.275829]],[[-6.199674,53.25868],[-6.197899,53.258132]],[[-6.199674,53.25868],[-6.195765,53.257542]],[[-6.199669,53.375042],[-6.195865,53.376854]],[[-6.198736,53.35013],[-6.199338,53.350104],[-6.198736,53.35013]],[[-6.198736,53.35013],[-6.198435,53.350162]],[[-6.198736,53.35013],[-6.198435,53.350162]],[[-6.198584,53.350182],[-6.198374,53.350179]],[[-6.198584,53.350182],[-6.198254,53.350177]],[[-6.198435,53.350162],[-6.198374,53.350179]],[[-6.198435,53.350162],[-6.198254,53.350177]],[[-6.198374,53.350179],[-6.198254,53.350177]],[[-6.198374,53.350179],[-6.198254,53.350177]],[[-6.198067,53.625459],[-6.195737,53.624094]],[[-6.198067,53.625459],[-6.195737,53.624094]],[[-6.197899,53.258132],[-6.19704,53.257885]],[[-6.197899,53.258132],[-6.19704,53.257885]],[[-6.19704,53.257885],[-6.196773,53.257809]],[[-6.19704,53.257885],[-6.196773,53.257809]],[[-6.196773,53.257809],[-6.196091,53.257637]],[[-6.196773,53.257809],[-6.196091,53.257637]],[[-6.196386,53.376628],[-6.195865,53.376854]],[[-6.196386,53.376628],[-6.195465,53.377064]],[[-6.196091,53.257637],[-6.195765,53.257542]],[[-6.196091,53.257637],[-6.189734,53.256247]],[[-6.195865,53.376854],[-6.195465,53.377064]],[[-6.195865,53.376854],[-6.191368,53.378691]],[[-6.195765,53.257542],[-6.189734,53.256247]],[[-6.195765,53.257542],[-6.187715,53.255784]],[[-6.195737,53.624094],[-6.195707,53.624075]],[[-6.195737,53.624094],[-6.195707,53.624075]],[[-6.195707,53.624075],[-6.195678,53.624057]],[[-6.195707,53.624075],[-6.195678,53.624057]],[[-6.195678,53.624057],[-6.195648,53.624038]],[[-6.195678,53.624057],[-6.195648,53.624038]],[[-6.195648,53.624038],[-6.192045,53.621324],[-6.18758,53.616852]],[[-6.195648,53.624038],[-6.191697,53.620977],[-6.18451,53.613714]],[[-6.195614,53.310247],[-6.195556,53.310193]],[[-6.195614,53.310247],[-6.194998,53.309897]],[[-6.195556,53.310193],[-6.195527,53.310174]],[[-6.195527,53.310174],[-6.19497,53.30986]],[[-6.195527,53.310174],[-6.192653,53.308567],[-6.187937,53.306536]],[[-6.195465,53.377064],[-6.194913,53.377325]],[[-6.195465,53.377064],[-6.194913,53.377325]],[[-6.194998,53.309897],[-6.19497,53.30986]],[[-6.19497,53.30986],[-6.193914,53.309269]],[[-6.19497,53.30986],[-6.193914,53.309269]],[[-6.194913,53.377325],[-6.194576,53.377482]],[[-6.194913,53.377325],[-6.194576,53.377482]],[[-6.194576,53.377482],[-6.194085,53.377708]],[[-6.194576,53.377482],[-6.194085,53.377708]],[[-6.194085,53.377708],[-6.192832,53.37821]],[[-6.194085,53.377708],[-6.192832,53.37821]],[[-6.193914,53.309269],[-6.193533,53.309065]],[[-6.193914,53.309269],[-6.193533,53.309065]],[[-6.193533,53.309065],[-6.190591,53.307655]],[[-6.193533,53.309065],[-6.190591,53.307655]],[[-6.192832,53.37821],[-6.191519,53.378676]],[[-6.192832,53.37821],[-6.191519,53.378676]],[[-6.191519,53.378676],[-6.191397,53.37871]],[[-6.191397,53.37871],[-6.189967,53.379119]],[[-6.191397,53.37871],[-6.189967,53.379119]],[[-6.191368,53.378691],[-6.187054,53.379758],[-6.178878,53.381144]],[[-6.190591,53.307655],[-6.187937,53.306536]],[[-6.190591,53.307655],[-6.179114,53.303004]],[[-6.189967,53.379119],[-6.187235,53.379743]],[[-6.189967,53.379119],[-6.187235,53.379743]],[[-6.189734,53.256247],[-6.187715,53.255784]],[[-6.189734,53.256247],[-6.184034,53.254937]],[[-6.187937,53.306536],[-6.179114,53.303004]],[[-6.187937,53.306536],[-6.178465,53.302742]],[[-6.187715,53.255784],[-6.187448,53.255726]],[[-6.18758,53.616852],[-6.18674,53.615994]],[[-6.18758,53.616852],[-6.18674,53.615994]],[[-6.187448,53.255726],[-6.186617,53.255534]],[[-6.187448,53.255726],[-6.186617,53.255534]],[[-6.187235,53.379743],[-6.178878,53.381144]],[[-6.187235,53.379743],[-6.17603,53.38164]],[[-6.18674,53.615994],[-6.184015,53.613293]],[[-6.18674,53.615994],[-6.182761,53.612213]],[[-6.186617,53.255534],[-6.185252,53.255208]],[[-6.186617,53.255534],[-6.185252,53.255208]],[[-6.185252,53.255208],[-6.184124,53.254939]],[[-6.185252,53.255208],[-6.184124,53.254939]],[[-6.18451,53.613714],[-6.184015,53.613293]],[[-6.18451,53.613714],[-6.182762,53.612195]],[[-6.184124,53.254939],[-6.184034,53.254937]],[[-6.184124,53.254939],[-6.183708,53.254843]],[[-6.184034,53.254937],[-6.183797,53.25488]],[[-6.184015,53.613293],[-6.182761,53.612213]],[[-6.183797,53.25488],[-6.183708,53.254843]],[[-6.183797,53.25488],[-6.182783,53.254739]],[[-6.183708,53.254843],[-6.182783,53.254739]],[[-6.183708,53.254843],[-6.182155,53.254711],[-6.180976,53.254945]],[[-6.182783,53.254739],[-6.182454,53.254734]],[[-6.182783,53.254739],[-6.182454,53.254734]],[[-6.182762,53.612195],[-6.182761,53.612213]],[[-6.182762,53.612195],[-6.182439,53.611975]],[[-6.182762,53.612195],[-6.182147,53.611736]],[[-6.182761,53.612213],[-6.182439,53.611975]],[[-6.182454,53.254734],[-6.181973,53.254762]],[[-6.182454,53.254734],[-6.181973,53.254762]],[[-6.182439,53.611975],[-6.182176,53.611755]],[[-6.182439,53.611975],[-6.180852,53.610908]],[[-6.182176,53.611755],[-6.182147,53.611736]],[[-6.182147,53.611736],[-6.182117,53.611718]],[[-6.182117,53.611718],[-6.180852,53.610908]],[[-6.182117,53.611718],[-6.180824,53.610871]],[[-6.181973,53.254762],[-6.180976,53.254945]],[[-6.181973,53.254762],[-6.18064,53.255083]],[[-6.180976,53.254945],[-6.18064,53.255083]],[[-6.180976,53.254945],[-6.180244,53.255239]],[[-6.180852,53.610908],[-6.180824,53.610871]],[[-6.180852,53.610908],[-6.168543,53.603368],[-6.165829,53.601151],[-6.162655,53.597687]],[[-6.180824,53.610871],[-6.179174,53.609876]],[[-6.180824,53.610871],[-6.179174,53.609876]],[[-6.18064,53.255083],[-6.180488,53.255153]],[[-6.18064,53.255083],[-6.180488,53.255153]],[[-6.180488,53.255153],[-6.180396,53.255188]],[[-6.180396,53.255188],[-6.180244,53.255239]],[[-6.180396,53.255188],[-6.179693,53.2555]],[[-6.180244,53.255239],[-6.179693,53.2555]],[[-6.180244,53.255239],[-6.178995,53.255723],[-6.177878,53.255886],[-6.175646,53.25551]],[[-6.179693,53.2555],[-6.179389,53.255622]],[[-6.179693,53.2555],[-6.179389,53.255622]],[[-6.179389,53.255622],[-6.178812,53.255793]],[[-6.179389,53.255622],[-6.178812,53.255793]],[[-6.179174,53.609876],[-6.168897,53.603589],[-6.16583,53.601133],[-6.162655,53.597687]],[[-6.179174,53.609876],[-6.16878,53.603479],[-6.167026,53.602122],[-6.159887,53.594625],[-6.156319,53.591208]],[[-6.179114,53.303004],[-6.178465,53.302742]],[[-6.179114,53.303004],[-6.178405,53.302741]],[[-6.178878,53.381144],[-6.17694,53.381456]],[[-6.178878,53.381144],[-6.17603,53.38164]],[[-6.178812,53.255793],[-6.17854,53.255842]],[[-6.17854,53.255842],[-6.178178,53.255891]],[[-6.17854,53.255842],[-6.178178,53.255891]],[[-6.178465,53.302742],[-6.178405,53.302741]],[[-6.178465,53.302742],[-6.178376,53.302705]],[[-6.178405,53.302741],[-6.176747,53.302195]],[[-6.178405,53.302741],[-6.176747,53.302195]],[[-6.178376,53.302705],[-6.173249,53.301206]],[[-6.178178,53.255891],[-6.17701,53.255873]],[[-6.178178,53.255891],[-6.17701,53.255873]],[[-6.17701,53.255873],[-6.175646,53.25551]],[[-6.17701,53.255873],[-6.172775,53.254658]],[[-6.17694,53.381456],[-6.175788,53.381672]],[[-6.176747,53.302195],[-6.17497,53.301664]],[[-6.176747,53.302195],[-6.17497,53.301664]],[[-6.17603,53.38164],[-6.175788,53.381672]],[[-6.17603,53.38164],[-6.17403,53.382023]],[[-6.175788,53.381672],[-6.17403,53.382023]],[[-6.175788,53.381672],[-6.172056,53.382478],[-6.168244,53.383732],[-6.164873,53.385208],[-6.161788,53.38703]],[[-6.175646,53.25551],[-6.17476,53.255209]],[[-6.175646,53.25551],[-6.17476,53.255209]],[[-6.17497,53.301664],[-6.17405,53.301416]],[[-6.17497,53.301664],[-6.17405,53.301416]],[[-6.17476,53.255209],[-6.173932,53.254945]],[[-6.17476,53.255209],[-6.173932,53.254945]],[[-6.17405,53.301416],[-6.173278,53.301225]],[[-6.17405,53.301416],[-6.173278,53.301225]],[[-6.17403,53.382023],[-6.170319,53.383026],[-6.167172,53.384183]],[[-6.17403,53.382023],[-6.170319,53.383008],[-6.167172,53.384183]],[[-6.173932,53.254945],[-6.173309,53.254774]],[[-6.173932,53.254945],[-6.173309,53.254774]],[[-6.173309,53.254774],[-6.173161,53.254735]],[[-6.173278,53.301225],[-6.173249,53.301206]],[[-6.173278,53.301225],[-6.171317,53.300763]],[[-6.173249,53.301206],[-6.171318,53.300745]],[[-6.173249,53.301206],[-6.171317,53.300763]],[[-6.173161,53.254735],[-6.172775,53.254658]],[[-6.173161,53.254735],[-6.171588,53.25437]],[[-6.172775,53.254658],[-6.171588,53.25437]],[[-6.172775,53.254658],[-6.170993,53.254271]],[[-6.171588,53.25437],[-6.170993,53.254271]],[[-6.171588,53.25437],[-6.16939,53.253887]],[[-6.171318,53.300745],[-6.171317,53.300763]],[[-6.171318,53.300745],[-6.165974,53.299387]],[[-6.171318,53.300745],[-6.165382,53.299198]],[[-6.171317,53.300763],[-6.165974,53.299387]],[[-6.170993,53.254271],[-6.169034,53.253809]],[[-6.170993,53.254271],[-6.169033,53.253827]],[[-6.16939,53.253887],[-6.169034,53.253809]],[[-6.16939,53.253887],[-6.169033,53.253827]],[[-6.169034,53.253809],[-6.167936,53.253559]],[[-6.169033,53.253827],[-6.164399,53.252839],[-6.159766,53.252534],[-6.1587,53.252248],[-6.157499,53.2516]],[[-6.167936,53.253559],[-6.166749,53.253271]],[[-6.167936,53.253559],[-6.166749,53.253271]],[[-6.167172,53.384183],[-6.164071,53.385681],[-6.161166,53.387506]],[[-6.167172,53.384183],[-6.16361,53.385907],[-6.161166,53.387506]],[[-6.166749,53.253271],[-6.164519,53.252841]],[[-6.166749,53.253271],[-6.164519,53.252841]],[[-6.165974,53.299387],[-6.165382,53.299198]],[[-6.165974,53.299387],[-6.16479,53.299027]],[[-6.165382,53.299198],[-6.165116,53.299104]],[[-6.165382,53.299198],[-6.16479,53.299027]],[[-6.165116,53.299104],[-6.164257,53.298839]],[[-6.16479,53.299027],[-6.164553,53.298952]],[[-6.16479,53.299027],[-6.164553,53.298952]],[[-6.164553,53.298952],[-6.164257,53.298839]],[[-6.164553,53.298952],[-6.16142,53.297843]],[[-6.164519,53.252841],[-6.163714,53.252739]],[[-6.164519,53.252841],[-6.163714,53.252739]],[[-6.164257,53.298839],[-6.163518,53.298594]],[[-6.164257,53.298839],[-6.163518,53.298594]],[[-6.163714,53.252739],[-6.163296,53.252696]],[[-6.163714,53.252739],[-6.163296,53.252696]],[[-6.163518,53.298594],[-6.16142,53.297843]],[[-6.163518,53.298594],[-6.160978,53.297656]],[[-6.163296,53.252696],[-6.162669,53.252651]],[[-6.163296,53.252696],[-6.162669,53.252651]],[[-6.162669,53.252651],[-6.160484,53.252581]],[[-6.162669,53.252651],[-6.160484,53.252581]],[[-6.162655,53.597687],[-6.156319,53.591208]],[[-6.162655,53.597687],[-6.159074,53.593857],[-6.151783,53.587148],[-6.148925,53.585486],[-6.143845,53.583519]],[[-6.161788,53.38703],[-6.159056,53.389019]],[[-6.16142,53.297843],[-6.160978,53.297656]],[[-6.16142,53.297843],[-6.160829,53.297618]],[[-6.161166,53.387506],[-6.159519,53.388739]],[[-6.161166,53.387506],[-6.158308,53.389619]],[[-6.160978,53.297656],[-6.160829,53.297618]],[[-6.160978,53.297656],[-6.156812,53.296136]],[[-6.160829,53.297618],[-6.160445,53.297468]],[[-6.160829,53.297618],[-6.160445,53.297468]],[[-6.160501,52.791119],[-6.16008,52.792659]],[[-6.160501,52.791119],[-6.159496,52.795257]],[[-6.160501,52.791119],[-6.159496,52.795257]],[[-6.160484,53.252581],[-6.160394,53.25258]],[[-6.160445,53.297468],[-6.160327,53.29743]],[[-6.160445,53.297468],[-6.160327,53.29743]],[[-6.160394,53.25258],[-6.15829,53.252026]],[[-6.160394,53.25258],[-6.159203,53.252399],[-6.15829,53.252026]],[[-6.160327,53.29743],[-6.156812,53.296136]],[[-6.160327,53.29743],[-6.156189,53.295982],[-6.154196,53.295574],[-6.152103,53.295398]],[[-6.16008,52.792659],[-6.159884,52.793087]],[[-6.16008,52.792659],[-6.159496,52.795257]],[[-6.159519,53.388739],[-6.159056,53.389019]],[[-6.159519,53.388739],[-6.158308,53.389619]],[[-6.159056,53.389019],[-6.15831,53.389565]],[[-6.15831,53.389565],[-6.157811,53.389989]],[[-6.15831,53.389565],[-6.157099,53.390463]],[[-6.158308,53.389619],[-6.157873,53.389936]],[[-6.158308,53.389619],[-6.157873,53.389936]],[[-6.15829,53.252026],[-6.157528,53.2516]],[[-6.15829,53.252026],[-6.157528,53.2516]],[[-6.157873,53.389936],[-6.157811,53.389989]],[[-6.157873,53.389936],[-6.157439,53.390252]],[[-6.157811,53.389989],[-6.157439,53.390252]],[[-6.157528,53.2516],[-6.157499,53.2516]],[[-6.157528,53.2516],[-6.157441,53.251545]],[[-6.157499,53.2516],[-6.157441,53.251545]],[[-6.157499,53.2516],[-6.155436,53.250777]],[[-6.157441,53.251545],[-6.157353,53.251508]],[[-6.157439,53.390252],[-6.157283,53.390376]],[[-6.157439,53.390252],[-6.157283,53.390376]],[[-6.157353,53.251508],[-6.157235,53.251452]],[[-6.157353,53.251508],[-6.157235,53.251452]],[[-6.157283,53.390376],[-6.15716,53.390446]],[[-6.157283,53.390376],[-6.157159,53.390464]],[[-6.157235,53.251452],[-6.156262,53.251078]],[[-6.157235,53.251452],[-6.156262,53.251078]],[[-6.157197,53.447342],[-6.156853,53.449026]],[[-6.157188,53.445454],[-6.156972,53.448363]],[[-6.157188,53.445454],[-6.156853,53.449026]],[[-6.157188,53.445454],[-6.155147,53.435571]],[[-6.157188,53.445454],[-6.155147,53.435571]],[[-6.15716,53.390446],[-6.156974,53.390569]],[[-6.15716,53.390446],[-6.156974,53.390569]],[[-6.157159,53.390464],[-6.157003,53.390587]],[[-6.157159,53.390464],[-6.157003,53.390587]],[[-6.157099,53.390463],[-6.156788,53.390692]],[[-6.157099,53.390463],[-6.156602,53.390833]],[[-6.157003,53.390587],[-6.156942,53.390622]],[[-6.156974,53.390569],[-6.156849,53.390675]],[[-6.156974,53.390569],[-6.156788,53.390692]],[[-6.156972,53.448363],[-6.15696,53.447949]],[[-6.156972,53.448363],[-6.156853,53.449026]],[[-6.15696,53.447949],[-6.156692,53.449958]],[[-6.15696,53.447949],[-6.157015,53.444588],[-6.152866,53.425002]],[[-6.156942,53.390622],[-6.156849,53.390675]],[[-6.156942,53.390622],[-6.153926,53.392895]],[[-6.156853,53.449026],[-6.156846,53.44917]],[[-6.156853,53.449026],[-6.15665,53.450227]],[[-6.156849,53.390675],[-6.156818,53.39071]],[[-6.156846,53.44917],[-6.156692,53.449958]],[[-6.156846,53.44917],[-6.156639,53.450479]],[[-6.156818,53.39071],[-6.156602,53.390833]],[[-6.156818,53.39071],[-6.154924,53.392083]],[[-6.156812,53.296136],[-6.155418,53.295773]],[[-6.156812,53.296136],[-6.155418,53.295773]],[[-6.156788,53.390692],[-6.156696,53.390744]],[[-6.156788,53.390692],[-6.156696,53.390744]],[[-6.156696,53.390744],[-6.156603,53.390797]],[[-6.156696,53.390744],[-6.156603,53.390797]],[[-6.156692,53.449958],[-6.15665,53.450227]],[[-6.15665,53.450227],[-6.156639,53.450479]],[[-6.15665,53.450227],[-6.156608,53.450496]],[[-6.156639,53.450479],[-6.156608,53.450496]],[[-6.156639,53.450479],[-6.156385,53.452183]],[[-6.156608,53.450496],[-6.156385,53.452183]],[[-6.156608,53.450496],[-6.156184,53.45333]],[[-6.156603,53.390797],[-6.15562,53.391285]],[[-6.156603,53.390797],[-6.15562,53.391285]],[[-6.156602,53.390833],[-6.156509,53.390885]],[[-6.156602,53.390833],[-6.156509,53.390885]],[[-6.156509,53.390885],[-6.155282,53.391442]],[[-6.156509,53.390885],[-6.154924,53.392083]],[[-6.156385,53.452183],[-6.156383,53.452219]],[[-6.156383,53.452219],[-6.15633,53.452757]],[[-6.156383,53.452219],[-6.156171,53.453635]],[[-6.15633,53.452757],[-6.156184,53.45333]],[[-6.15633,53.452757],[-6.156171,53.453635]],[[-6.156319,53.591208],[-6.152165,53.587405],[-6.148956,53.585468]],[[-6.156319,53.591208],[-6.151813,53.587148],[-6.148956,53.585468]],[[-6.156262,53.251078],[-6.155436,53.250777]],[[-6.156262,53.251078],[-6.149275,53.248381]],[[-6.156184,53.45333],[-6.152939,53.475373]],[[-6.156171,53.453635],[-6.154462,53.465258]],[[-6.156171,53.453635],[-6.154462,53.465258]],[[-6.15562,53.391285],[-6.155406,53.391372]],[[-6.15562,53.391285],[-6.155406,53.391372]],[[-6.155436,53.250777],[-6.149275,53.248381]],[[-6.155436,53.250777],[-6.149391,53.248472],[-6.14829,53.247592]],[[-6.155418,53.295773],[-6.154376,53.295577]],[[-6.155418,53.295773],[-6.154376,53.295577]],[[-6.155406,53.391372],[-6.155282,53.391442]],[[-6.155406,53.391372],[-6.154886,53.391561]],[[-6.155282,53.391442],[-6.155191,53.391476]],[[-6.155191,53.391476],[-6.154886,53.391561]],[[-6.155191,53.391476],[-6.152548,53.392082],[-6.149269,53.392103]],[[-6.155147,53.435571],[-6.152866,53.425002]],[[-6.155147,53.435571],[-6.151047,53.416291]],[[-6.154924,53.392083],[-6.154021,53.392788]],[[-6.154924,53.392083],[-6.154021,53.392788]],[[-6.154886,53.391561],[-6.153882,53.391833]],[[-6.154886,53.391561],[-6.153882,53.391833]],[[-6.154462,53.465258],[-6.153525,53.471589]],[[-6.154462,53.465258],[-6.153525,53.471589]],[[-6.154376,53.295577],[-6.152194,53.295381]],[[-6.154376,53.295577],[-6.152194,53.295381]],[[-6.154021,53.392788],[-6.153926,53.392895]],[[-6.154021,53.392788],[-6.152893,53.393849]],[[-6.153926,53.392895],[-6.153832,53.392983]],[[-6.153882,53.391833],[-6.152278,53.392078]],[[-6.153882,53.391833],[-6.152278,53.392078]],[[-6.153832,53.392983],[-6.152893,53.393849]],[[-6.153832,53.392983],[-6.152828,53.393956]],[[-6.153525,53.471589],[-6.152939,53.475373]],[[-6.153525,53.471589],[-6.152372,53.479408]],[[-6.152939,53.475373],[-6.152511,53.478278]],[[-6.152939,53.475373],[-6.152511,53.478278]],[[-6.152893,53.393849],[-6.152828,53.393956]],[[-6.152893,53.393849],[-6.152735,53.394009]],[[-6.152866,53.425002],[-6.14997,53.411313]],[[-6.152866,53.425002],[-6.14884,53.406154]],[[-6.152828,53.393956],[-6.152354,53.394488]],[[-6.152828,53.393956],[-6.151334,53.395803],[-6.150311,53.39789]],[[-6.152735,53.394009],[-6.152354,53.394488]],[[-6.152735,53.394009],[-6.151816,53.395091]],[[-6.152511,53.478278],[-6.152372,53.479408]],[[-6.152511,53.478278],[-6.151448,53.485398]],[[-6.152372,53.479408],[-6.152199,53.48061]],[[-6.152372,53.479408],[-6.152199,53.48061]],[[-6.152354,53.394488],[-6.152226,53.394666]],[[-6.152278,53.392078],[-6.151584,53.392121]],[[-6.152278,53.392078],[-6.151584,53.392121]],[[-6.152226,53.394666],[-6.151816,53.395091]],[[-6.152226,53.394666],[-6.15104,53.396337],[-6.150311,53.39789]],[[-6.152199,53.48061],[-6.151426,53.485901]],[[-6.152199,53.48061],[-6.151426,53.485901]],[[-6.152194,53.295381],[-6.150242,53.295423]],[[-6.152194,53.295381],[-6.150242,53.295423]],[[-6.152103,53.295398],[-6.149518,53.295501],[-6.141351,53.296327]],[[-6.151816,53.395091],[-6.150351,53.397675],[-6.148967,53.402525]],[[-6.151584,53.392121],[-6.1484,53.392036]],[[-6.151584,53.392121],[-6.146868,53.391994]],[[-6.151448,53.485398],[-6.149689,53.497415]],[[-6.151426,53.485901],[-6.150403,53.492806]],[[-6.151426,53.485901],[-6.150403,53.492806]],[[-6.151047,53.416291],[-6.14997,53.411313]],[[-6.150403,53.492806],[-6.150274,53.493685]],[[-6.150403,53.492806],[-6.150274,53.493685]],[[-6.150311,53.39789],[-6.148803,53.403529],[-6.148993,53.406786]],[[-6.150311,53.39789],[-6.148967,53.402525]],[[-6.150274,53.493685],[-6.149848,53.496537]],[[-6.150274,53.493685],[-6.149848,53.496537]],[[-6.150242,53.295423],[-6.147861,53.295655]],[[-6.150242,53.295423],[-6.147861,53.295655]],[[-6.14997,53.411313],[-6.148993,53.406786]],[[-6.14997,53.411313],[-6.148993,53.406786]],[[-6.149848,53.496537],[-6.149689,53.497415]],[[-6.149848,53.496537],[-6.148995,53.502294]],[[-6.149689,53.497415],[-6.149049,53.501737]],[[-6.149689,53.497415],[-6.149049,53.501737]],[[-6.149275,53.248381],[-6.14829,53.247592]],[[-6.149275,53.248381],[-6.148547,53.247884],[-6.148076,53.246996]],[[-6.149269,53.392103],[-6.1484,53.392036]],[[-6.149269,53.392103],[-6.146868,53.391994]],[[-6.149049,53.501737],[-6.148995,53.502294]],[[-6.149049,53.501737],[-6.148064,53.508427]],[[-6.148995,53.502294],[-6.148064,53.508427]],[[-6.148995,53.502294],[-6.147839,53.510131]],[[-6.148993,53.406786],[-6.14884,53.406154]],[[-6.148967,53.402525],[-6.148854,53.403045]],[[-6.148967,53.402525],[-6.148854,53.403045]],[[-6.148956,53.585468],[-6.143845,53.583519]],[[-6.148956,53.585468],[-6.145037,53.583897],[-6.141523,53.582746],[-6.12899,53.579243]],[[-6.148854,53.403045],[-6.148783,53.403295]],[[-6.148854,53.403045],[-6.148699,53.404552]],[[-6.14884,53.406154],[-6.148699,53.404552]],[[-6.14884,53.406154],[-6.148699,53.404552]],[[-6.148783,53.403295],[-6.148699,53.404552]],[[-6.1484,53.392036],[-6.143507,53.391834]],[[-6.14829,53.247592],[-6.14818,53.247357]],[[-6.14829,53.247592],[-6.14818,53.247357]],[[-6.14818,53.247357],[-6.148076,53.246996]],[[-6.14818,53.247357],[-6.147766,53.246541]],[[-6.148076,53.246996],[-6.147994,53.246815]],[[-6.148076,53.246996],[-6.147994,53.246815]],[[-6.148064,53.508427],[-6.14785,53.509862]],[[-6.148064,53.508427],[-6.14785,53.509862]],[[-6.147994,53.246815],[-6.147766,53.246541]],[[-6.147994,53.246815],[-6.147507,53.246286]],[[-6.147861,53.295655],[-6.142375,53.296235]],[[-6.147861,53.295655],[-6.142073,53.296284],[-6.139494,53.296262]],[[-6.14785,53.509862],[-6.147839,53.510131]],[[-6.14785,53.509862],[-6.14722,53.513951],[-6.146654,53.515865],[-6.145402,53.518291],[-6.144057,53.520067],[-6.116403,53.547803]],[[-6.147839,53.510131],[-6.147137,53.514471],[-6.146482,53.516348]],[[-6.147839,53.510131],[-6.147358,53.513539],[-6.146482,53.516348]],[[-6.147766,53.246541],[-6.147708,53.246487]],[[-6.147708,53.246487],[-6.147507,53.246286]],[[-6.147708,53.246487],[-6.147448,53.246267]],[[-6.147507,53.246286],[-6.147448,53.246267]],[[-6.147507,53.246286],[-6.146163,53.245492]],[[-6.147448,53.246267],[-6.146279,53.245584]],[[-6.147448,53.246267],[-6.146279,53.245584]],[[-6.146868,53.391994],[-6.143507,53.391834]],[[-6.146868,53.391994],[-6.136842,53.391587]],[[-6.146482,53.516348],[-6.146315,53.516723]],[[-6.146482,53.516348],[-6.146315,53.516723]],[[-6.146315,53.516723],[-6.144024,53.520139]],[[-6.146315,53.516723],[-6.145237,53.518612],[-6.143643,53.520564]],[[-6.146279,53.245584],[-6.146249,53.245565]],[[-6.146249,53.245565],[-6.146163,53.245492]],[[-6.146249,53.245565],[-6.145052,53.244845]],[[-6.146163,53.245492],[-6.145578,53.245159]],[[-6.145578,53.245159],[-6.145052,53.244845]],[[-6.145578,53.245159],[-6.144184,53.244113]],[[-6.145052,53.244845],[-6.144964,53.24479]],[[-6.145052,53.244845],[-6.144964,53.24479]],[[-6.144964,53.24479],[-6.14424,53.244204]],[[-6.144964,53.24479],[-6.14424,53.244204]],[[-6.14424,53.244204],[-6.144184,53.244113]],[[-6.14424,53.244204],[-6.144097,53.244058]],[[-6.144184,53.244113],[-6.144097,53.244058]],[[-6.144184,53.244113],[-6.144069,53.244003]],[[-6.144097,53.244058],[-6.144069,53.244003]],[[-6.144097,53.244058],[-6.143868,53.243802]],[[-6.144069,53.244003],[-6.144041,53.243967]],[[-6.144041,53.243967],[-6.143927,53.243839]],[[-6.144041,53.243967],[-6.143927,53.243839]],[[-6.144024,53.520139],[-6.143643,53.520564]],[[-6.143927,53.243839],[-6.143868,53.243802]],[[-6.143927,53.243839],[-6.143334,53.242985]],[[-6.143868,53.243802],[-6.143334,53.242985]],[[-6.143868,53.243802],[-6.143167,53.242695]],[[-6.143845,53.583519],[-6.135672,53.581163]],[[-6.143845,53.583519],[-6.135672,53.581163]],[[-6.143643,53.520564],[-6.141371,53.522848]],[[-6.143643,53.520564],[-6.141371,53.522848]],[[-6.143507,53.391834],[-6.142787,53.391805]],[[-6.143507,53.391834],[-6.142787,53.391805]],[[-6.143334,53.242985],[-6.143197,53.242695]],[[-6.143334,53.242985],[-6.143167,53.242695]],[[-6.143197,53.242695],[-6.143113,53.242568]],[[-6.143197,53.242695],[-6.143087,53.24246],[-6.143113,53.242568]],[[-6.143167,53.242695],[-6.143113,53.242568]],[[-6.143167,53.242695],[-6.143113,53.242568]],[[-6.143167,53.242695],[-6.143057,53.242459]],[[-6.143113,53.242568],[-6.143057,53.242459]],[[-6.143113,53.242568],[-6.143057,53.242459]],[[-6.142787,53.391805],[-6.132877,53.391471],[-6.117336,53.392018],[-6.114541,53.391973]],[[-6.142787,53.391805],[-6.13354,53.391445],[-6.117397,53.392001],[-6.11367,53.391942]],[[-6.142375,53.296235],[-6.141351,53.296327]],[[-6.142375,53.296235],[-6.140123,53.296272]],[[-6.141371,53.522848],[-6.14134,53.522883]],[[-6.141371,53.522848],[-6.14134,53.522883]],[[-6.141351,53.296327],[-6.140811,53.296337]],[[-6.14134,53.522883],[-6.141245,53.522972]],[[-6.141245,53.522972],[-6.138469,53.525751]],[[-6.141245,53.522972],[-6.138469,53.525751]],[[-6.140811,53.296337],[-6.140123,53.296272]],[[-6.140811,53.296337],[-6.139494,53.296262]],[[-6.140123,53.296272],[-6.13845,53.296102],[-6.136639,53.295678],[-6.131898,53.293609]],[[-6.139494,53.296262],[-6.138688,53.29616]],[[-6.139494,53.296262],[-6.138688,53.29616]],[[-6.138688,53.29616],[-6.137705,53.295983]],[[-6.138688,53.29616],[-6.137705,53.295983]],[[-6.138469,53.525751],[-6.134809,53.529415]],[[-6.138469,53.525751],[-6.134809,53.529415]],[[-6.137705,53.295983],[-6.136401,53.295621]],[[-6.137705,53.295983],[-6.136401,53.295621]],[[-6.136842,53.391587],[-6.132124,53.391513],[-6.116703,53.392044],[-6.09544,53.391401]],[[-6.136401,53.295621],[-6.135781,53.295395]],[[-6.136401,53.295621],[-6.135781,53.295395]],[[-6.135781,53.295395],[-6.135044,53.295078]],[[-6.135781,53.295395],[-6.131837,53.293626],[-6.129331,53.291933],[-6.127111,53.289866],[-6.126818,53.289035],[-6.127001,53.288265]],[[-6.135672,53.581163],[-6.132479,53.580287]],[[-6.135672,53.581163],[-6.132479,53.580287]],[[-6.135044,53.295078],[-6.131898,53.293609]],[[-6.134809,53.529415],[-6.129222,53.535008]],[[-6.134809,53.529415],[-6.129222,53.535008]],[[-6.132479,53.580287],[-6.12899,53.579243]],[[-6.132479,53.580287],[-6.127622,53.578773]],[[-6.131898,53.293609],[-6.130875,53.292999]],[[-6.131898,53.293609],[-6.130875,53.292999]],[[-6.130875,53.292999],[-6.129015,53.291622],[-6.127171,53.289867]],[[-6.130875,53.292999],[-6.128985,53.291622],[-6.127171,53.289867]],[[-6.129222,53.535008],[-6.128528,53.535698]],[[-6.12899,53.579243],[-6.127622,53.578773]],[[-6.12899,53.579243],[-6.126139,53.578156],[-6.12336,53.5768],[-6.121153,53.575471],[-6.118933,53.573783]],[[-6.128528,53.535698],[-6.126886,53.537344]],[[-6.128528,53.535698],[-6.126886,53.537344]],[[-6.127671,53.285992],[-6.127667,53.286064]],[[-6.127671,53.285992],[-6.127641,53.285974]],[[-6.127671,53.285992],[-6.12757,53.284175]],[[-6.127667,53.286064],[-6.127527,53.287212],[-6.127001,53.288265]],[[-6.127667,53.286064],[-6.127627,53.28698],[-6.126889,53.288766]],[[-6.127641,53.285974],[-6.12757,53.284175]],[[-6.127641,53.285974],[-6.127296,53.287694]],[[-6.127641,53.285974],[-6.12754,53.284174],[-6.127041,53.283232]],[[-6.127622,53.578773],[-6.126998,53.578529]],[[-6.127622,53.578773],[-6.126998,53.578529]],[[-6.12757,53.284175],[-6.127041,53.283232]],[[-6.12757,53.284175],[-6.126555,53.282703],[-6.124767,53.28174],[-6.111388,53.277682],[-6.105219,53.27611]],[[-6.127296,53.287694],[-6.127001,53.288265]],[[-6.127171,53.289867],[-6.127031,53.289631]],[[-6.127171,53.289867],[-6.127031,53.289631]],[[-6.127041,53.283232],[-6.126,53.282353]],[[-6.127041,53.283232],[-6.126,53.282353]],[[-6.127031,53.289631],[-6.12695,53.289432]],[[-6.127031,53.289631],[-6.12695,53.289432]],[[-6.127001,53.288265],[-6.126889,53.288766]],[[-6.126998,53.578529],[-6.125812,53.578043]],[[-6.126998,53.578529],[-6.125575,53.577932]],[[-6.12695,53.289432],[-6.126898,53.289252]],[[-6.12695,53.289432],[-6.126898,53.289252]],[[-6.126898,53.289252],[-6.126889,53.288766]],[[-6.126898,53.289252],[-6.126889,53.288766]],[[-6.126886,53.537344],[-6.126034,53.538194]],[[-6.126886,53.537344],[-6.126034,53.538194]],[[-6.126034,53.538194],[-6.124139,53.540088]],[[-6.126034,53.538194],[-6.124139,53.540088]],[[-6.126,53.282353],[-6.124381,53.281644]],[[-6.126,53.282353],[-6.124381,53.281644]],[[-6.125812,53.578043],[-6.125575,53.577932]],[[-6.125812,53.578043],[-6.123148,53.576797],[-6.119922,53.574643]],[[-6.125575,53.577932],[-6.125013,53.577671]],[[-6.125575,53.577932],[-6.125013,53.577671]],[[-6.125013,53.577671],[-6.12451,53.57743]],[[-6.125013,53.577671],[-6.12451,53.57743]],[[-6.12451,53.57743],[-6.123329,53.576818]],[[-6.12451,53.57743],[-6.123329,53.576818]],[[-6.124381,53.281644],[-6.123079,53.281246]],[[-6.124139,53.540088],[-6.122055,53.542176]],[[-6.124139,53.540088],[-6.122055,53.542176]],[[-6.123329,53.576818],[-6.119922,53.574643]],[[-6.123329,53.576818],[-6.120215,53.574845],[-6.118933,53.573783]],[[-6.123079,53.281246],[-6.123019,53.281245]],[[-6.123079,53.281246],[-6.116124,53.279123]],[[-6.123019,53.281245],[-6.116124,53.279123]],[[-6.122055,53.542176],[-6.120855,53.543379]],[[-6.122055,53.542176],[-6.120855,53.543379]],[[-6.120855,53.543379],[-6.120602,53.543627]],[[-6.120602,53.543627],[-6.117318,53.546919]],[[-6.120602,53.543627],[-6.117318,53.546919]],[[-6.119922,53.574643],[-6.119193,53.574056]],[[-6.119193,53.574056],[-6.116906,53.571827]],[[-6.118933,53.573783],[-6.117454,53.572393]],[[-6.118933,53.573783],[-6.117454,53.572393]],[[-6.117454,53.572393],[-6.116906,53.571827]],[[-6.117454,53.572393],[-6.116764,53.571609]],[[-6.117318,53.546919],[-6.116403,53.547803]],[[-6.117318,53.546919],[-6.116181,53.548052]],[[-6.117308,53.238532],[-6.117213,53.242737]],[[-6.117308,53.238532],[-6.116953,53.236369]],[[-6.117308,53.238532],[-6.116953,53.236369]],[[-6.117308,53.238532],[-6.117143,53.243653],[-6.116507,53.245171],[-6.115394,53.246627]],[[-6.117213,53.242737],[-6.117202,53.242988]],[[-6.117213,53.242737],[-6.117202,53.242988]],[[-6.117213,53.242737],[-6.117244,53.237938],[-6.116897,53.236278],[-6.110064,53.219991]],[[-6.117202,53.242988],[-6.116738,53.244689],[-6.115394,53.246627]],[[-6.117202,53.242988],[-6.116478,53.245134],[-6.114378,53.247905],[-6.113817,53.249083],[-6.112954,53.255757]],[[-6.116953,53.236369],[-6.116684,53.235664]],[[-6.116953,53.236369],[-6.116684,53.235664]],[[-6.116906,53.571827],[-6.116764,53.571609]],[[-6.116906,53.571827],[-6.116419,53.571227]],[[-6.116764,53.571609],[-6.116419,53.571227]],[[-6.116764,53.571609],[-6.115575,53.569829]],[[-6.116684,53.235664],[-6.10909,53.21762]],[[-6.116684,53.235664],[-6.108249,53.215648],[-6.10735,53.214285],[-6.104544,53.211364],[-6.102845,53.207796],[-6.10178,53.206161]],[[-6.116419,53.571227],[-6.11639,53.57119]],[[-6.116419,53.571227],[-6.11639,53.57119]],[[-6.116403,53.547803],[-6.116181,53.548052]],[[-6.116403,53.547803],[-6.115803,53.548405]],[[-6.11639,53.57119],[-6.115575,53.569829]],[[-6.11639,53.57119],[-6.115131,53.568959],[-6.114644,53.566992]],[[-6.116181,53.548052],[-6.115803,53.548405]],[[-6.116181,53.548052],[-6.113317,53.551368]],[[-6.116124,53.279123],[-6.105841,53.276299]],[[-6.116124,53.279123],[-6.110795,53.277529],[-6.105841,53.276299]],[[-6.115803,53.548405],[-6.113317,53.551368]],[[-6.115803,53.548405],[-6.114254,53.549981],[-6.113188,53.551546]],[[-6.115575,53.569829],[-6.115191,53.56896]],[[-6.115575,53.569829],[-6.115191,53.56896]],[[-6.115394,53.246627],[-6.114179,53.248352],[-6.113807,53.249317],[-6.113243,53.253946]],[[-6.115394,53.246627],[-6.114149,53.248351],[-6.113777,53.249316],[-6.113243,53.253946]],[[-6.115191,53.56896],[-6.115137,53.568815]],[[-6.115191,53.56896],[-6.115137,53.568815]],[[-6.115137,53.568815],[-6.115005,53.568382]],[[-6.115137,53.568815],[-6.115005,53.568382]],[[-6.115005,53.568382],[-6.114644,53.566992]],[[-6.115005,53.568382],[-6.114379,53.565496]],[[-6.114644,53.566992],[-6.11457,53.566631]],[[-6.114644,53.566992],[-6.11457,53.566631]],[[-6.11457,53.566631],[-6.114419,53.565946]],[[-6.11457,53.566631],[-6.114348,53.565513]],[[-6.114541,53.391973],[-6.11367,53.391942]],[[-6.114419,53.565946],[-6.114379,53.565496]],[[-6.114419,53.565946],[-6.114348,53.565513]],[[-6.114379,53.565496],[-6.114328,53.565279]],[[-6.114348,53.565513],[-6.114328,53.565279]],[[-6.114348,53.565513],[-6.114224,53.5649]],[[-6.114328,53.565279],[-6.114224,53.5649]],[[-6.114328,53.565279],[-6.113858,53.562953]],[[-6.114224,53.5649],[-6.114101,53.564269]],[[-6.114224,53.5649],[-6.114101,53.564269]],[[-6.114101,53.564269],[-6.113878,53.563169]],[[-6.114101,53.564269],[-6.113878,53.563169]],[[-6.113878,53.563169],[-6.113858,53.562953]],[[-6.113878,53.563169],[-6.113681,53.562177]],[[-6.113858,53.562953],[-6.113681,53.562177]],[[-6.113858,53.562953],[-6.113488,53.561096]],[[-6.113681,53.562177],[-6.113581,53.561708]],[[-6.113681,53.562177],[-6.113581,53.561708]],[[-6.11367,53.391942],[-6.097783,53.391456]],[[-6.11367,53.391942],[-6.097783,53.391456]],[[-6.113581,53.561708],[-6.113488,53.561096]],[[-6.113581,53.561708],[-6.113285,53.56023]],[[-6.113488,53.561096],[-6.113285,53.56023]],[[-6.113488,53.561096],[-6.113167,53.559491]],[[-6.113317,53.551368],[-6.113188,53.551546]],[[-6.113317,53.551368],[-6.112498,53.553494]],[[-6.113285,53.56023],[-6.113167,53.559491]],[[-6.113285,53.56023],[-6.112741,53.557525]],[[-6.113243,53.253946],[-6.112861,53.257877],[-6.112206,53.259808]],[[-6.113243,53.253946],[-6.112831,53.257876],[-6.112206,53.259808]],[[-6.113188,53.551546],[-6.112956,53.552009]],[[-6.113188,53.551546],[-6.112956,53.552009]],[[-6.113167,53.559491],[-6.112918,53.558282]],[[-6.113167,53.559491],[-6.112918,53.558282]],[[-6.112956,53.552009],[-6.112854,53.552259]],[[-6.112954,53.255757],[-6.112547,53.258878],[-6.11131,53.261088]],[[-6.112918,53.558282],[-6.112741,53.557525]],[[-6.112918,53.558282],[-6.112697,53.557147]],[[-6.112854,53.552259],[-6.112717,53.552635]],[[-6.112854,53.552259],[-6.112717,53.552635]],[[-6.112741,53.557525],[-6.112697,53.557147]],[[-6.112741,53.557525],[-6.11247,53.556154]],[[-6.112717,53.552635],[-6.112498,53.553494]],[[-6.112717,53.552635],[-6.112381,53.554068]],[[-6.112697,53.557147],[-6.11247,53.556154]],[[-6.112697,53.557147],[-6.112368,53.555038]],[[-6.112498,53.553494],[-6.112381,53.554068]],[[-6.112498,53.553494],[-6.112368,53.555038]],[[-6.11247,53.556154],[-6.112381,53.554068]],[[-6.11247,53.556154],[-6.112368,53.555038]],[[-6.112381,53.554068],[-6.112368,53.555038]],[[-6.112206,53.259808],[-6.112174,53.259861]],[[-6.112174,53.259861],[-6.112043,53.260093]],[[-6.112174,53.259861],[-6.112043,53.260093]],[[-6.112043,53.260093],[-6.111722,53.260573]],[[-6.112043,53.260093],[-6.111722,53.260573]],[[-6.111722,53.260573],[-6.111531,53.26084]],[[-6.111722,53.260573],[-6.111531,53.26084]],[[-6.111531,53.26084],[-6.111467,53.260929]],[[-6.111531,53.26084],[-6.111467,53.260929]],[[-6.111467,53.260929],[-6.111372,53.261053]],[[-6.111467,53.260929],[-6.111372,53.261053]],[[-6.111372,53.261053],[-6.11131,53.261088]],[[-6.111372,53.261053],[-6.111245,53.261195]],[[-6.11131,53.261088],[-6.111278,53.261123]],[[-6.11131,53.261088],[-6.111278,53.261123]],[[-6.111278,53.261123],[-6.111245,53.261195]],[[-6.111278,53.261123],[-6.111089,53.261336]],[[-6.111245,53.261195],[-6.111182,53.261266]],[[-6.111245,53.261195],[-6.111182,53.261266]],[[-6.111182,53.261266],[-6.111089,53.261336]],[[-6.111182,53.261266],[-6.11093,53.261549]],[[-6.111089,53.261336],[-6.11093,53.261549]],[[-6.111089,53.261336],[-6.110336,53.262097]],[[-6.11093,53.261549],[-6.11046,53.262009]],[[-6.11093,53.261549],[-6.11046,53.262009]],[[-6.11046,53.262009],[-6.110336,53.262097]],[[-6.11046,53.262009],[-6.110272,53.262186]],[[-6.110336,53.262097],[-6.110272,53.262186]],[[-6.110336,53.262097],[-6.108893,53.263548],[-6.107326,53.265753]],[[-6.110272,53.262186],[-6.109489,53.262947]],[[-6.110272,53.262186],[-6.109489,53.262947]],[[-6.110064,53.219991],[-6.10909,53.21762]],[[-6.109489,53.262947],[-6.108826,53.263709]],[[-6.109489,53.262947],[-6.108826,53.263709]],[[-6.10909,53.21762],[-6.107376,53.214375]],[[-6.10909,53.21762],[-6.108165,53.215502],[-6.107376,53.214375]],[[-6.109004,52.986035],[-6.108944,52.986052]],[[-6.109004,52.986035],[-6.108944,52.986052]],[[-6.108944,52.986052],[-6.099893,52.990672],[-6.096967,52.991506],[-6.092982,52.992017],[-6.081835,52.99209],[-6.078864,52.991898],[-6.07485,52.991042],[-6.069016,52.988916],[-6.067337,52.988493],[-6.065236,52.988189],[-6.058702,52.987723],[-6.055331,52.98783]],[[-6.108826,53.263709],[-6.108794,53.263762]],[[-6.108826,53.263709],[-6.108794,53.263762]],[[-6.108794,53.263762],[-6.108667,53.263922]],[[-6.108794,53.263762],[-6.108667,53.263922]],[[-6.108667,53.263922],[-6.107991,53.264954]],[[-6.108667,53.263922],[-6.107991,53.264954]],[[-6.107991,53.264954],[-6.107482,53.265629]],[[-6.107991,53.264954],[-6.107482,53.265629]],[[-6.107482,53.265629],[-6.107326,53.265753]],[[-6.107482,53.265629],[-6.107013,53.266053]],[[-6.107376,53.214375],[-6.104654,53.211599],[-6.103597,53.209749]],[[-6.107376,53.214375],[-6.105025,53.212001],[-6.103597,53.209749]],[[-6.107326,53.265753],[-6.107233,53.265841]],[[-6.107326,53.265753],[-6.107233,53.265841]],[[-6.107233,53.265841],[-6.107013,53.266053]],[[-6.107233,53.265841],[-6.10689,53.266123]],[[-6.107013,53.266053],[-6.10689,53.266123]],[[-6.107013,53.266053],[-6.106673,53.2663]],[[-6.10689,53.266123],[-6.106673,53.2663]],[[-6.10689,53.266123],[-6.103436,53.267614],[-6.098074,53.269524],[-6.097117,53.270138],[-6.096508,53.271027]],[[-6.106673,53.2663],[-6.106642,53.266317]],[[-6.106673,53.2663],[-6.106642,53.266317]],[[-6.106642,53.266317],[-6.10658,53.266352]],[[-6.10658,53.266352],[-6.106427,53.266439]],[[-6.10658,53.266352],[-6.106427,53.266439]],[[-6.106427,53.266439],[-6.105723,53.266752]],[[-6.106427,53.266439],[-6.105723,53.266752]],[[-6.105841,53.276299],[-6.104654,53.276011]],[[-6.105841,53.276299],[-6.104536,53.275955]],[[-6.105723,53.266752],[-6.105449,53.266855]],[[-6.105723,53.266752],[-6.105449,53.266855]],[[-6.105449,53.266855],[-6.102035,53.268113]],[[-6.105449,53.266855],[-6.102035,53.268113]],[[-6.105219,53.27611],[-6.104654,53.276011]],[[-6.105219,53.27611],[-6.104536,53.275955]],[[-6.104654,53.276011],[-6.099735,53.274656]],[[-6.104536,53.275955],[-6.104447,53.275936]],[[-6.104536,53.275955],[-6.104447,53.275936]],[[-6.104447,53.275936],[-6.103172,53.27561]],[[-6.104447,53.275936],[-6.099735,53.274656]],[[-6.103597,53.209749],[-6.103247,53.208863]],[[-6.103597,53.209749],[-6.103247,53.208863]],[[-6.103247,53.208863],[-6.103193,53.208736]],[[-6.103247,53.208863],[-6.103193,53.208736]],[[-6.103193,53.208736],[-6.103113,53.208519]],[[-6.103193,53.208736],[-6.103113,53.208519]],[[-6.103172,53.27561],[-6.100178,53.274807],[-6.097602,53.2734]],[[-6.103113,53.208519],[-6.103059,53.208374]],[[-6.103059,53.208374],[-6.102453,53.207196]],[[-6.103059,53.208374],[-6.102453,53.207196]],[[-6.102453,53.207196],[-6.102368,53.207069]],[[-6.102453,53.207196],[-6.102368,53.207069]],[[-6.102368,53.207069],[-6.102313,53.206978]],[[-6.102368,53.207069],[-6.102313,53.206978]],[[-6.102313,53.206978],[-6.102199,53.206832]],[[-6.102313,53.206978],[-6.101439,53.205742]],[[-6.102199,53.206832],[-6.10178,53.206161]],[[-6.102199,53.206832],[-6.101439,53.205742]],[[-6.102035,53.268113],[-6.101882,53.268165]],[[-6.101882,53.268165],[-6.099995,53.2688]],[[-6.101882,53.268165],[-6.099995,53.2688]],[[-6.10178,53.206161],[-6.101752,53.206106]],[[-6.101752,53.206106],[-6.101326,53.205596]],[[-6.101752,53.206106],[-6.097745,53.199912]],[[-6.101439,53.205742],[-6.101326,53.205596]],[[-6.101439,53.205742],[-6.101326,53.205596]],[[-6.101326,53.205596],[-6.101043,53.205214]],[[-6.101326,53.205596],[-6.09732,53.199366]],[[-6.101043,53.205214],[-6.100486,53.20427]],[[-6.101043,53.205214],[-6.099785,53.203199]],[[-6.100486,53.20427],[-6.099785,53.203199]],[[-6.099995,53.2688],[-6.098011,53.269595],[-6.096798,53.270565],[-6.096458,53.271476],[-6.09694,53.27276]],[[-6.099995,53.2688],[-6.097551,53.269822],[-6.096508,53.271027]],[[-6.099785,53.203199],[-6.09732,53.199366]],[[-6.099735,53.274656],[-6.099089,53.274358]],[[-6.099089,53.274358],[-6.09903,53.274339]],[[-6.099089,53.274358],[-6.09903,53.274339]],[[-6.09903,53.274339],[-6.098473,53.274043]],[[-6.09903,53.274339],[-6.098473,53.274043]],[[-6.098473,53.274043],[-6.097602,53.2734]],[[-6.098473,53.274043],[-6.097572,53.273399]],[[-6.097783,53.391456],[-6.097723,53.391455]],[[-6.097745,53.199912],[-6.09732,53.199366]],[[-6.097745,53.199912],[-6.097239,53.199167]],[[-6.097723,53.391455],[-6.09544,53.391401]],[[-6.097723,53.391455],[-6.085963,53.390817],[-6.080107,53.389986]],[[-6.097602,53.2734],[-6.097572,53.273399]],[[-6.097602,53.2734],[-6.097227,53.27307]],[[-6.097572,53.273399],[-6.097227,53.27307]],[[-6.097572,53.273399],[-6.097197,53.27307]],[[-6.09732,53.199366],[-6.096226,53.197695],[-6.094985,53.19665],[-6.092776,53.195842],[-6.088483,53.195449],[-6.08582,53.194741],[-6.080322,53.191849],[-6.079111,53.190804],[-6.078236,53.189622]],[[-6.097227,53.27307],[-6.097197,53.27307]],[[-6.097227,53.27307],[-6.09694,53.27276]],[[-6.097197,53.27307],[-6.09694,53.27276]],[[-6.097197,53.27307],[-6.096517,53.27216],[-6.096438,53.271242]],[[-6.09694,53.27276],[-6.096495,53.271998],[-6.096438,53.271242]],[[-6.096508,53.271027],[-6.096472,53.271153]],[[-6.096508,53.271027],[-6.096472,53.271153]],[[-6.096472,53.271153],[-6.096438,53.271242]],[[-6.096472,53.271153],[-6.096438,53.271242]],[[-6.09544,53.391401],[-6.091028,53.391204]],[[-6.09544,53.391401],[-6.091028,53.391204]],[[-6.091028,53.391204],[-6.085213,53.390787],[-6.079149,53.389881]],[[-6.080107,53.389986],[-6.079149,53.389881]],[[-6.080107,53.389986],[-6.078076,53.389666],[-6.079,53.389861]],[[-6.079149,53.389881],[-6.079,53.389861]],[[-6.079,53.389861],[-6.073267,53.388959]],[[-6.078236,53.189622],[-6.078155,53.189441]],[[-6.078236,53.189622],[-6.078155,53.189441]],[[-6.078155,53.189441],[-6.078043,53.189259]],[[-6.078155,53.189441],[-6.078043,53.189259]],[[-6.078043,53.189259],[-6.07722,53.186909],[-6.077066,53.18367],[-6.075628,53.181706],[-6.075274,53.178913],[-6.074275,53.176488],[-6.074682,53.174751],[-6.078079,53.171049],[-6.079169,53.168747],[-6.079188,53.166986],[-6.076493,53.158349],[-6.075697,53.156754],[-6.074614,53.155568],[-6.069938,53.152472],[-6.066412,53.148406],[-6.062818,53.145885]],[[-6.062818,53.145885],[-6.062383,53.145572]],[[-6.062818,53.145885],[-6.062383,53.145572]],[[-6.062818,53.145885],[-6.059897,53.143015]],[[-6.062383,53.145572],[-6.061204,53.144528]],[[-6.062383,53.145572],[-6.059897,53.143015]],[[-6.061204,53.144528],[-6.058919,53.141507]],[[-6.059897,53.143015],[-6.058919,53.141507]],[[-6.058919,53.141507],[-6.056734,53.138918],[-6.050086,53.132554],[-6.045118,53.124796],[-6.042684,53.119147],[-6.041056,53.106985]],[[-6.055331,52.98783],[-6.053414,52.988068]],[[-6.055331,52.98783],[-6.051077,52.988353]],[[-6.055331,52.98783],[-6.051077,52.988353]],[[-6.053414,52.988068],[-6.049992,52.988641]],[[-6.051077,52.988353],[-6.049992,52.988641]],[[-6.049992,52.988641],[-6.048241,52.989799],[-6.047732,52.991175],[-6.049115,52.994865],[-6.050254,52.999342],[-6.051205,53.006693],[-6.051567,53.01718],[-6.051349,53.018704],[-6.0502,53.022371],[-6.049705,53.025401]],[[-6.049705,53.025401],[-6.049673,53.025454]],[[-6.049705,53.025401],[-6.049673,53.025454]],[[-6.049673,53.025454],[-6.048537,53.032789],[-6.047783,53.035617],[-6.039162,53.060626],[-6.037673,53.063837],[-6.035764,53.067096],[-6.03501,53.069888],[-6.038797,53.09688],[-6.04051,53.103237],[-6.041056,53.106985]]]}}]}
